--
-- PostgreSQL database dump
--

SET statement_timeout = 0;
SET client_encoding = 'UTF8';
SET standard_conforming_strings = off;
SET check_function_bodies = false;
SET client_min_messages = warning;
SET escape_string_warning = off;

SET search_path = public, pg_catalog;

SET default_tablespace = '';

SET default_with_oids = false;

--
-- Name: address_books; Type: TABLE; Schema: public; Owner: pg_orders; Tablespace: 
--

CREATE TABLE address_books (
    id integer NOT NULL,
    address_type character varying(255),
    user_id integer NOT NULL,
    address_id integer NOT NULL
);


ALTER TABLE public.address_books OWNER TO pg_orders;

--
-- Name: address_books_id_seq; Type: SEQUENCE; Schema: public; Owner: pg_orders
--

CREATE SEQUENCE address_books_id_seq
    START WITH 1
    INCREMENT BY 1
    NO MAXVALUE
    NO MINVALUE
    CACHE 1;


ALTER TABLE public.address_books_id_seq OWNER TO pg_orders;

--
-- Name: address_books_id_seq; Type: SEQUENCE OWNED BY; Schema: public; Owner: pg_orders
--

ALTER SEQUENCE address_books_id_seq OWNED BY address_books.id;


--
-- Name: address_books_id_seq; Type: SEQUENCE SET; Schema: public; Owner: pg_orders
--

SELECT pg_catalog.setval('address_books_id_seq', 1, false);


--
-- Name: addresses; Type: TABLE; Schema: public; Owner: pg_orders; Tablespace: 
--

CREATE TABLE addresses (
    id integer NOT NULL,
    address1 character varying(255),
    address2 character varying(255),
    city character varying(255),
    state character varying(255),
    postal_code character varying(255),
    country character varying(255),
    created_at timestamp without time zone,
    updated_at timestamp without time zone
);


ALTER TABLE public.addresses OWNER TO pg_orders;

--
-- Name: addresses_id_seq; Type: SEQUENCE; Schema: public; Owner: pg_orders
--

CREATE SEQUENCE addresses_id_seq
    START WITH 1
    INCREMENT BY 1
    NO MAXVALUE
    NO MINVALUE
    CACHE 1;


ALTER TABLE public.addresses_id_seq OWNER TO pg_orders;

--
-- Name: addresses_id_seq; Type: SEQUENCE OWNED BY; Schema: public; Owner: pg_orders
--

ALTER SEQUENCE addresses_id_seq OWNED BY addresses.id;


--
-- Name: addresses_id_seq; Type: SEQUENCE SET; Schema: public; Owner: pg_orders
--

SELECT pg_catalog.setval('addresses_id_seq', 36, true);


--
-- Name: franchisee_addresses; Type: TABLE; Schema: public; Owner: pg_orders; Tablespace: 
--

CREATE TABLE franchisee_addresses (
    id integer NOT NULL,
    franchisee_id integer NOT NULL,
    address_id integer NOT NULL,
    address_type character varying(255),
    created_at timestamp without time zone,
    updated_at timestamp without time zone
);


ALTER TABLE public.franchisee_addresses OWNER TO pg_orders;

--
-- Name: franchisee_addresses_id_seq; Type: SEQUENCE; Schema: public; Owner: pg_orders
--

CREATE SEQUENCE franchisee_addresses_id_seq
    START WITH 1
    INCREMENT BY 1
    NO MAXVALUE
    NO MINVALUE
    CACHE 1;


ALTER TABLE public.franchisee_addresses_id_seq OWNER TO pg_orders;

--
-- Name: franchisee_addresses_id_seq; Type: SEQUENCE OWNED BY; Schema: public; Owner: pg_orders
--

ALTER SEQUENCE franchisee_addresses_id_seq OWNED BY franchisee_addresses.id;


--
-- Name: franchisee_addresses_id_seq; Type: SEQUENCE SET; Schema: public; Owner: pg_orders
--

SELECT pg_catalog.setval('franchisee_addresses_id_seq', 28, true);


--
-- Name: franchisee_contacts; Type: TABLE; Schema: public; Owner: pg_orders; Tablespace: 
--

CREATE TABLE franchisee_contacts (
    id integer NOT NULL,
    franchisee_id integer NOT NULL,
    user_id integer NOT NULL,
    contact_type character varying(255),
    created_at timestamp without time zone,
    updated_at timestamp without time zone
);


ALTER TABLE public.franchisee_contacts OWNER TO pg_orders;

--
-- Name: franchisee_contacts_id_seq; Type: SEQUENCE; Schema: public; Owner: pg_orders
--

CREATE SEQUENCE franchisee_contacts_id_seq
    START WITH 1
    INCREMENT BY 1
    NO MAXVALUE
    NO MINVALUE
    CACHE 1;


ALTER TABLE public.franchisee_contacts_id_seq OWNER TO pg_orders;

--
-- Name: franchisee_contacts_id_seq; Type: SEQUENCE OWNED BY; Schema: public; Owner: pg_orders
--

ALTER SEQUENCE franchisee_contacts_id_seq OWNED BY franchisee_contacts.id;


--
-- Name: franchisee_contacts_id_seq; Type: SEQUENCE SET; Schema: public; Owner: pg_orders
--

SELECT pg_catalog.setval('franchisee_contacts_id_seq', 48, true);


--
-- Name: franchisees; Type: TABLE; Schema: public; Owner: pg_orders; Tablespace: 
--

CREATE TABLE franchisees (
    id integer NOT NULL,
    franchise_name character varying(255),
    phone character varying(255),
    fax character varying(255),
    website character varying(255),
    margin_cabinets double precision,
    margin_accessoried double precision,
    margin_flooring double precision,
    job_number_prefix character varying(255),
    variance_max double precision,
    variance_min double precision,
    created_at timestamp without time zone,
    updated_at timestamp without time zone,
    credit_status character varying(32)
);


ALTER TABLE public.franchisees OWNER TO pg_orders;

--
-- Name: franchisees_id_seq; Type: SEQUENCE; Schema: public; Owner: pg_orders
--

CREATE SEQUENCE franchisees_id_seq
    START WITH 1
    INCREMENT BY 1
    NO MAXVALUE
    NO MINVALUE
    CACHE 1;


ALTER TABLE public.franchisees_id_seq OWNER TO pg_orders;

--
-- Name: franchisees_id_seq; Type: SEQUENCE OWNED BY; Schema: public; Owner: pg_orders
--

ALTER SEQUENCE franchisees_id_seq OWNED BY franchisees.id;


--
-- Name: franchisees_id_seq; Type: SEQUENCE SET; Schema: public; Owner: pg_orders
--

SELECT pg_catalog.setval('franchisees_id_seq', 28, true);


--
-- Name: item_component_properties; Type: TABLE; Schema: public; Owner: pg_orders; Tablespace: 
--

CREATE TABLE item_component_properties (
    id integer NOT NULL,
    item_component_id integer,
    property_id integer,
    qualifier character varying(255)
);


ALTER TABLE public.item_component_properties OWNER TO pg_orders;

--
-- Name: item_component_properties_id_seq; Type: SEQUENCE; Schema: public; Owner: pg_orders
--

CREATE SEQUENCE item_component_properties_id_seq
    START WITH 1
    INCREMENT BY 1
    NO MAXVALUE
    NO MINVALUE
    CACHE 1;


ALTER TABLE public.item_component_properties_id_seq OWNER TO pg_orders;

--
-- Name: item_component_properties_id_seq; Type: SEQUENCE OWNED BY; Schema: public; Owner: pg_orders
--

ALTER SEQUENCE item_component_properties_id_seq OWNED BY item_component_properties.id;


--
-- Name: item_component_properties_id_seq; Type: SEQUENCE SET; Schema: public; Owner: pg_orders
--

SELECT pg_catalog.setval('item_component_properties_id_seq', 475, true);


--
-- Name: item_components; Type: TABLE; Schema: public; Owner: pg_orders; Tablespace: 
--

CREATE TABLE item_components (
    id integer NOT NULL,
    item_id integer NOT NULL,
    component_id integer,
    quantity integer,
    type character varying(255),
    created_at timestamp without time zone,
    updated_at timestamp without time zone
);


ALTER TABLE public.item_components OWNER TO pg_orders;

--
-- Name: item_components_id_seq; Type: SEQUENCE; Schema: public; Owner: pg_orders
--

CREATE SEQUENCE item_components_id_seq
    START WITH 1
    INCREMENT BY 1
    NO MAXVALUE
    NO MINVALUE
    CACHE 1;


ALTER TABLE public.item_components_id_seq OWNER TO pg_orders;

--
-- Name: item_components_id_seq; Type: SEQUENCE OWNED BY; Schema: public; Owner: pg_orders
--

ALTER SEQUENCE item_components_id_seq OWNED BY item_components.id;


--
-- Name: item_components_id_seq; Type: SEQUENCE SET; Schema: public; Owner: pg_orders
--

SELECT pg_catalog.setval('item_components_id_seq', 441, true);


--
-- Name: item_properties; Type: TABLE; Schema: public; Owner: pg_orders; Tablespace: 
--

CREATE TABLE item_properties (
    id integer NOT NULL,
    item_id integer,
    property_id integer,
    qualifier character varying(255)
);


ALTER TABLE public.item_properties OWNER TO pg_orders;

--
-- Name: item_properties_id_seq; Type: SEQUENCE; Schema: public; Owner: pg_orders
--

CREATE SEQUENCE item_properties_id_seq
    START WITH 1
    INCREMENT BY 1
    NO MAXVALUE
    NO MINVALUE
    CACHE 1;


ALTER TABLE public.item_properties_id_seq OWNER TO pg_orders;

--
-- Name: item_properties_id_seq; Type: SEQUENCE OWNED BY; Schema: public; Owner: pg_orders
--

ALTER SEQUENCE item_properties_id_seq OWNED BY item_properties.id;


--
-- Name: item_properties_id_seq; Type: SEQUENCE SET; Schema: public; Owner: pg_orders
--

SELECT pg_catalog.setval('item_properties_id_seq', 1094, true);


--
-- Name: items; Type: TABLE; Schema: public; Owner: pg_orders; Tablespace: 
--

CREATE TABLE items (
    id integer NOT NULL,
    name character varying(255),
    description character varying(255),
    sku character varying(255),
    units character varying(255),
    dvinci_id character varying(255),
    cutrite_id character varying(255),
    created_at timestamp without time zone,
    updated_at timestamp without time zone,
    purchasing character varying(32),
    purchase_part_id character varying(255),
    type character varying(255),
    base_price double precision
);


ALTER TABLE public.items OWNER TO pg_orders;

--
-- Name: items_id_seq; Type: SEQUENCE; Schema: public; Owner: pg_orders
--

CREATE SEQUENCE items_id_seq
    START WITH 1
    INCREMENT BY 1
    NO MAXVALUE
    NO MINVALUE
    CACHE 1;


ALTER TABLE public.items_id_seq OWNER TO pg_orders;

--
-- Name: items_id_seq; Type: SEQUENCE OWNED BY; Schema: public; Owner: pg_orders
--

ALTER SEQUENCE items_id_seq OWNED BY items.id;


--
-- Name: items_id_seq; Type: SEQUENCE SET; Schema: public; Owner: pg_orders
--

SELECT pg_catalog.setval('items_id_seq', 633, true);


--
-- Name: job_item_properties; Type: TABLE; Schema: public; Owner: pg_orders; Tablespace: 
--

CREATE TABLE job_item_properties (
    id integer NOT NULL,
    job_item_id integer NOT NULL,
    ingest_id character varying(255),
    family character varying(255),
    qualifier character varying(255),
    module_names character varying(255),
    value_str character varying(255),
    created_at timestamp without time zone,
    updated_at timestamp without time zone
);


ALTER TABLE public.job_item_properties OWNER TO pg_orders;

--
-- Name: job_item_properties_id_seq; Type: SEQUENCE; Schema: public; Owner: pg_orders
--

CREATE SEQUENCE job_item_properties_id_seq
    START WITH 1
    INCREMENT BY 1
    NO MAXVALUE
    NO MINVALUE
    CACHE 1;


ALTER TABLE public.job_item_properties_id_seq OWNER TO pg_orders;

--
-- Name: job_item_properties_id_seq; Type: SEQUENCE OWNED BY; Schema: public; Owner: pg_orders
--

ALTER SEQUENCE job_item_properties_id_seq OWNED BY job_item_properties.id;


--
-- Name: job_item_properties_id_seq; Type: SEQUENCE SET; Schema: public; Owner: pg_orders
--

SELECT pg_catalog.setval('job_item_properties_id_seq', 1, true);


--
-- Name: job_items; Type: TABLE; Schema: public; Owner: pg_orders; Tablespace: 
--

CREATE TABLE job_items (
    id integer NOT NULL,
    job_id integer NOT NULL,
    item_id integer,
    ingest_id character varying(255),
    quantity double precision,
    comment character varying(255),
    created_at timestamp without time zone,
    updated_at timestamp without time zone,
    unit_price double precision,
    tracking_id integer
);


ALTER TABLE public.job_items OWNER TO pg_orders;

--
-- Name: job_items_id_seq; Type: SEQUENCE; Schema: public; Owner: pg_orders
--

CREATE SEQUENCE job_items_id_seq
    START WITH 1
    INCREMENT BY 1
    NO MAXVALUE
    NO MINVALUE
    CACHE 1;


ALTER TABLE public.job_items_id_seq OWNER TO pg_orders;

--
-- Name: job_items_id_seq; Type: SEQUENCE OWNED BY; Schema: public; Owner: pg_orders
--

ALTER SEQUENCE job_items_id_seq OWNED BY job_items.id;


--
-- Name: job_items_id_seq; Type: SEQUENCE SET; Schema: public; Owner: pg_orders
--

SELECT pg_catalog.setval('job_items_id_seq', 1, true);


--
-- Name: job_properties; Type: TABLE; Schema: public; Owner: pg_orders; Tablespace: 
--

CREATE TABLE job_properties (
    id integer NOT NULL,
    job_id integer,
    family character varying(255),
    qualifier character varying(255),
    module_names character varying(255),
    value_str character varying(255),
    created_at timestamp without time zone,
    updated_at timestamp without time zone
);


ALTER TABLE public.job_properties OWNER TO pg_orders;

--
-- Name: job_properties_id_seq; Type: SEQUENCE; Schema: public; Owner: pg_orders
--

CREATE SEQUENCE job_properties_id_seq
    START WITH 1
    INCREMENT BY 1
    NO MAXVALUE
    NO MINVALUE
    CACHE 1;


ALTER TABLE public.job_properties_id_seq OWNER TO pg_orders;

--
-- Name: job_properties_id_seq; Type: SEQUENCE OWNED BY; Schema: public; Owner: pg_orders
--

ALTER SEQUENCE job_properties_id_seq OWNED BY job_properties.id;


--
-- Name: job_properties_id_seq; Type: SEQUENCE SET; Schema: public; Owner: pg_orders
--

SELECT pg_catalog.setval('job_properties_id_seq', 1, true);


--
-- Name: jobs; Type: TABLE; Schema: public; Owner: pg_orders; Tablespace: 
--

CREATE TABLE jobs (
    id integer NOT NULL,
    franchisee_id integer NOT NULL,
    customer_id integer,
    shipping_address_id integer,
    name character varying(255),
    job_number character varying(255),
    salesperson_id integer,
    created_at timestamp without time zone,
    updated_at timestamp without time zone,
    dvinci_xml_file_name character varying(255),
    dvinci_xml_content_type character varying(255),
    dvinci_xml_file_size integer,
    dvinci_xml_updated_at timestamp without time zone,
    mfg_plant character varying(255),
    status character varying(32),
    due_date date,
    ship_date date,
    comment text
);


ALTER TABLE public.jobs OWNER TO pg_orders;

--
-- Name: jobs_id_seq; Type: SEQUENCE; Schema: public; Owner: pg_orders
--

CREATE SEQUENCE jobs_id_seq
    START WITH 1
    INCREMENT BY 1
    NO MAXVALUE
    NO MINVALUE
    CACHE 1;


ALTER TABLE public.jobs_id_seq OWNER TO pg_orders;

--
-- Name: jobs_id_seq; Type: SEQUENCE OWNED BY; Schema: public; Owner: pg_orders
--

ALTER SEQUENCE jobs_id_seq OWNED BY jobs.id;


--
-- Name: jobs_id_seq; Type: SEQUENCE SET; Schema: public; Owner: pg_orders
--

SELECT pg_catalog.setval('jobs_id_seq', 4, true);


--
-- Name: properties; Type: TABLE; Schema: public; Owner: pg_orders; Tablespace: 
--

CREATE TABLE properties (
    id integer NOT NULL,
    name character varying(255),
    family character varying(255),
    module_names character varying(255),
    created_at timestamp without time zone,
    updated_at timestamp without time zone
);


ALTER TABLE public.properties OWNER TO pg_orders;

--
-- Name: properties_id_seq; Type: SEQUENCE; Schema: public; Owner: pg_orders
--

CREATE SEQUENCE properties_id_seq
    START WITH 1
    INCREMENT BY 1
    NO MAXVALUE
    NO MINVALUE
    CACHE 1;


ALTER TABLE public.properties_id_seq OWNER TO pg_orders;

--
-- Name: properties_id_seq; Type: SEQUENCE OWNED BY; Schema: public; Owner: pg_orders
--

ALTER SEQUENCE properties_id_seq OWNED BY properties.id;


--
-- Name: properties_id_seq; Type: SEQUENCE SET; Schema: public; Owner: pg_orders
--

SELECT pg_catalog.setval('properties_id_seq', 106, true);


--
-- Name: property_value_selection; Type: TABLE; Schema: public; Owner: pg_orders; Tablespace: 
--

CREATE TABLE property_value_selection (
    property_id integer,
    property_value_id integer
);


ALTER TABLE public.property_value_selection OWNER TO pg_orders;

--
-- Name: property_values; Type: TABLE; Schema: public; Owner: pg_orders; Tablespace: 
--

CREATE TABLE property_values (
    id integer NOT NULL,
    dvinci_id character varying(255),
    name character varying(255),
    module_names character varying(255),
    value_str character varying(255),
    created_at timestamp without time zone,
    updated_at timestamp without time zone
);


ALTER TABLE public.property_values OWNER TO pg_orders;

--
-- Name: property_values_id_seq; Type: SEQUENCE; Schema: public; Owner: pg_orders
--

CREATE SEQUENCE property_values_id_seq
    START WITH 1
    INCREMENT BY 1
    NO MAXVALUE
    NO MINVALUE
    CACHE 1;


ALTER TABLE public.property_values_id_seq OWNER TO pg_orders;

--
-- Name: property_values_id_seq; Type: SEQUENCE OWNED BY; Schema: public; Owner: pg_orders
--

ALTER SEQUENCE property_values_id_seq OWNED BY property_values.id;


--
-- Name: property_values_id_seq; Type: SEQUENCE SET; Schema: public; Owner: pg_orders
--

SELECT pg_catalog.setval('property_values_id_seq', 292, true);


--
-- Name: roles; Type: TABLE; Schema: public; Owner: pg_orders; Tablespace: 
--

CREATE TABLE roles (
    id integer NOT NULL,
    name character varying(255)
);


ALTER TABLE public.roles OWNER TO pg_orders;

--
-- Name: roles_id_seq; Type: SEQUENCE; Schema: public; Owner: pg_orders
--

CREATE SEQUENCE roles_id_seq
    START WITH 1
    INCREMENT BY 1
    NO MAXVALUE
    NO MINVALUE
    CACHE 1;


ALTER TABLE public.roles_id_seq OWNER TO pg_orders;

--
-- Name: roles_id_seq; Type: SEQUENCE OWNED BY; Schema: public; Owner: pg_orders
--

ALTER SEQUENCE roles_id_seq OWNED BY roles.id;


--
-- Name: roles_id_seq; Type: SEQUENCE SET; Schema: public; Owner: pg_orders
--

SELECT pg_catalog.setval('roles_id_seq', 1, false);


--
-- Name: schema_migrations; Type: TABLE; Schema: public; Owner: pg_orders; Tablespace: 
--

CREATE TABLE schema_migrations (
    version character varying(255) NOT NULL
);


ALTER TABLE public.schema_migrations OWNER TO pg_orders;

--
-- Name: user_roles; Type: TABLE; Schema: public; Owner: pg_orders; Tablespace: 
--

CREATE TABLE user_roles (
    id integer NOT NULL,
    user_id integer,
    role_id integer,
    created_at timestamp without time zone,
    updated_at timestamp without time zone
);


ALTER TABLE public.user_roles OWNER TO pg_orders;

--
-- Name: user_roles_id_seq; Type: SEQUENCE; Schema: public; Owner: pg_orders
--

CREATE SEQUENCE user_roles_id_seq
    START WITH 1
    INCREMENT BY 1
    NO MAXVALUE
    NO MINVALUE
    CACHE 1;


ALTER TABLE public.user_roles_id_seq OWNER TO pg_orders;

--
-- Name: user_roles_id_seq; Type: SEQUENCE OWNED BY; Schema: public; Owner: pg_orders
--

ALTER SEQUENCE user_roles_id_seq OWNED BY user_roles.id;


--
-- Name: user_roles_id_seq; Type: SEQUENCE SET; Schema: public; Owner: pg_orders
--

SELECT pg_catalog.setval('user_roles_id_seq', 1, false);


--
-- Name: users; Type: TABLE; Schema: public; Owner: pg_orders; Tablespace: 
--

CREATE TABLE users (
    id integer NOT NULL,
    title character varying(255),
    first_name character varying(255),
    last_name character varying(255),
    phone character varying(255),
    phone2 character varying(255),
    fax character varying(255),
    email character varying(255) DEFAULT ''::character varying NOT NULL,
    encrypted_password character varying(128) DEFAULT ''::character varying NOT NULL,
    password_salt character varying(255) DEFAULT ''::character varying NOT NULL,
    reset_password_token character varying(255),
    remember_token character varying(255),
    remember_created_at timestamp without time zone,
    sign_in_count integer DEFAULT 0,
    current_sign_in_at timestamp without time zone,
    last_sign_in_at timestamp without time zone,
    current_sign_in_ip character varying(255),
    last_sign_in_ip character varying(255),
    created_at timestamp without time zone,
    updated_at timestamp without time zone
);


ALTER TABLE public.users OWNER TO pg_orders;

--
-- Name: users_id_seq; Type: SEQUENCE; Schema: public; Owner: pg_orders
--

CREATE SEQUENCE users_id_seq
    START WITH 1
    INCREMENT BY 1
    NO MAXVALUE
    NO MINVALUE
    CACHE 1;


ALTER TABLE public.users_id_seq OWNER TO pg_orders;

--
-- Name: users_id_seq; Type: SEQUENCE OWNED BY; Schema: public; Owner: pg_orders
--

ALTER SEQUENCE users_id_seq OWNED BY users.id;


--
-- Name: users_id_seq; Type: SEQUENCE SET; Schema: public; Owner: pg_orders
--

SELECT pg_catalog.setval('users_id_seq', 51, true);


--
-- Name: id; Type: DEFAULT; Schema: public; Owner: pg_orders
--

ALTER TABLE address_books ALTER COLUMN id SET DEFAULT nextval('address_books_id_seq'::regclass);


--
-- Name: id; Type: DEFAULT; Schema: public; Owner: pg_orders
--

ALTER TABLE addresses ALTER COLUMN id SET DEFAULT nextval('addresses_id_seq'::regclass);


--
-- Name: id; Type: DEFAULT; Schema: public; Owner: pg_orders
--

ALTER TABLE franchisee_addresses ALTER COLUMN id SET DEFAULT nextval('franchisee_addresses_id_seq'::regclass);


--
-- Name: id; Type: DEFAULT; Schema: public; Owner: pg_orders
--

ALTER TABLE franchisee_contacts ALTER COLUMN id SET DEFAULT nextval('franchisee_contacts_id_seq'::regclass);


--
-- Name: id; Type: DEFAULT; Schema: public; Owner: pg_orders
--

ALTER TABLE franchisees ALTER COLUMN id SET DEFAULT nextval('franchisees_id_seq'::regclass);


--
-- Name: id; Type: DEFAULT; Schema: public; Owner: pg_orders
--

ALTER TABLE item_component_properties ALTER COLUMN id SET DEFAULT nextval('item_component_properties_id_seq'::regclass);


--
-- Name: id; Type: DEFAULT; Schema: public; Owner: pg_orders
--

ALTER TABLE item_components ALTER COLUMN id SET DEFAULT nextval('item_components_id_seq'::regclass);


--
-- Name: id; Type: DEFAULT; Schema: public; Owner: pg_orders
--

ALTER TABLE item_properties ALTER COLUMN id SET DEFAULT nextval('item_properties_id_seq'::regclass);


--
-- Name: id; Type: DEFAULT; Schema: public; Owner: pg_orders
--

ALTER TABLE items ALTER COLUMN id SET DEFAULT nextval('items_id_seq'::regclass);


--
-- Name: id; Type: DEFAULT; Schema: public; Owner: pg_orders
--

ALTER TABLE job_item_properties ALTER COLUMN id SET DEFAULT nextval('job_item_properties_id_seq'::regclass);


--
-- Name: id; Type: DEFAULT; Schema: public; Owner: pg_orders
--

ALTER TABLE job_items ALTER COLUMN id SET DEFAULT nextval('job_items_id_seq'::regclass);


--
-- Name: id; Type: DEFAULT; Schema: public; Owner: pg_orders
--

ALTER TABLE job_properties ALTER COLUMN id SET DEFAULT nextval('job_properties_id_seq'::regclass);


--
-- Name: id; Type: DEFAULT; Schema: public; Owner: pg_orders
--

ALTER TABLE jobs ALTER COLUMN id SET DEFAULT nextval('jobs_id_seq'::regclass);


--
-- Name: id; Type: DEFAULT; Schema: public; Owner: pg_orders
--

ALTER TABLE properties ALTER COLUMN id SET DEFAULT nextval('properties_id_seq'::regclass);


--
-- Name: id; Type: DEFAULT; Schema: public; Owner: pg_orders
--

ALTER TABLE property_values ALTER COLUMN id SET DEFAULT nextval('property_values_id_seq'::regclass);


--
-- Name: id; Type: DEFAULT; Schema: public; Owner: pg_orders
--

ALTER TABLE roles ALTER COLUMN id SET DEFAULT nextval('roles_id_seq'::regclass);


--
-- Name: id; Type: DEFAULT; Schema: public; Owner: pg_orders
--

ALTER TABLE user_roles ALTER COLUMN id SET DEFAULT nextval('user_roles_id_seq'::regclass);


--
-- Name: id; Type: DEFAULT; Schema: public; Owner: pg_orders
--

ALTER TABLE users ALTER COLUMN id SET DEFAULT nextval('users_id_seq'::regclass);


--
-- Data for Name: address_books; Type: TABLE DATA; Schema: public; Owner: pg_orders
--

COPY address_books (id, address_type, user_id, address_id) FROM stdin;
\.


--
-- Data for Name: addresses; Type: TABLE DATA; Schema: public; Owner: pg_orders
--

COPY addresses (id, address1, address2, city, state, postal_code, country, created_at, updated_at) FROM stdin;
1	1927 N. Glassell St.	\N	Orange	CA	92865	USA	2011-01-01 18:53:31.700042	2011-01-01 18:53:31.700042
2	1927 N Glassell St	\N	Orange	CA	92865	USA	2011-01-01 18:53:31.715522	2011-01-01 18:53:31.715522
3	529 Lefevere Ave	\N	Kelowna	BC	V1W-5G8	Canada	2011-01-01 18:53:31.895409	2011-01-01 18:53:31.895409
4	1310 39th Ave SE Unit 2018A	\N	Puyallup	WA	98374	USA	2011-01-01 18:53:32.017075	2011-01-01 18:53:32.017075
5	17605 107th Street Court East	\N	Bonney Lake	WA	98391	USA	2011-01-01 18:53:32.020798	2011-01-01 18:53:32.020798
6	460 Business Park Circle	\N	Stoughton	WI	53589	USA	2011-01-01 18:53:32.143091	2011-01-01 18:53:32.143091
7	PO Box 383	\N	Sun Prairie	WI	53590	USA	2011-01-01 18:53:32.147003	2011-01-01 18:53:32.147003
8	11409 Snuset Hills Rd Ste. H	\N	Reston	VA	20190	USA	2011-01-01 18:53:32.367649	2011-01-01 18:53:32.367649
9	10503 - 170 Street	\N	Edmonton	AB	T5P 4W2	Canada	2011-01-01 18:53:32.493876	2011-01-01 18:53:32.493876
10	16520 Laser Dr #5	\N	Fountain Hills	AZ	85268	\N	2011-01-01 18:53:32.6184	2011-01-01 18:53:32.6184
11	9120 N 106th Pl	\N	Scottsdale	AZ	85258	\N	2011-01-01 18:53:32.622145	2011-01-01 18:53:32.622145
12	21405 N. 15th Lane	\N	Phoenix	Phoenix	85027	USA	2011-01-01 18:53:32.811953	2011-01-01 18:53:32.811953
13	1210 W. McDermott Drive Suite #104	\N	Allen	TX	75013	USA	2011-01-01 18:53:32.936512	2011-01-01 18:53:32.936512
14	1003 Cherry Lane	\N	Cedar Park	TX	78613	\N	2011-01-01 18:53:33.073376	2011-01-01 18:53:33.073376
15	744 Spirit of St. Louis Blvd Unit K	\N	Chesterfield	MO	63005	USA	2011-01-01 18:53:33.1994	2011-01-01 18:53:33.1994
16	25275 Buddle Road Suite 21	\N	Spring	TX	77380	USA	2011-01-01 18:53:33.321712	2011-01-01 18:53:33.321712
17	9830 Tanner Road Suite E	\N	Houston	TX	77041	USA	2011-01-01 18:53:33.446195	2011-01-01 18:53:33.446195
18	270 Fern Rd East	\N	Qualicum Beach	BC	V9K 1R1	Canada	2011-01-01 18:53:33.57337	2011-01-01 18:53:33.57337
19	11554 US HWY 42	\N	Union	KY	41091	USA	2011-01-01 18:53:33.698958	2011-01-01 18:53:33.698958
20	2270 Camino Vida Roble Suite A	\N	Carlsbad	CA	92011	USA	2011-01-01 18:53:33.827848	2011-01-01 18:53:33.827848
21	2077 Rosetta Road	\N	Lanark	ON	K0G 1K0	Canada	2011-01-01 18:53:33.952799	2011-01-01 18:53:33.952799
22	3425 N Indian Canyon Suite 6	\N	Palm City	CA	92262	USA	2011-01-01 18:53:34.173787	2011-01-01 18:53:34.173787
23	20914 Bake Parkway Suite # 102	\N	Lake Forest	CA	92630	USA	2011-01-01 18:53:34.30183	2011-01-01 18:53:34.30183
24	5407 Spring St.	\N	Racine	WI	53406	USA	2011-01-01 18:53:34.426632	2011-01-01 18:53:34.426632
25	4222 25th Ave NE	\N	Salem	OR	97301	USA	2011-01-01 18:53:34.59212	2011-01-01 18:53:34.59212
26	PO Box 20066	\N	Keizer	OR	97307	USA	2011-01-01 18:53:34.59657	2011-01-01 18:53:34.59657
27	11651 Central Parkway Suite 112	\N	Jacksonville	FL	32224	USA	2011-01-01 18:53:34.722903	2011-01-01 18:53:34.722903
28	8410 EL Camino Real Suite M	\N	Alascadero	CA	93422	USA	2011-01-01 18:53:34.938111	2011-01-01 18:53:34.938111
29	P.O. Box 1267	\N	Atascadero	CA	93423	USA	2011-01-01 18:53:34.942139	2011-01-01 18:53:34.942139
30	\N	\N	\N	\N	\N	\N	2011-01-01 18:53:35.06491	2011-01-01 18:53:35.06491
31	419 Haru Marigama	\N	Lethbridge	AB	T1H 5P1	Canada	2011-01-01 18:53:35.068701	2011-01-01 18:53:35.068701
32	2212 Polymer DR.	\N	Chattanooga	TN	37421	USA	2011-01-01 18:53:35.188962	2011-01-01 18:53:35.188962
33	8921 Hixson Spring RD	\N	Signal Mountain	TN	37377	USA	2011-01-01 18:53:35.193559	2011-01-01 18:53:35.193559
34	132 Trade ST	\N	Twin Falls	ID	83301	USA	2011-01-01 18:53:35.317696	2011-01-01 18:53:35.317696
35	2485 E 3700 N	\N	Twin Falls	ID	83301	USA	2011-01-01 18:53:35.321417	2011-01-01 18:53:35.321417
36	11252 Leo Lane #1600	\N	Dallas	TX	75229	USA	2011-01-01 18:53:35.441075	2011-01-01 18:53:35.441075
\.


--
-- Data for Name: franchisee_addresses; Type: TABLE DATA; Schema: public; Owner: pg_orders
--

COPY franchisee_addresses (id, franchisee_id, address_id, address_type, created_at, updated_at) FROM stdin;
1	1	1	billing	2011-01-01 18:53:31.885848	2011-01-01 18:53:31.885848
2	2	3	billing	2011-01-01 18:53:32.010456	2011-01-01 18:53:32.010456
3	3	4	billing	2011-01-01 18:53:32.136151	2011-01-01 18:53:32.136151
4	4	6	billing	2011-01-01 18:53:32.323211	2011-01-01 18:53:32.323211
5	5	8	billing	2011-01-01 18:53:32.485098	2011-01-01 18:53:32.485098
6	6	9	billing	2011-01-01 18:53:32.61163	2011-01-01 18:53:32.61163
7	7	10	billing	2011-01-01 18:53:32.80438	2011-01-01 18:53:32.80438
8	8	12	billing	2011-01-01 18:53:32.929274	2011-01-01 18:53:32.929274
9	9	13	billing	2011-01-01 18:53:33.052045	2011-01-01 18:53:33.052045
10	10	2	billing	2011-01-01 18:53:33.0668	2011-01-01 18:53:33.0668
11	11	14	billing	2011-01-01 18:53:33.191492	2011-01-01 18:53:33.191492
12	12	15	billing	2011-01-01 18:53:33.314971	2011-01-01 18:53:33.314971
13	13	16	billing	2011-01-01 18:53:33.4394	2011-01-01 18:53:33.4394
14	14	17	billing	2011-01-01 18:53:33.565495	2011-01-01 18:53:33.565495
15	15	18	billing	2011-01-01 18:53:33.690698	2011-01-01 18:53:33.690698
16	16	19	billing	2011-01-01 18:53:33.820401	2011-01-01 18:53:33.820401
17	17	20	billing	2011-01-01 18:53:33.945796	2011-01-01 18:53:33.945796
18	18	21	billing	2011-01-01 18:53:34.16459	2011-01-01 18:53:34.16459
19	19	22	billing	2011-01-01 18:53:34.294639	2011-01-01 18:53:34.294639
20	20	23	billing	2011-01-01 18:53:34.419633	2011-01-01 18:53:34.419633
21	21	24	billing	2011-01-01 18:53:34.585215	2011-01-01 18:53:34.585215
22	22	25	billing	2011-01-01 18:53:34.715604	2011-01-01 18:53:34.715604
23	23	27	billing	2011-01-01 18:53:34.904234	2011-01-01 18:53:34.904234
24	24	28	billing	2011-01-01 18:53:35.05757	2011-01-01 18:53:35.05757
25	25	30	billing	2011-01-01 18:53:35.182347	2011-01-01 18:53:35.182347
26	26	32	billing	2011-01-01 18:53:35.311241	2011-01-01 18:53:35.311241
27	27	34	billing	2011-01-01 18:53:35.434567	2011-01-01 18:53:35.434567
28	28	36	billing	2011-01-01 18:53:35.555273	2011-01-01 18:53:35.555273
\.


--
-- Data for Name: franchisee_contacts; Type: TABLE DATA; Schema: public; Owner: pg_orders
--

COPY franchisee_contacts (id, franchisee_id, user_id, contact_type, created_at, updated_at) FROM stdin;
1	1	1	primary	2011-01-01 18:53:31.872386	2011-01-01 18:53:31.872386
2	2	2	primary	2011-01-01 18:53:32.006987	2011-01-01 18:53:32.006987
3	3	3	primary	2011-01-01 18:53:32.132498	2011-01-01 18:53:32.132498
4	4	4	primary	2011-01-01 18:53:32.263172	2011-01-01 18:53:32.263172
5	5	5	primary	2011-01-01 18:53:32.481354	2011-01-01 18:53:32.481354
6	6	6	primary	2011-01-01 18:53:32.608001	2011-01-01 18:53:32.608001
7	7	7	primary	2011-01-01 18:53:32.797508	2011-01-01 18:53:32.797508
8	8	8	primary	2011-01-01 18:53:32.925521	2011-01-01 18:53:32.925521
9	9	9	primary	2011-01-01 18:53:33.048559	2011-01-01 18:53:33.048559
10	11	10	primary	2011-01-01 18:53:33.187367	2011-01-01 18:53:33.187367
11	12	11	primary	2011-01-01 18:53:33.311511	2011-01-01 18:53:33.311511
12	13	12	primary	2011-01-01 18:53:33.435805	2011-01-01 18:53:33.435805
13	14	13	primary	2011-01-01 18:53:33.561277	2011-01-01 18:53:33.561277
14	15	14	primary	2011-01-01 18:53:33.686325	2011-01-01 18:53:33.686325
15	16	15	primary	2011-01-01 18:53:33.815971	2011-01-01 18:53:33.815971
16	17	16	primary	2011-01-01 18:53:33.941539	2011-01-01 18:53:33.941539
17	18	17	primary	2011-01-01 18:53:34.15883	2011-01-01 18:53:34.15883
18	19	18	primary	2011-01-01 18:53:34.290695	2011-01-01 18:53:34.290695
19	20	19	primary	2011-01-01 18:53:34.415952	2011-01-01 18:53:34.415952
20	21	20	primary	2011-01-01 18:53:34.581491	2011-01-01 18:53:34.581491
21	22	21	primary	2011-01-01 18:53:34.710574	2011-01-01 18:53:34.710574
22	23	22	primary	2011-01-01 18:53:34.865545	2011-01-01 18:53:34.865545
23	24	23	primary	2011-01-01 18:53:35.054096	2011-01-01 18:53:35.054096
24	25	24	primary	2011-01-01 18:53:35.178886	2011-01-01 18:53:35.178886
25	26	25	primary	2011-01-01 18:53:35.307794	2011-01-01 18:53:35.307794
26	27	26	primary	2011-01-01 18:53:35.431107	2011-01-01 18:53:35.431107
27	28	27	primary	2011-01-01 18:53:35.551742	2011-01-01 18:53:35.551742
28	5	28	associate	2011-01-01 18:53:35.743284	2011-01-01 18:53:35.743284
29	4	29	associate	2011-01-01 18:53:35.89282	2011-01-01 18:53:35.89282
30	1	30	associate	2011-01-01 18:53:36.138022	2011-01-01 18:53:36.138022
31	6	31	associate	2011-01-01 18:53:36.250769	2011-01-01 18:53:36.250769
32	8	32	associate	2011-01-01 18:53:36.377876	2011-01-01 18:53:36.377876
33	9	33	associate	2011-01-01 18:53:36.491467	2011-01-01 18:53:36.491467
34	8	34	associate	2011-01-01 18:53:36.615055	2011-01-01 18:53:36.615055
35	8	35	associate	2011-01-01 18:53:36.728486	2011-01-01 18:53:36.728486
36	10	36	associate	2011-01-01 18:53:36.839427	2011-01-01 18:53:36.839427
37	10	37	associate	2011-01-01 18:53:36.951952	2011-01-01 18:53:36.951952
38	10	38	associate	2011-01-01 18:53:37.065672	2011-01-01 18:53:37.065672
39	10	39	associate	2011-01-01 18:53:37.178165	2011-01-01 18:53:37.178165
40	8	40	associate	2011-01-01 18:53:37.289963	2011-01-01 18:53:37.289963
41	11	41	associate	2011-01-01 18:53:37.401813	2011-01-01 18:53:37.401813
42	12	42	associate	2011-01-01 18:53:37.515111	2011-01-01 18:53:37.515111
43	13	43	associate	2011-01-01 18:53:37.636859	2011-01-01 18:53:37.636859
44	15	44	associate	2011-01-01 18:53:37.760241	2011-01-01 18:53:37.760241
45	20	45	associate	2011-01-01 18:53:37.979929	2011-01-01 18:53:37.979929
46	22	46	associate	2011-01-01 18:53:38.180373	2011-01-01 18:53:38.180373
47	22	47	associate	2011-01-01 18:53:38.414116	2011-01-01 18:53:38.414116
48	25	48	associate	2011-01-01 18:53:38.550799	2011-01-01 18:53:38.550799
\.


--
-- Data for Name: franchisees; Type: TABLE DATA; Schema: public; Owner: pg_orders
--

COPY franchisees (id, franchise_name, phone, fax, website, margin_cabinets, margin_accessoried, margin_flooring, job_number_prefix, variance_max, variance_min, created_at, updated_at, credit_status) FROM stdin;
1	TL of Orange CA	(714) 637-2100	(714) 637-1400	\N	\N	\N	\N	\N	\N	\N	2011-01-01 18:53:31.726499	2011-01-01 18:53:31.733728	\N
2	TL of Kelowna BC	(250) 452-9575	(250) 764-9576	\N	\N	\N	\N	\N	\N	\N	2011-01-01 18:53:31.89999	2011-01-01 18:53:31.903123	\N
3	TL of Puyallup WA	(253) 261-4253	(253) 447-4575	\N	\N	\N	\N	\N	\N	\N	2011-01-01 18:53:32.024482	2011-01-01 18:53:32.027562	\N
4	TL of Madison WI	(608) 318-1667	(608) 318-0665	\N	\N	\N	\N	\N	\N	\N	2011-01-01 18:53:32.15076	2011-01-01 18:53:32.154072	\N
5	TL of Reston VA	(703) 707-0009	(703) 889-5133	\N	\N	\N	\N	\N	\N	\N	2011-01-01 18:53:32.372543	2011-01-01 18:53:32.375861	\N
6	PG of Edmonton	(780) 444-4495	(780) 444-4344	\N	\N	\N	\N	\N	\N	\N	2011-01-01 18:53:32.499349	2011-01-01 18:53:32.503415	\N
7	TL of Scottsdale AZ	(480) 298-5200	(480) 614-9414	\N	\N	\N	\N	\N	\N	\N	2011-01-01 18:53:32.625778	2011-01-01 18:53:32.628952	\N
8	PG Corporate	(480) 483-3030	(480) 483-7895	\N	\N	\N	\N	\N	\N	\N	2011-01-01 18:53:32.816812	2011-01-01 18:53:32.820209	\N
9	TL of Allen TX	(972) 740-9944	(972) 767-4301	\N	\N	\N	\N	\N	\N	\N	2011-01-01 18:53:32.94136	2011-01-01 18:53:32.944532	\N
10	HFC Corporate	(714) 637-2100	\N	\N	\N	\N	\N	\N	\N	\N	2011-01-01 18:53:33.060145	2011-01-01 18:53:33.063327	\N
11	TL of Austin TX	(512) 918-9911	(512) 986-5892	\N	\N	\N	\N	\N	\N	\N	2011-01-01 18:53:33.077926	2011-01-01 18:53:33.080992	\N
12	TL of St Louis MO	(636) 728-0333	(314)434-1976	\N	\N	\N	\N	\N	\N	\N	2011-01-01 18:53:33.204346	2011-01-01 18:53:33.207567	\N
13	TL of North Houston TX	(281) 292-3346	(281 292-3300	\N	\N	\N	\N	\N	\N	\N	2011-01-01 18:53:33.327735	2011-01-01 18:53:33.331205	\N
14	TL of South Houston TX	(713) 996-8510	(713) 996-8511	\N	\N	\N	\N	\N	\N	\N	2011-01-01 18:53:33.450848	2011-01-01 18:53:33.454463	\N
15	TL of Vancouver Island BC	(866) 947-9427	(250)947-9428	\N	\N	\N	\N	\N	\N	\N	2011-01-01 18:53:33.578432	2011-01-01 18:53:33.581723	\N
16	TL of Northern Kentucky	(859) 866-8266	(859) 488-0079	\N	\N	\N	\N	\N	\N	\N	2011-01-01 18:53:33.705946	2011-01-01 18:53:33.710122	\N
17	TL of San Diego CA	(760) 931-1160	(760) 931-1105	\N	\N	\N	\N	\N	\N	\N	2011-01-01 18:53:33.832797	2011-01-01 18:53:33.836303	\N
18	TL of Ottawa ON	(613) 256-9898	\N	\N	\N	\N	\N	\N	\N	\N	2011-01-01 18:53:33.95761	2011-01-01 18:53:33.96089	\N
19	TL of Coachella Valley CA	(760) 320-1914	\N	\N	\N	\N	\N	\N	\N	\N	2011-01-01 18:53:34.180322	2011-01-01 18:53:34.184056	\N
20	TL of Orange County CA	(949) 297-3951	(949) 297-3953	\N	\N	\N	\N	\N	\N	\N	2011-01-01 18:53:34.307223	2011-01-01 18:53:34.310567	\N
21	TL of Southeast Wisconsin	(262) 633-8850	(262) 866-2093	\N	\N	\N	\N	\N	\N	\N	2011-01-01 18:53:34.432099	2011-01-01 18:53:34.435779	\N
22	TL of Portland OR	(503) 390-0522	\N	\N	\N	\N	\N	\N	\N	\N	2011-01-01 18:53:34.600409	2011-01-01 18:53:34.604583	\N
23	TL of Northeast Florida	(904) 645-0885	\N	\N	\N	\N	\N	\N	\N	\N	2011-01-01 18:53:34.727786	2011-01-01 18:53:34.731064	\N
24	TL of California Central Coast	(805) 462-8133	(805) 466-4642	\N	\N	\N	\N	\N	\N	\N	2011-01-01 18:53:34.945888	2011-01-01 18:53:34.949101	\N
25	TL of Southern Alberta	(403) 315-0323	(403) 257-5012	\N	\N	\N	\N	\N	\N	\N	2011-01-01 18:53:35.072395	2011-01-01 18:53:35.075509	\N
26	TL of Chattanooga TN	(423) 517-0303	(423) 517-0531	\N	\N	\N	\N	\N	\N	\N	2011-01-01 18:53:35.197485	2011-01-01 18:53:35.2006	\N
27	TL of Southern Idaho	(208) 737-4657	(208) 733-6768	\N	\N	\N	\N	\N	\N	\N	2011-01-01 18:53:35.325002	2011-01-01 18:53:35.32809	\N
28	TL of Dallas TX	(972) 247-3030	\N	\N	\N	\N	\N	\N	\N	\N	2011-01-01 18:53:35.445567	2011-01-01 18:53:35.448708	\N
\.


--
-- Data for Name: item_component_properties; Type: TABLE DATA; Schema: public; Owner: pg_orders
--

COPY item_component_properties (id, item_component_id, property_id, qualifier) FROM stdin;
2	2	9	front
3	8	9	front
221	213	9	top
222	213	9	bottom
223	213	9	front
7	16	9	front
229	218	9	front
11	21	9	front
237	237	9	top
238	237	9	bottom
239	237	9	front
15	34	9	front
240	238	9	front
241	243	9	front
244	247	9	front
21	43	9	front
22	44	9	top
23	44	9	bottom
24	44	9	front
25	45	9	front
26	46	9	front
252	252	79	\N
34	51	9	front
35	54	9	front
36	56	9	front
37	58	9	front
39	61	9	front
260	256	77	\N
261	257	79	\N
48	77	31	front
50	79	31	front
51	81	31	front
52	86	9	top
53	86	9	bottom
54	86	9	front
56	88	9	front
62	95	31	front
66	98	9	top
67	98	9	bottom
68	98	9	front
71	104	31	front
72	106	31	front
73	108	31	front
74	110	31	front
75	95	33	\N
76	98	33	\N
79	88	10	\N
294	233	66	\N
295	265	87	\N
297	267	88	\N
88	122	33	\N
89	124	33	\N
298	253	77	\N
299	255	77	\N
304	269	80	\N
305	270	80	\N
96	126	33	\N
97	127	33	\N
306	272	90	\N
307	273	91	\N
100	128	33	\N
101	129	33	\N
308	274	91	\N
309	275	92	\N
104	130	33	\N
311	289	93	\N
106	131	33	\N
312	290	94	\N
108	132	33	\N
109	132	10	\N
110	133	33	\N
111	133	10	\N
112	6	9	front
113	2	10	\N
114	1	35	\N
115	4	11	\N
116	134	50	\N
117	135	50	\N
313	283	9	front
314	282	9	top
126	86	44	\N
127	89	11	\N
128	138	9	top
129	138	9	bottom
130	138	9	front
131	138	44	\N
132	139	9	front
133	139	10	\N
315	282	9	bottom
316	282	9	front
138	8	34	\N
139	16	34	\N
140	21	34	\N
144	51	34	\N
147	58	34	\N
148	61	34	\N
152	142	33	\N
153	142	34	\N
154	95	44	\N
155	98	44	\N
324	300	95	\N
325	301	91	\N
326	302	91	\N
327	303	79	\N
160	126	44	\N
161	127	44	\N
162	127	9	front
163	127	9	front
328	306	73	\N
165	126	9	top
166	126	9	bottom
167	126	9	front
168	145	33	\N
169	145	31	front
170	145	34	\N
171	128	9	top
172	128	9	bottom
173	128	9	front
174	128	44	\N
175	129	31	front
176	129	44	\N
177	146	33	\N
178	146	31	front
179	146	34	\N
329	307	79	\N
181	130	9	top
182	130	9	bottom
183	130	9	front
184	130	44	\N
185	131	31	front
331	310	96	\N
187	131	44	\N
188	147	33	\N
189	147	31	front
332	312	73	\N
333	314	97	\N
334	315	97	\N
336	376	9	front
341	387	81	\N
343	392	97	\N
344	393	9	top
345	393	9	bottom
346	393	9	front
354	404	81	\N
357	430	81	\N
361	435	81	\N
362	436	81	\N
363	437	81	\N
365	439	97	\N
369	108	98	\N
374	79	100	\N
391	77	100	\N
392	234	51	\N
395	81	100	\N
400	213	68	\N
401	227	84	\N
404	307	103	\N
190	147	34	\N
226	217	9	top
227	217	9	bottom
194	104	34	\N
411	242	10	\N
198	151	31	front
200	152	31	front
414	237	51	\N
228	217	9	front
415	238	51	\N
416	243	51	\N
205	183	9	front
206	183	44	\N
417	247	51	\N
232	229	32	front
233	231	9	top
210	202	9	top
234	231	9	bottom
212	202	9	bottom
213	202	9	front
235	231	9	front
236	232	32	front
418	241	10	\N
218	206	9	front
246	214	10	\N
248	215	50	\N
249	251	77	\N
256	1	9	top
257	1	9	bottom
258	1	9	front
264	258	81	\N
265	259	81	\N
425	280	50	\N
428	279	50	\N
430	43	84	\N
296	266	88	\N
300	268	89	\N
303	271	79	\N
310	288	93	\N
317	277	9	top
318	277	9	bottom
319	277	9	front
321	294	93	\N
322	295	93	\N
323	296	94	\N
330	309	73	\N
335	318	9	front
338	389	97	\N
339	390	97	\N
340	386	81	\N
342	391	97	\N
347	394	9	rear
348	394	9	front
349	395	9	rear
350	395	9	front
351	396	9	rear
352	396	9	front
353	403	81	\N
358	431	81	\N
359	432	97	\N
360	433	97	\N
364	438	81	\N
366	440	97	\N
367	151	98	\N
368	152	98	\N
370	110	98	\N
433	6	34	\N
434	54	100	\N
373	106	100	\N
375	227	32	front
440	278	9	front
441	278	34	\N
443	232	84	\N
444	231	84	\N
402	151	100	\N
405	152	100	\N
406	108	100	\N
407	110	100	\N
452	209	51	\N
453	208	51	\N
455	202	36	\N
456	206	36	\N
459	207	68	\N
460	56	100	\N
461	44	36	\N
462	45	36	\N
464	441	9	front
465	441	51	\N
467	276	51	\N
468	47	68	\N
469	46	36	\N
470	376	100	\N
471	34	100	\N
472	393	51	\N
473	394	36	\N
474	395	51	\N
475	396	36	\N
\.


--
-- Data for Name: item_components; Type: TABLE DATA; Schema: public; Owner: pg_orders
--

COPY item_components (id, item_id, component_id, quantity, type, created_at, updated_at) FROM stdin;
1	550	547	2	ShellVerticalPanel	2011-01-01 22:36:44.078311	2011-01-01 22:36:44.078311
2	550	547	2	ShellHorizontalPanel	2011-01-01 22:42:55.270248	2011-01-01 22:42:55.270248
4	550	549	1	ShellBackPanel	2011-01-01 22:43:52.229562	2011-01-01 22:43:52.229562
6	537	551	1	CabinetShelf	2011-01-01 22:48:51.716784	2011-01-01 22:48:51.716784
8	538	551	1	CabinetShelf	2011-01-01 23:26:36.233991	2011-01-01 23:26:36.233991
202	622	547	2	ShellVerticalPanel	2011-01-12 15:38:34.817942	2011-01-12 15:38:34.817942
16	542	551	1	CabinetShelf	2011-01-01 23:49:48.636203	2011-01-01 23:49:48.636203
208	622	584	3	ShellHorizontalPanel	2011-01-12 16:57:06.236265	2011-01-12 16:57:06.236265
209	622	596	1	ShellHorizontalPanel	2011-01-12 17:10:41.427587	2011-01-12 17:10:41.427587
21	543	551	1	CabinetShelf	2011-01-01 23:53:47.094436	2011-01-01 23:53:47.094436
215	556	624	1	ShellBackPanel	2011-01-12 19:46:31.491018	2011-01-12 19:46:31.491018
220	557	584	3	ShellHorizontalPanel	2011-01-12 20:26:51.122614	2011-01-12 20:26:51.122614
34	514	551	5	CabinetShelf	2011-01-02 00:18:16.452983	2011-01-02 00:18:16.452983
237	626	547	2	ShellVerticalPanel	2011-01-12 22:50:04.665706	2011-01-12 22:50:04.665706
238	626	547	1	ShellHorizontalPanel	2011-01-12 22:50:34.639733	2011-01-12 22:50:34.639733
241	626	549	1	ShellBackPanel	2011-01-12 22:52:41.311925	2011-01-12 22:52:41.311925
242	626	584	2	ShellHorizontalPanel	2011-01-12 22:53:20.599387	2011-01-12 22:53:20.599387
43	508	551	3	CabinetShelf	2011-01-02 00:24:59.289507	2011-01-02 00:24:59.289507
44	552	547	2	ShellVerticalPanel	2011-01-02 00:28:51.786203	2011-01-02 00:28:51.786203
45	552	547	1	ShellVerticalPanel	2011-01-02 00:50:05.788443	2011-01-02 00:50:05.788443
46	552	547	2	ShellHorizontalPanel	2011-01-02 00:51:08.841432	2011-01-02 00:51:08.841432
47	552	549	1	ShellBackPanel	2011-01-02 00:51:45.736962	2011-01-02 00:51:45.736962
48	515	552	1	CabinetShell	2011-01-02 03:11:13.526129	2011-01-02 03:11:13.526129
51	509	551	3	CabinetShelf	2011-01-02 03:15:11.481735	2011-01-02 03:15:11.481735
54	510	551	4	CabinetShelf	2011-01-02 03:20:13.595447	2011-01-02 03:20:13.595447
56	511	551	4	CabinetShelf	2011-01-02 03:21:40.312695	2011-01-02 03:21:40.312695
57	505	550	1	CabinetShell	2011-01-02 03:24:20.964221	2011-01-02 03:24:20.964221
58	505	551	2	CabinetShelf	2011-01-02 03:24:45.09618	2011-01-02 03:24:45.09618
243	626	596	1	ShellHorizontalPanel	2011-01-12 22:54:54.662329	2011-01-12 22:54:54.662329
60	506	550	1	CabinetShell	2011-01-02 03:26:11.605244	2011-01-02 03:26:11.605244
61	506	551	2	CabinetShelf	2011-01-02 03:26:44.126529	2011-01-02 03:26:44.126529
76	264	556	1	CabinetShell	2011-01-02 16:35:52.344331	2011-01-02 16:35:52.344331
77	264	558	1	CabinetShelf	2011-01-02 16:37:28.057273	2011-01-02 16:37:28.057273
78	263	556	1	CabinetShell	2011-01-02 16:44:22.780591	2011-01-02 16:44:22.780591
79	263	558	1	CabinetShelf	2011-01-02 16:44:54.765496	2011-01-02 16:44:54.765496
80	262	556	1	CabinetShell	2011-01-02 16:48:22.773263	2011-01-02 16:48:22.773263
81	262	558	1	CabinetShelf	2011-01-02 16:48:48.636594	2011-01-02 16:48:48.636594
82	266	556	1	CabinetShell	2011-01-02 16:50:11.979589	2011-01-02 16:50:11.979589
83	265	556	1	CabinetShell	2011-01-02 16:51:33.789061	2011-01-02 16:51:33.789061
84	267	556	1	CabinetShell	2011-01-02 16:52:22.636693	2011-01-02 16:52:22.636693
85	269	556	1	CabinetShell	2011-01-02 16:57:02.298227	2011-01-02 16:57:02.298227
86	559	547	2	ShellVerticalPanel	2011-01-02 17:12:52.702806	2011-01-02 17:12:52.702806
88	559	547	2	ShellHorizontalPanel	2011-01-02 17:14:31.237989	2011-01-02 17:14:31.237989
89	559	549	1	ShellBackPanel	2011-01-02 17:14:57.477932	2011-01-02 17:14:57.477932
90	268	556	1	CabinetShell	2011-01-02 18:19:53.465867	2011-01-02 18:19:53.465867
91	270	556	1	CabinetShell	2011-01-02 18:21:03.252155	2011-01-02 18:21:03.252155
95	533	548	2	CornerCabinetHorizontalPanel	2011-01-02 18:29:57.548879	2011-01-02 18:29:57.548879
98	533	547	1	CornerCabinetVerticalPanels	2011-01-02 19:31:42.53894	2011-01-02 19:31:42.53894
101	258	556	1	CabinetShell	2011-01-02 19:35:14.167565	2011-01-02 19:35:14.167565
104	257	558	3	CabinetShelf	2011-01-02 19:37:33.059116	2011-01-02 19:37:33.059116
106	256	558	3	CabinetShelf	2011-01-02 19:38:57.582067	2011-01-02 19:38:57.582067
107	261	556	1	CabinetShell	2011-01-02 19:43:53.015413	2011-01-02 19:43:53.015413
108	261	558	1	CabinetShelf	2011-01-02 19:44:16.281384	2011-01-02 19:44:16.281384
109	260	556	1	CabinetShell	2011-01-02 19:44:58.172443	2011-01-02 19:44:58.172443
110	260	558	1	CabinetShelf	2011-01-02 19:45:19.424619	2011-01-02 19:45:19.424619
120	259	556	1	CabinetShell	2011-01-04 03:00:31.476503	2011-01-04 03:00:31.476503
122	507	547	2	CornerCabinetHorizontalPanel	2011-01-04 03:02:37.011985	2011-01-04 03:02:37.011985
124	507	547	1	CornerCabinetVerticalPanels	2011-01-04 03:03:43.456514	2011-01-04 03:03:43.456514
126	534	547	1	CornerCabinetVerticalPanels	2011-01-04 16:16:51.265433	2011-01-04 16:16:51.265433
127	534	548	2	CornerCabinetHorizontalPanel	2011-01-04 16:17:30.615712	2011-01-04 16:17:30.615712
128	535	547	1	CornerCabinetVerticalPanels	2011-01-04 16:19:05.325845	2011-01-04 16:19:05.325845
129	535	548	2	CornerCabinetHorizontalPanel	2011-01-04 16:19:27.928958	2011-01-04 16:19:27.928958
130	536	547	1	CornerCabinetVerticalPanels	2011-01-04 16:20:48.867388	2011-01-04 16:20:48.867388
131	536	548	2	CornerCabinetHorizontalPanel	2011-01-04 16:21:24.672329	2011-01-04 16:21:24.672329
132	532	547	1	CornerCabinetVerticalPanels	2011-01-04 16:25:32.778274	2011-01-04 16:25:32.778274
133	532	548	2	CornerCabinetHorizontalPanel	2011-01-04 16:26:10.412706	2011-01-04 16:26:10.412706
134	550	584	2	ShellHorizontalPanel	2011-01-06 15:21:13.911318	2011-01-06 15:21:13.911318
135	559	584	2	ShellHorizontalPanel	2011-01-06 15:22:59.006205	2011-01-06 15:22:59.006205
138	585	547	2	ShellVerticalPanel	2011-01-06 15:49:26.382906	2011-01-06 15:49:26.382906
139	585	547	2	ShellHorizontalPanel	2011-01-06 15:50:51.402839	2011-01-06 15:50:51.402839
142	533	547	1	CornerCabinetHorizontalPanel	2011-01-06 17:10:27.910403	2011-01-06 17:10:27.910403
145	534	548	2	CornerCabinetHorizontalPanel	2011-01-06 17:18:03.6875	2011-01-06 17:18:03.6875
146	535	548	3	CornerCabinetHorizontalPanel	2011-01-06 17:22:42.754811	2011-01-06 17:22:42.754811
147	536	548	4	CornerCabinetHorizontalPanel	2011-01-06 17:26:02.060251	2011-01-06 17:26:02.060251
151	259	558	1	CabinetShelf	2011-01-06 22:05:33.163721	2011-01-06 22:05:33.163721
152	258	558	1	CabinetShelf	2011-01-06 22:06:54.796317	2011-01-06 22:06:54.796317
153	588	586	1	ItemHardware	2011-01-07 00:26:49.011265	2011-01-07 00:26:49.011265
154	588	587	2	ItemHardware	2011-01-07 00:29:21.256674	2011-01-07 00:29:21.256674
206	622	547	2	ShellHorizontalPanel	2011-01-12 16:52:00.597449	2011-01-12 16:52:00.597449
207	622	549	1	ShellBackPanel	2011-01-12 16:54:35.893453	2011-01-12 16:54:35.893453
213	556	599	2	ShellVerticalPanel	2011-01-12 18:06:08.286199	2011-01-12 18:06:08.286199
214	556	584	2	ShellHorizontalPanel	2011-01-12 18:37:46.665249	2011-01-12 18:37:46.665249
216	557	624	1	ShellBackPanel	2011-01-12 20:24:47.726883	2011-01-12 20:24:47.726883
217	557	599	2	ShellVerticalPanel	2011-01-12 20:25:26.691271	2011-01-12 20:25:26.691271
218	557	599	1	ShellVerticalPanel	2011-01-12 20:25:54.307614	2011-01-12 20:25:54.307614
183	585	596	1	ShellHorizontalPanel	2011-01-07 08:24:01.537057	2011-01-07 08:24:01.537057
283	628	547	2	ShellHorizontalPanel	2011-01-13 15:59:25.316486	2011-01-13 15:59:25.316486
227	556	548	2	ShellHorizontalPanel	2011-01-12 21:44:40.874651	2011-01-12 21:44:40.874651
228	551	12	4	ItemHardware	2011-01-12 21:48:25.763656	2011-01-12 21:48:25.763656
229	557	548	2	ShellHorizontalPanel	2011-01-12 21:51:01.779792	2011-01-12 21:51:01.779792
231	625	599	2	ShellVerticalPanel	2011-01-12 21:58:49.104821	2011-01-12 21:58:49.104821
232	625	548	2	ShellHorizontalPanel	2011-01-12 21:59:12.196411	2011-01-12 21:59:12.196411
233	625	624	1	ShellBackPanel	2011-01-12 21:59:38.186911	2011-01-12 21:59:38.186911
234	625	584	3	ShellHorizontalPanel	2011-01-12 22:01:44.218139	2011-01-12 22:01:44.218139
247	626	627	2	ShellHorizontalPanel	2011-01-12 23:38:28.894115	2011-01-12 23:38:28.894115
248	558	12	4	ItemHardware	2011-01-13 03:09:52.340692	2011-01-13 03:09:52.340692
250	559	592	24	ItemHardware	2011-01-13 03:25:47.351793	2011-01-13 03:25:47.351793
251	559	595	12	ItemHardware	2011-01-13 03:31:17.874596	2011-01-13 03:31:17.874596
252	559	593	4	ItemHardware	2011-01-13 04:02:16.501316	2011-01-13 04:02:16.501316
253	559	594	12	ItemHardware	2011-01-13 04:06:20.719629	2011-01-13 04:06:20.719629
254	550	592	24	ItemHardware	2011-01-13 04:22:41.744457	2011-01-13 04:22:41.744457
255	550	594	12	ItemHardware	2011-01-13 04:23:41.624749	2011-01-13 04:23:41.624749
256	550	595	12	ItemHardware	2011-01-13 04:24:28.433046	2011-01-13 04:24:28.433046
257	550	593	4	ItemHardware	2011-01-13 04:26:04.05066	2011-01-13 04:26:04.05066
258	505	6	2	ItemHardware	2011-01-13 04:31:08.022229	2011-01-13 04:31:08.022229
259	505	199	2	ItemHardware	2011-01-13 04:31:49.845437	2011-01-13 04:31:49.845437
260	256	625	1	CabinetShell	2011-01-13 04:46:28.72061	2011-01-13 04:46:28.72061
261	585	204	2	ItemHardware	2011-01-13 14:03:24.745087	2011-01-13 14:03:24.745087
262	585	203	2	ItemHardware	2011-01-13 14:03:54.593369	2011-01-13 14:03:54.593369
263	585	206	8	ItemHardware	2011-01-13 14:04:36.506253	2011-01-13 14:04:36.506253
264	585	205	8	ItemHardware	2011-01-13 14:05:03.75807	2011-01-13 14:05:03.75807
265	585	592	16	ItemHardware	2011-01-13 14:06:05.457326	2011-01-13 14:06:05.457326
266	585	594	8	ItemHardware	2011-01-13 14:07:24.73477	2011-01-13 14:07:24.73477
267	585	595	8	ItemHardware	2011-01-13 14:08:24.092304	2011-01-13 14:08:24.092304
268	626	592	30	ItemHardware	2011-01-13 14:35:44.391633	2011-01-13 14:35:44.391633
269	626	594	12	ItemHardware	2011-01-13 14:37:18.92828	2011-01-13 14:37:18.92828
270	626	595	12	ItemHardware	2011-01-13 14:38:07.454086	2011-01-13 14:38:07.454086
271	626	593	4	ItemHardware	2011-01-13 14:39:41.190265	2011-01-13 14:39:41.190265
272	552	592	36	ItemHardware	2011-01-13 14:53:34.487364	2011-01-13 14:53:34.487364
273	552	594	14	ItemHardware	2011-01-13 15:16:44.880704	2011-01-13 15:16:44.880704
274	552	595	14	ItemHardware	2011-01-13 15:17:52.789763	2011-01-13 15:17:52.789763
275	552	593	7	ItemHardware	2011-01-13 15:22:53.961158	2011-01-13 15:22:53.961158
276	552	584	3	ShellHorizontalPanel	2011-01-13 15:28:04.594453	2011-01-13 15:28:04.594453
277	629	547	2	ShellVerticalPanel	2011-01-13 15:49:04.069796	2011-01-13 15:49:04.069796
278	629	547	2	ShellHorizontalPanel	2011-01-13 15:49:58.575455	2011-01-13 15:49:58.575455
279	629	584	3	ShellHorizontalPanel	2011-01-13 15:50:33.912836	2011-01-13 15:50:33.912836
280	629	549	1	ShellBackPanel	2011-01-13 15:51:08.327861	2011-01-13 15:51:08.327861
281	629	592	20	ItemHardware	2011-01-13 15:53:30.47899	2011-01-13 15:53:30.47899
282	628	547	2	ShellVerticalPanel	2011-01-13 15:59:06.979395	2011-01-13 15:59:06.979395
284	628	584	3	ShellHorizontalPanel	2011-01-13 15:59:46.196244	2011-01-13 15:59:46.196244
286	628	549	1	ShellBackPanel	2011-01-13 16:00:23.197965	2011-01-13 16:00:23.197965
287	628	592	24	ItemHardware	2011-01-13 16:01:40.769112	2011-01-13 16:01:40.769112
288	628	594	10	ItemHardware	2011-01-13 16:04:59.763817	2011-01-13 16:04:59.763817
289	628	595	10	ItemHardware	2011-01-13 16:12:09.339848	2011-01-13 16:12:09.339848
290	628	593	2	ItemHardware	2011-01-13 16:14:53.99968	2011-01-13 16:14:53.99968
291	628	236	4	ItemHardware	2011-01-13 16:17:00.77384	2011-01-13 16:17:00.77384
292	628	237	4	ItemHardware	2011-01-13 16:17:24.977942	2011-01-13 16:17:24.977942
293	628	155	4	ItemHardware	2011-01-13 16:17:50.8866	2011-01-13 16:17:50.8866
294	629	594	10	ItemHardware	2011-01-13 16:22:54.976027	2011-01-13 16:22:54.976027
295	629	595	10	ItemHardware	2011-01-13 16:23:30.636303	2011-01-13 16:23:30.636303
296	629	593	2	ItemHardware	2011-01-13 16:24:18.918134	2011-01-13 16:24:18.918134
297	629	236	4	ItemHardware	2011-01-13 16:24:58.393399	2011-01-13 16:24:58.393399
298	629	237	4	ItemHardware	2011-01-13 16:25:16.334379	2011-01-13 16:25:16.334379
299	629	155	4	ItemHardware	2011-01-13 16:26:14.639801	2011-01-13 16:26:14.639801
300	622	592	34	ItemHardware	2011-01-13 16:32:18.552455	2011-01-13 16:32:18.552455
301	622	594	14	ItemHardware	2011-01-13 16:33:55.839091	2011-01-13 16:33:55.839091
302	622	595	14	ItemHardware	2011-01-13 16:34:28.397775	2011-01-13 16:34:28.397775
303	622	593	4	ItemHardware	2011-01-13 16:35:18.680035	2011-01-13 16:35:18.680035
304	537	626	1	CabinetShell	2011-01-13 16:40:32.04598	2011-01-13 16:40:32.04598
305	556	592	16	ItemHardware	2011-01-13 16:48:08.651611	2011-01-13 16:48:08.651611
306	556	9	8	ItemHardware	2011-01-13 16:49:48.816221	2011-01-13 16:49:48.816221
307	556	593	4	ItemHardware	2011-01-13 16:52:57.391637	2011-01-13 16:52:57.391637
308	625	592	20	ItemHardware	2011-01-13 16:55:49.50107	2011-01-13 16:55:49.50107
309	625	9	8	ItemHardware	2011-01-13 16:57:32.976795	2011-01-13 16:57:32.976795
310	625	593	6	ItemHardware	2011-01-13 17:00:13.990664	2011-01-13 17:00:13.990664
311	557	592	20	ItemHardware	2011-01-13 17:03:31.817242	2011-01-13 17:03:31.817242
312	557	9	8	ItemHardware	2011-01-13 17:04:08.622439	2011-01-13 17:04:08.622439
313	557	593	15	ItemHardware	2011-01-13 17:04:54.086222	2011-01-13 17:04:54.086222
314	256	199	4	ItemHardware	2011-01-13 17:22:47.587938	2011-01-13 17:22:47.587938
315	256	6	4	ItemHardware	2011-01-13 17:23:27.208316	2011-01-13 17:23:27.208316
316	531	585	1	CabinetShell	2011-01-13 17:31:26.39831	2011-01-13 17:31:26.39831
317	630	559	1	CabinetShell	2011-01-13 17:45:24.770037	2011-01-13 17:45:24.770037
318	630	551	1	CabinetShelf	2011-01-13 17:46:09.479236	2011-01-13 17:46:09.479236
319	537	6	2	ItemHardware	2011-01-13 17:55:55.315896	2011-01-13 17:55:55.315896
320	537	199	2	ItemHardware	2011-01-13 17:56:48.17356	2011-01-13 17:56:48.17356
328	538	626	1	CabinetShell	2011-01-13 18:13:41.586533	2011-01-13 18:13:41.586533
329	538	6	2	ItemHardware	2011-01-13 18:14:07.338918	2011-01-13 18:14:07.338918
331	538	199	2	ItemHardware	2011-01-13 18:14:48.894305	2011-01-13 18:14:48.894305
332	538	631	2	ItemHardware	2011-01-13 18:15:10.268158	2011-01-13 18:15:10.268158
333	538	13	6	ItemHardware	2011-01-13 18:15:32.710684	2011-01-13 18:15:32.710684
334	538	201	4	ItemHardware	2011-01-13 18:15:56.033084	2011-01-13 18:15:56.033084
335	542	626	1	CabinetShell	2011-01-13 18:17:57.954608	2011-01-13 18:17:57.954608
338	542	6	4	ItemHardware	2011-01-13 18:19:21.410214	2011-01-13 18:19:21.410214
341	543	6	4	ItemHardware	2011-01-13 18:21:58.072902	2011-01-13 18:21:58.072902
342	543	199	4	ItemHardware	2011-01-13 18:22:23.823014	2011-01-13 18:22:23.823014
343	543	13	12	ItemHardware	2011-01-13 18:22:54.032955	2011-01-13 18:22:54.032955
344	543	201	8	ItemHardware	2011-01-13 18:23:26.893056	2011-01-13 18:23:26.893056
347	540	631	8	ItemHardware	2011-01-13 18:27:04.376875	2011-01-13 18:27:04.376875
339	542	199	4	ItemHardware	2011-01-13 18:19:42.795503	2011-01-13 18:19:42.795503
340	543	626	1	CabinetShell	2011-01-13 18:21:15.522838	2011-01-13 18:21:15.522838
345	543	631	4	ItemHardware	2011-01-13 18:23:44.233018	2011-01-13 18:23:44.233018
346	540	626	1	CabinetShell	2011-01-13 18:25:16.697739	2011-01-13 18:25:16.697739
348	540	13	12	ItemHardware	2011-01-13 18:27:33.262361	2011-01-13 18:27:33.262361
349	540	201	8	ItemHardware	2011-01-13 18:27:51.091138	2011-01-13 18:27:51.091138
350	544	626	1	CabinetShell	2011-01-13 18:30:01.909447	2011-01-13 18:30:01.909447
351	544	631	8	ItemHardware	2011-01-13 18:30:33.269932	2011-01-13 18:30:33.269932
352	544	13	12	ItemHardware	2011-01-13 18:30:53.785724	2011-01-13 18:30:53.785724
353	544	201	8	ItemHardware	2011-01-13 18:31:28.023026	2011-01-13 18:31:28.023026
354	545	626	1	CabinetShell	2011-01-13 18:38:42.380054	2011-01-13 18:38:42.380054
355	545	631	8	ItemHardware	2011-01-13 18:39:13.718925	2011-01-13 18:39:13.718925
356	545	13	18	ItemHardware	2011-01-13 18:39:44.282055	2011-01-13 18:39:44.282055
357	545	201	12	ItemHardware	2011-01-13 18:40:03.507854	2011-01-13 18:40:03.507854
358	539	626	1	CabinetShell	2011-01-13 18:58:14.251841	2011-01-13 18:58:14.251841
359	539	631	8	ItemHardware	2011-01-13 19:00:23.969657	2011-01-13 19:00:23.969657
360	539	13	18	ItemHardware	2011-01-13 19:04:45.809203	2011-01-13 19:04:45.809203
361	539	201	12	ItemHardware	2011-01-13 19:05:06.347352	2011-01-13 19:05:06.347352
362	188	626	1	CabinetShell	2011-01-13 19:06:18.703415	2011-01-13 19:06:18.703415
363	188	631	6	ItemHardware	2011-01-13 19:06:39.494181	2011-01-13 19:06:39.494181
364	188	13	18	ItemHardware	2011-01-13 19:07:16.084395	2011-01-13 19:07:16.084395
365	188	201	12	ItemHardware	2011-01-13 19:07:52.997153	2011-01-13 19:07:52.997153
366	546	626	1	CabinetShell	2011-01-13 19:10:20.719463	2011-01-13 19:10:20.719463
368	546	631	8	ItemHardware	2011-01-13 19:11:29.43407	2011-01-13 19:11:29.43407
369	546	13	24	ItemHardware	2011-01-13 19:11:49.672789	2011-01-13 19:11:49.672789
370	546	201	16	ItemHardware	2011-01-13 19:12:17.0727	2011-01-13 19:12:17.0727
371	541	626	1	CabinetShell	2011-01-13 19:13:29.84474	2011-01-13 19:13:29.84474
372	541	631	8	ItemHardware	2011-01-13 19:14:07.631628	2011-01-13 19:14:07.631628
373	541	13	24	ItemHardware	2011-01-13 19:14:38.095145	2011-01-13 19:14:38.095145
374	541	201	16	ItemHardware	2011-01-13 19:15:07.013676	2011-01-13 19:15:07.013676
375	514	622	1	CabinetShell	2011-01-13 19:16:39.469286	2011-01-13 19:16:39.469286
376	515	551	5	CabinetShelf	2011-01-13 19:22:52.37172	2011-01-13 19:22:52.37172
377	515	109	20	ItemHardware	2011-01-13 19:24:18.260295	2011-01-13 19:24:18.260295
378	508	629	1	CabinetShell	2011-01-13 19:26:32.355736	2011-01-13 19:26:32.355736
379	508	6	2	ItemHardware	2011-01-13 19:27:02.889951	2011-01-13 19:27:02.889951
380	508	199	2	ItemHardware	2011-01-13 19:27:32.703509	2011-01-13 19:27:32.703509
381	509	628	1	CabinetShell	2011-01-13 19:28:49.184465	2011-01-13 19:28:49.184465
382	509	109	8	ItemHardware	2011-01-13 19:29:16.116746	2011-01-13 19:29:16.116746
383	509	6	4	ItemHardware	2011-01-13 19:29:31.58224	2011-01-13 19:29:31.58224
384	509	199	4	ItemHardware	2011-01-13 19:29:46.50087	2011-01-13 19:29:46.50087
385	510	622	1	CabinetShell	2011-01-13 19:37:26.373945	2011-01-13 19:37:26.373945
386	510	6	4	ItemHardware	2011-01-13 19:37:44.965746	2011-01-13 19:37:44.965746
387	510	199	4	ItemHardware	2011-01-13 19:37:59.950599	2011-01-13 19:37:59.950599
388	511	622	1	CabinetShell	2011-01-13 19:39:23.172954	2011-01-13 19:39:23.172954
389	511	6	8	ItemHardware	2011-01-13 19:39:42.644026	2011-01-13 19:39:42.644026
390	511	199	8	ItemHardware	2011-01-13 19:41:16.778122	2011-01-13 19:41:16.778122
391	506	6	4	ItemHardware	2011-01-13 19:44:40.127495	2011-01-13 19:44:40.127495
392	506	199	4	ItemHardware	2011-01-13 19:46:19.724364	2011-01-13 19:46:19.724364
393	632	547	2	ShellVerticalPanel	2011-01-13 19:50:30.073338	2011-01-13 19:50:30.073338
394	632	547	2	ShellHorizontalPanel	2011-01-13 19:51:32.536855	2011-01-13 19:51:32.536855
395	632	596	1	ShellHorizontalPanel	2011-01-13 19:54:00.598083	2011-01-13 19:54:00.598083
396	632	633	2	ShellHorizontalPanel	2011-01-13 19:59:03.208203	2011-01-13 19:59:03.208203
397	632	592	24	ItemHardware	2011-01-13 20:00:23.822671	2011-01-13 20:00:23.822671
398	632	594	19	ItemHardware	2011-01-13 20:01:16.973524	2011-01-13 20:01:16.973524
399	632	595	19	ItemHardware	2011-01-13 20:01:40.889052	2011-01-13 20:01:40.889052
400	512	632	1	CabinetShell	2011-01-13 20:03:25.155795	2011-01-13 20:03:25.155795
402	513	632	1	CabinetShell	2011-01-13 20:06:32.233725	2011-01-13 20:06:32.233725
403	263	6	2	ItemHardware	2011-01-13 20:08:04.27458	2011-01-13 20:08:04.27458
404	263	199	2	ItemHardware	2011-01-13 20:08:29.634726	2011-01-13 20:08:29.634726
405	264	6	2	ItemHardware	2011-01-13 20:09:26.652058	2011-01-13 20:09:26.652058
406	264	199	2	ItemHardware	2011-01-13 20:09:40.346826	2011-01-13 20:09:40.346826
407	264	631	2	ItemHardware	2011-01-13 20:09:59.090909	2011-01-13 20:09:59.090909
408	264	13	6	ItemHardware	2011-01-13 20:10:25.704351	2011-01-13 20:10:25.704351
409	264	201	4	ItemHardware	2011-01-13 20:10:46.671245	2011-01-13 20:10:46.671245
410	262	6	4	ItemHardware	2011-01-13 20:12:15.385895	2011-01-13 20:12:15.385895
411	262	199	4	ItemHardware	2011-01-13 20:12:36.523271	2011-01-13 20:12:36.523271
412	266	631	8	ItemHardware	2011-01-13 20:13:28.289314	2011-01-13 20:13:28.289314
413	266	13	12	ItemHardware	2011-01-13 20:14:01.697518	2011-01-13 20:14:01.697518
414	266	201	8	ItemHardware	2011-01-13 20:14:19.069914	2011-01-13 20:14:19.069914
415	265	631	8	ItemHardware	2011-01-13 20:15:53.104587	2011-01-13 20:15:53.104587
416	265	13	12	ItemHardware	2011-01-13 20:16:11.458035	2011-01-13 20:16:11.458035
417	265	201	8	ItemHardware	2011-01-13 20:16:31.052869	2011-01-13 20:16:31.052869
418	267	631	8	ItemHardware	2011-01-13 20:17:41.215134	2011-01-13 20:17:41.215134
419	267	13	18	ItemHardware	2011-01-13 20:18:49.909267	2011-01-13 20:18:49.909267
420	267	201	12	ItemHardware	2011-01-13 20:19:06.902697	2011-01-13 20:19:06.902697
421	269	631	10	ItemHardware	2011-01-13 20:20:26.48659	2011-01-13 20:20:26.48659
422	269	13	24	ItemHardware	2011-01-13 20:20:51.72488	2011-01-13 20:20:51.72488
423	269	201	16	ItemHardware	2011-01-13 20:21:07.694778	2011-01-13 20:21:07.694778
424	268	631	8	ItemHardware	2011-01-13 20:21:59.434102	2011-01-13 20:21:59.434102
425	268	13	24	ItemHardware	2011-01-13 20:22:16.781909	2011-01-13 20:22:16.781909
426	268	201	16	ItemHardware	2011-01-13 20:22:34.365795	2011-01-13 20:22:34.365795
427	270	631	10	ItemHardware	2011-01-13 20:23:23.220157	2011-01-13 20:23:23.220157
428	270	13	30	ItemHardware	2011-01-13 20:23:38.584023	2011-01-13 20:23:38.584023
429	270	201	20	ItemHardware	2011-01-13 20:23:55.891173	2011-01-13 20:23:55.891173
430	259	6	2	ItemHardware	2011-01-13 20:25:26.676253	2011-01-13 20:25:26.676253
431	259	199	2	ItemHardware	2011-01-13 20:25:46.57727	2011-01-13 20:25:46.57727
432	258	6	4	ItemHardware	2011-01-13 20:27:03.010439	2011-01-13 20:27:03.010439
433	258	199	4	ItemHardware	2011-01-13 20:27:35.769088	2011-01-13 20:27:35.769088
434	257	625	1	CabinetShell	2011-01-13 20:30:52.416158	2011-01-13 20:30:52.416158
435	257	6	4	ItemHardware	2011-01-13 20:31:31.408117	2011-01-13 20:31:31.408117
436	257	199	4	ItemHardware	2011-01-13 20:31:55.61673	2011-01-13 20:31:55.61673
437	261	6	2	ItemHardware	2011-01-13 20:33:33.904374	2011-01-13 20:33:33.904374
438	261	199	2	ItemHardware	2011-01-13 20:33:58.932766	2011-01-13 20:33:58.932766
439	260	6	4	ItemHardware	2011-01-13 20:35:18.913185	2011-01-13 20:35:18.913185
440	260	199	4	ItemHardware	2011-01-13 20:37:33.412513	2011-01-13 20:37:33.412513
441	552	596	1	ShellHorizontalPanel	2011-01-14 19:42:29.500731	2011-01-14 19:42:29.500731
\.


--
-- Data for Name: item_properties; Type: TABLE DATA; Schema: public; Owner: pg_orders
--

COPY item_properties (id, item_id, property_id, qualifier) FROM stdin;
515	45	6	\N
763	499	49	front
1007	617	6	\N
1008	613	6	\N
775	36	44	\N
1015	614	9	rear
1016	614	9	top
1017	614	9	bottom
1020	14	74	\N
1021	614	44	\N
1023	48	9	right
1025	602	74	\N
1028	20	9	front
795	246	56	\N
797	248	56	\N
798	249	56	\N
801	252	56	\N
1037	105	65	\N
804	254	56	\N
1041	155	65	\N
814	596	6	\N
1042	236	65	\N
1045	240	65	\N
1047	239	65	\N
1049	604	65	\N
827	500	48	\N
830	43	8	\N
1050	99	65	\N
1054	103	65	\N
1055	101	65	\N
516	45	9	front
518	44	6	\N
522	229	9	front
523	229	9	left
524	229	9	right
1058	19	32	left
528	47	9	front
529	47	9	left
530	47	9	right
531	47	11	\N
532	46	6	\N
537	230	6	\N
542	230	34	\N
1059	19	32	right
1060	19	32	front
1061	19	75	\N
561	42	6	\N
1062	205	65	\N
566	40	6	\N
571	245	6	\N
572	245	9	front
573	245	9	top
574	245	9	bottom
577	246	9	front
578	246	9	top
579	246	9	bottom
582	244	9	front
583	244	9	top
584	244	9	bottom
1064	21	75	\N
1067	201	65	\N
592	249	9	front
593	249	9	top
594	249	9	bottom
597	247	9	front
598	247	9	top
599	247	9	bottom
607	252	9	front
608	252	9	top
609	252	9	bottom
1070	217	65	\N
1071	605	65	\N
1072	608	78	\N
621	255	6	\N
1073	633	6	\N
627	253	9	front
628	253	9	top
629	253	9	bottom
1074	633	58	\N
631	48	6	\N
632	48	9	front
633	48	9	left
635	35	6	\N
640	36	6	\N
645	34	6	\N
651	39	9	front
652	39	9	top
653	39	9	bottom
655	37	6	\N
661	38	6	\N
662	38	9	front
663	38	9	top
664	38	9	bottom
1076	516	99	\N
691	18	6	\N
692	520	45	\N
698	527	45	\N
700	525	45	\N
709	232	45	\N
710	233	45	\N
711	231	45	\N
713	231	21	\N
714	233	15	\N
861	179	65	\N
726	562	7	\N
757	503	48	\N
761	503	50	\N
762	499	48	\N
862	63	65	\N
863	64	65	\N
870	56	65	\N
871	50	65	\N
872	54	65	\N
874	51	65	\N
875	55	65	\N
876	58	65	\N
877	52	65	\N
878	122	65	\N
887	116	65	\N
897	37	44	\N
898	80	65	\N
906	128	65	\N
909	114	65	\N
912	75	65	\N
914	150	65	\N
915	150	65	\N
916	132	65	\N
917	624	67	\N
918	126	65	\N
921	96	65	\N
925	153	65	\N
926	135	65	\N
935	147	65	\N
936	129	65	\N
938	115	65	\N
941	76	65	\N
954	154	65	\N
995	244	56	\N
997	250	56	\N
1003	617	9	bottom
1004	617	9	top
1009	613	9	left
519	44	9	front
1010	613	9	bottom
521	229	6	\N
525	229	11	\N
527	47	6	\N
533	46	9	front
534	46	9	left
535	46	9	right
536	46	11	\N
538	230	9	left
539	230	9	right
540	230	9	top
541	230	9	bottom
543	553	9	front
544	553	9	top
545	553	9	bottom
547	554	9	front
548	554	9	top
549	554	9	bottom
551	555	9	front
552	555	9	top
553	555	9	bottom
1011	613	9	top
556	41	6	\N
557	41	9	front
558	41	9	top
559	41	9	bottom
1012	613	9	right
562	42	9	front
563	42	9	top
564	42	9	bottom
567	40	9	front
568	40	9	top
569	40	9	bottom
1018	617	44	\N
1019	613	44	\N
576	246	6	\N
1022	603	74	\N
673	198	37	\N
678	195	41	\N
679	195	39	\N
681	196	39	\N
682	197	43	\N
683	197	39	\N
1024	15	74	\N
1029	600	65	\N
1030	204	65	\N
1031	203	65	\N
1032	20	46	\N
693	518	45	\N
694	528	45	\N
695	519	45	\N
696	529	45	\N
697	517	45	\N
699	521	45	\N
701	523	45	\N
702	524	45	\N
703	522	45	\N
704	526	45	\N
705	526	15	\N
707	526	25	\N
708	234	45	\N
712	235	45	\N
715	530	45	\N
721	19	46	\N
728	563	6	\N
731	43	12	\N
1035	21	46	\N
734	516	6	\N
746	162	11	\N
811	584	57	\N
812	584	58	\N
815	596	59	\N
1036	104	65	\N
831	157	1	\N
1038	590	65	\N
1039	107	65	\N
760	503	49	right
1040	156	65	\N
1043	238	65	\N
1044	241	65	\N
1046	607	65	\N
1048	237	65	\N
1051	100	65	\N
1052	98	65	\N
1053	591	65	\N
864	62	65	\N
1063	227	51	\N
869	53	65	\N
873	57	65	\N
881	92	65	\N
885	131	65	\N
888	86	65	\N
889	95	65	\N
890	77	65	\N
891	143	65	\N
892	152	65	\N
894	34	44	\N
895	119	65	\N
899	38	44	\N
900	39	44	\N
913	141	65	\N
920	87	65	\N
922	78	65	\N
923	144	65	\N
927	120	65	\N
928	111	65	\N
1065	21	32	front
931	90	65	\N
932	553	69	\N
939	85	65	\N
940	94	65	\N
942	142	65	\N
1066	9	65	\N
944	151	65	\N
945	133	65	\N
946	127	65	\N
1068	592	65	\N
948	118	65	\N
961	73	65	\N
962	139	65	\N
963	148	65	\N
964	130	65	\N
1075	158	99	\N
966	60	65	\N
967	61	65	\N
968	48	11	\N
969	59	65	\N
970	159	65	\N
971	160	65	\N
972	161	65	\N
974	66	65	\N
975	67	65	\N
976	65	65	\N
977	183	65	\N
978	180	65	\N
979	177	65	\N
980	184	65	\N
982	181	65	\N
983	178	65	\N
984	185	65	\N
985	563	70	\N
986	182	65	\N
991	223	72	\N
992	222	71	\N
993	224	71	\N
994	225	71	\N
996	247	56	\N
998	253	56	\N
999	627	58	\N
1000	627	6	\N
1085	511	106	\N
1086	501	48	\N
1089	502	50	\N
1090	500	50	\N
1091	501	49	front
1092	501	49	right
1093	501	50	\N
1094	499	50	\N
1013	614	6	\N
581	244	6	\N
586	248	6	\N
587	248	9	front
588	248	9	top
589	248	9	bottom
591	249	6	\N
1014	614	9	front
596	247	6	\N
601	251	6	\N
602	251	9	front
603	251	9	top
604	251	9	bottom
606	252	6	\N
611	250	6	\N
612	250	9	front
613	250	9	top
614	250	9	bottom
616	254	6	\N
617	254	9	front
618	254	9	top
619	254	9	bottom
622	255	9	front
623	255	9	top
624	255	9	bottom
626	253	6	\N
636	35	9	front
637	35	9	top
638	35	9	bottom
641	36	9	front
774	35	44	\N
789	554	56	\N
790	555	54	\N
791	41	56	\N
792	42	56	\N
642	36	9	top
643	36	9	bottom
646	34	9	front
647	34	9	top
648	34	9	bottom
650	39	6	\N
656	37	9	front
657	37	9	top
658	37	9	bottom
794	245	56	\N
668	20	6	\N
669	158	9	left
670	158	9	right
671	158	9	top
672	158	9	bottom
800	251	56	\N
675	198	39	\N
676	194	40	\N
677	194	39	\N
680	196	42	\N
444	547	6	\N
445	227	6	\N
446	548	7	\N
447	549	8	\N
448	551	6	\N
722	18	9	front
723	18	9	left
451	227	9	front
453	528	13	\N
454	523	13	\N
455	232	13	\N
456	518	13	\N
457	524	15	\N
458	529	15	\N
459	235	15	\N
460	521	15	\N
805	255	56	\N
462	519	15	\N
463	527	21	\N
465	517	21	\N
466	522	21	\N
467	530	23	\N
468	525	23	\N
469	234	23	\N
470	520	23	\N
471	555	6	\N
472	553	6	\N
473	554	6	\N
724	18	9	right
725	18	46	\N
477	527	24	\N
478	530	24	\N
479	529	24	\N
480	528	24	\N
481	231	25	\N
482	517	25	\N
483	235	25	\N
484	521	25	\N
485	234	25	\N
486	520	25	\N
487	232	25	\N
488	518	25	\N
489	233	25	\N
490	519	25	\N
491	524	26	\N
492	525	26	\N
493	522	26	\N
494	523	26	\N
495	524	29	\N
496	527	29	\N
497	530	29	\N
498	231	29	\N
499	517	29	\N
500	529	29	\N
501	235	29	\N
502	521	29	\N
503	525	29	\N
504	522	29	\N
505	234	29	\N
506	520	29	\N
507	528	29	\N
508	523	29	\N
509	232	29	\N
510	518	29	\N
511	233	29	\N
512	519	29	\N
514	158	6	\N
735	516	9	left
736	516	9	right
737	516	9	top
738	516	9	bottom
741	162	6	\N
742	162	9	left
743	162	9	right
744	162	9	top
745	162	9	bottom
813	558	7	\N
818	598	7	\N
819	599	60	\N
822	502	48	\N
824	502	49	front
825	502	49	left
826	502	49	right
828	500	49	front
829	500	49	left
858	45	62	\N
879	113	65	\N
880	83	65	\N
882	74	65	\N
883	140	65	\N
884	149	65	\N
886	125	65	\N
893	134	65	\N
896	110	65	\N
901	89	65	\N
902	71	65	\N
903	137	65	\N
904	146	65	\N
907	40	56	\N
908	123	65	\N
910	84	65	\N
911	93	65	\N
919	117	65	\N
930	81	65	\N
933	72	65	\N
934	138	65	\N
937	124	65	\N
949	88	65	\N
950	97	65	\N
951	79	65	\N
952	145	65	\N
955	136	65	\N
956	44	34	\N
957	121	65	\N
958	112	65	\N
959	82	65	\N
960	91	65	\N
\.


--
-- Data for Name: items; Type: TABLE DATA; Schema: public; Owner: pg_orders
--

COPY items (id, name, description, sku, units, dvinci_id, cutrite_id, created_at, updated_at, purchasing, purchase_part_id, type, base_price) FROM stdin;
626	ZZ HO Base Cabinet Shell DON'T DELETE			\N			2011-01-12 22:49:22.538239	2011-01-12 22:49:22.538239	Manufactured		Shell	\N
19	CTOP - 1 in. melamine	CTOP 1 in. melamine		\N	000.501.000.x.00M	MEL-CTOP-25	2011-01-01 18:53:39.129346	2011-01-02 02:32:48.283456	Manufactured		Countertop	\N
629	ZZ HO Hutch DON'T DELETE			\N			2011-01-13 15:47:49.993261	2011-01-13 15:47:49.993261	Manufactured		Shell	\N
505	HO Upper 1 Door	HO Upper 1 Door 		\N	000.301.131.x.00M	HO-W1-2AS	2011-01-01 18:54:27.778182	2011-01-02 03:24:08.134046	Manufactured		Cabinet	\N
250	CL Hutch Panel 44 - BaseNotch - Thru	CL Hutch Panel 44 - BaseNotch - Thru 		\N	000.211.044.x.00M	CL-VHPN-44-T	2011-01-01 18:54:08.772561	2011-01-03 15:38:58.513833	Manufactured		ClosetPartition	\N
562	ZZ zNX Fixed Shelf DON'T DELETE	NX fixed shelf		\N			2011-01-04 04:50:00.102551	2011-01-12 17:39:35.901332	Manufactured		Panel	\N
457	CTOP Corner - Futura (3 Week Lead Time) | Laminate 4882 Oiled Soapstone	CTOP Corner - Futura (3 Week Lead Time) | Laminate 4882 Oiled Soapstone		\N	000.402.003.310.00P		2011-01-01 18:54:26.553285	2011-01-03 01:56:44.434375	Purchased		Item	166.15000000000001
458	CTOP Corner - Futura (3 Week Lead Time) | Laminate 4883 Sable Soapstone	CTOP Corner - Futura (3 Week Lead Time) | Laminate 4883 Sable Soapstone		\N	000.402.003.311.00P		2011-01-01 18:54:26.565738	2011-01-03 01:57:03.993955	Purchased		Item	166.15000000000001
459	CTOP Corner - Futura (3 Week Lead Time) | Laminate 4884 Flame Soapstone	CTOP Corner - Futura (3 Week Lead Time) | Laminate 4884 Flame Soapstone		\N	000.402.003.312.00P		2011-01-01 18:54:26.608339	2011-01-03 01:57:17.234818	Purchased		Item	166.15000000000001
460	CTOP Corner - Futura (3 Week Lead Time) | Laminate 4885 Green Soapstone	CTOP Corner - Futura (3 Week Lead Time) | Laminate 4885 Green Soapstone		\N	000.402.003.313.00P		2011-01-01 18:54:26.620567	2011-01-03 01:57:29.626912	Purchased		Item	166.15000000000001
461	CTOP Corner - Futura (3 Week Lead Time) | Laminate 4886 Pearl Soapstone	CTOP Corner - Futura (3 Week Lead Time) | Laminate 4886 Pearl Soapstone		\N	000.402.003.314.00P		2011-01-01 18:54:26.632721	2011-01-03 01:57:41.264869	Purchased		Item	166.15000000000001
462	CTOP Corner - Futura (3 Week Lead Time) | Laminate 4887 Tan Soapstone	CTOP Corner - Futura (3 Week Lead Time) | Laminate 4887 Tan Soapstone		\N	000.402.003.315.00P		2011-01-01 18:54:26.653557	2011-01-03 01:57:58.254252	Purchased		Item	166.15000000000001
463	CTOP Corner - Futura (3 Week Lead Time) | Laminate 7921 Tuscan Walnut	CTOP Corner - Futura (3 Week Lead Time) | Laminate 7921 Tuscan Walnut		\N	000.402.003.316.00P		2011-01-01 18:54:26.757975	2011-01-03 01:58:11.430567	Purchased		Item	166.15000000000001
467	CTOP Corner - Futura (3 Week Lead Time) | Laminate D92 Dove Grey	CTOP Corner - Futura (3 Week Lead Time) | Laminate D92 Dove Grey		\N	000.402.003.320.00P		2011-01-01 18:54:26.977066	2011-01-03 01:59:23.611271	Purchased		Item	166.15000000000001
450	CTOP Corner - Futura | Laminate 4552 Ebony Star	CTOP Corner - Futura | Laminate 4552 Ebony Star		\N	000.402.003.303.00P		2011-01-01 18:54:26.073479	2011-01-03 01:59:43.473996	Purchased		Item	210.46000000000001
469	CTOP Corner - Geneva (3 Week Lead Time) | Laminate 1573 Frosty White	CTOP Corner - Geneva (3 Week Lead Time) | Laminate 1573 Frosty White		\N	000.402.004.301.00P		2011-01-01 18:54:27.026812	2011-01-03 02:00:14.905606	Purchased		Item	177.84999999999999
470	CTOP Corner - Geneva (3 Week Lead Time) | Laminate 1595 Black	CTOP Corner - Geneva (3 Week Lead Time) | Laminate 1595 Black		\N	000.402.004.302.00P		2011-01-01 18:54:27.039552	2011-01-03 02:00:27.055755	Purchased		Item	177.84999999999999
471	CTOP Corner - Geneva (3 Week Lead Time) | Laminate 4552 Ebony Star	CTOP Corner - Geneva (3 Week Lead Time) | Laminate 4552 Ebony Star		\N	000.402.004.303.00P		2011-01-01 18:54:27.05451	2011-01-03 02:00:49.534728	Purchased		Item	228.31
472	CTOP Corner - Geneva (3 Week Lead Time) | Laminate 4781 Sunstone	CTOP Corner - Geneva (3 Week Lead Time) | Laminate 4781 Sunstone		\N	000.402.004.304.00P		2011-01-01 18:54:27.109294	2011-01-03 02:01:01.880013	Purchased		Item	228.31
473	CTOP Corner - Geneva (3 Week Lead Time) | Laminate 4789 Limestone	CTOP Corner - Geneva (3 Week Lead Time) | Laminate 4789 Limestone		\N	000.402.004.305.00P		2011-01-01 18:54:27.123116	2011-01-03 02:01:12.543972	Purchased		Item	228.31
445	CTOP Corner - Tempo (3 Week Lead Time) | Laminate 10776 Kingstone Maple	CTOP Corner - Tempo (3 Week Lead Time) | Laminate 10776 Kingstone Maple		\N	000.402.002.319.00P		2011-01-01 18:54:25.890284	2011-01-03 02:10:59.394079	Purchased		Item	146.46000000000001
438	CTOP Corner - Tempo (3 Week Lead Time) | Laminate 4884 Flame Soapstone	CTOP Corner - Tempo (3 Week Lead Time) | Laminate 4884 Flame Soapstone		\N	000.402.002.312.00P		2011-01-01 18:54:25.790373	2011-01-03 02:13:30.095718	Purchased		Item	146.46000000000001
442	CTOP Corner - Tempo (3 Week Lead Time) | Laminate 7921 Tuscan Walnut	CTOP Corner - Tempo (3 Week Lead Time) | Laminate 7921 Tuscan Walnut		\N	000.402.002.316.00P		2011-01-01 18:54:25.850255	2011-01-03 02:13:45.304217	Purchased		Item	146.46000000000001
443	CTOP Corner - Tempo (3 Week Lead Time) | Laminate 7942 Cocobala	CTOP Corner - Tempo (3 Week Lead Time) | Laminate 7942 Cocobala		\N	000.402.002.317.00P		2011-01-01 18:54:25.8639	2011-01-03 02:14:04.953028	Purchased		Item	186.46000000000001
444	CTOP Corner - Tempo (3 Week Lead Time) | Laminate 7948 Mambo	CTOP Corner - Tempo (3 Week Lead Time) | Laminate 7948 Mambo		\N	000.402.002.318.00P		2011-01-01 18:54:25.876611	2011-01-03 02:14:21.66279	Purchased		Item	161.22999999999999
447	CTOP Corner - Tempo (3 Week Lead Time) | Laminate D403 White Sand	CTOP Corner - Tempo (3 Week Lead Time) | Laminate D403 White Sand		\N	000.402.002.321.00P		2011-01-01 18:54:25.922282	2011-01-03 02:14:41.223389	Purchased		Item	146.46000000000001
446	CTOP Corner - Tempo (3 Week Lead Time) | Laminate D92 Dove Grey	CTOP Corner - Tempo (3 Week Lead Time) | Laminate D92 Dove Grey		\N	000.402.002.320.00P		2011-01-01 18:54:25.90428	2011-01-03 02:14:54.984288	Purchased		Item	146.46000000000001
439	CTOP Corner - Tempo | Laminate 4885 Green Soapstone	CTOP Corner - Tempo | Laminate 4885 Green Soapstone		\N	000.402.002.313.00P		2011-01-01 18:54:25.808736	2011-01-03 02:16:02.506091	Purchased		Item	146.46000000000001
440	CTOP Corner - Tempo | Laminate 4886 Pearl Soapstone	CTOP Corner - Tempo | Laminate 4886 Pearl Soapstone		\N	000.402.002.314.00P		2011-01-01 18:54:25.821993	2011-01-03 02:16:15.131456	Purchased		Item	146.46000000000001
441	CTOP Corner - Tempo | Laminate 4887 Tan Soapstone	CTOP Corner - Tempo | Laminate 4887 Tan Soapstone		\N	000.402.002.315.00P		2011-01-01 18:54:25.835718	2011-01-03 02:16:28.73203	Purchased		Item	146.46000000000001
39	CL Upright Partition - Right	CL Upright Partition - Right 		\N	000.911.3x.x.00M	CL-VU-R	2011-01-01 18:53:39.920172	2011-01-02 02:28:30.550951	Manufactured		ClosetPartition	\N
508	HO Hutch	HO Hutch 		\N	000.441.151.x.00M	HO-H1-3AS	2011-01-01 18:54:27.8462	2011-01-11 16:45:38.920181	Manufactured		Cabinet	\N
628	ZZ HO Hutch w/VD DON'T DELETE			\N			2011-01-13 15:47:00.538281	2011-01-13 16:19:27.373191	Manufactured		Shell	\N
64	~ Belt Rack | Oil Rubbed Bronze 13-7/8"	Belt Rack W/Slide Al Dk Oil-Rub.Bzd/Bl Pl 13 7/8	807.67.113	\N	000.982.000.300.00P		2011-01-01 18:53:52.201527	2011-01-11 18:23:49.8054	Purchased		Item	22.23
531	CL Hutch Base	CL Hutch Base Shell		\N	000.300.131.x.00M	CL-HB	2011-01-01 18:54:28.461637	2011-01-07 06:24:40.127575	Manufactured		Cabinet	\N
548	ZZ NXp Deck DON'T DELETE	building block: 1 inch thick deck		\N			2011-01-01 20:31:37.885045	2011-01-12 21:04:07.172785	Manufactured		Panel	\N
584	ZZ Nailer DON'T DELETE	Building block: nailer		\N			2011-01-06 15:16:57.152294	2011-01-12 17:27:15.91801	Manufactured		Panel	\N
563	Toe Kick	Toe Kick		\N	000.970.x.x.00M		2011-01-04 05:22:03.751871	2011-01-04 06:12:49.903831	Manufactured		BackingPanel	\N
517	Premium Door - JR7	Premium Door - JR7 		\N	000.101.000.x.00B		2011-01-01 18:54:28.028853	2011-01-10 17:11:15.227604	Manufactured		PremiumDoor	\N
476	CTOP Corner - Geneva (3 Week Lead Time) | Laminate 4794 Windswept Bronze	CTOP Corner - Geneva (3 Week Lead Time) | Laminate 4794 Windswept Bronze		\N	000.402.004.308.00P		2011-01-01 18:54:27.233121	2011-01-03 02:01:47.913683	Purchased		Item	228.31
487	CTOP Corner - Geneva (3 Week Lead Time) | Laminate 10776 Kingstone Maple	CTOP Corner - Geneva (3 Week Lead Time) | Laminate 10776 Kingstone Maple		\N	000.402.004.319.00P		2011-01-01 18:54:27.448967	2011-01-03 02:00:02.643854	Purchased		Item	177.84999999999999
481	CTOP Corner - Geneva (3 Week Lead Time) | Laminate 4885 Green Soapstone	CTOP Corner - Geneva (3 Week Lead Time) | Laminate 4885 Green Soapstone		\N	000.402.004.313.00P		2011-01-01 18:54:27.348606	2011-01-03 02:03:05.233876	Purchased		Item	177.84999999999999
474	CTOP Corner - Geneva (3 Week Lead Time) | Laminate 4790 Greystone	CTOP Corner - Geneva (3 Week Lead Time) | Laminate 4790 Greystone		\N	000.402.004.306.00P		2011-01-01 18:54:27.136092	2011-01-03 02:01:24.360325	Purchased		Item	228.31
475	CTOP Corner - Geneva (3 Week Lead Time) | Laminate 4791 Willowstone	CTOP Corner - Geneva (3 Week Lead Time) | Laminate 4791 Willowstone		\N	000.402.004.307.00P		2011-01-01 18:54:27.219394	2011-01-03 02:01:36.226148	Purchased		Item	228.31
479	CTOP Corner - Geneva (3 Week Lead Time) | Laminate 4883 Sable Soapstone	CTOP Corner - Geneva (3 Week Lead Time) | Laminate 4883 Sable Soapstone		\N	000.402.004.311.00P		2011-01-01 18:54:27.292759	2011-01-03 02:02:40.584804	Purchased		Item	177.84999999999999
486	CTOP Corner - Geneva (3 Week Lead Time) | Laminate 7948 Mambo	CTOP Corner - Geneva (3 Week Lead Time) | Laminate 7948 Mambo		\N	000.402.004.318.00P		2011-01-01 18:54:27.413544	2011-01-03 02:04:25.130186	Purchased		Item	193.84999999999999
478	CTOP Corner - Geneva (3 Week Lead Time) | Laminate 4882 Oiled Soapstone	CTOP Corner - Geneva (3 Week Lead Time) | Laminate 4882 Oiled Soapstone		\N	000.402.004.310.00P		2011-01-01 18:54:27.26252	2011-01-03 02:02:25.569621	Purchased		Item	177.84999999999999
480	CTOP Corner - Geneva (3 Week Lead Time) | Laminate 4884 Flame Soapstone	CTOP Corner - Geneva (3 Week Lead Time) | Laminate 4884 Flame Soapstone		\N	000.402.004.312.00P		2011-01-01 18:54:27.32282	2011-01-03 02:02:53.364101	Purchased		Item	177.84999999999999
484	CTOP Corner - Geneva (3 Week Lead Time) | Laminate 7921 Tuscan Walnut	CTOP Corner - Geneva (3 Week Lead Time) | Laminate 7921 Tuscan Walnut		\N	000.402.004.316.00P		2011-01-01 18:54:27.387064	2011-01-03 02:03:41.339923	Purchased		Item	177.84999999999999
482	CTOP Corner - Geneva (3 Week Lead Time) | Laminate 4886 Pearl Soapstone	CTOP Corner - Geneva (3 Week Lead Time) | Laminate 4886 Pearl Soapstone		\N	000.402.004.314.00P		2011-01-01 18:54:27.362115	2011-01-03 02:03:18.634111	Purchased		Item	177.84999999999999
483	CTOP Corner - Geneva (3 Week Lead Time) | Laminate 4887 Tan Soapstone	CTOP Corner - Geneva (3 Week Lead Time) | Laminate 4887 Tan Soapstone		\N	000.402.004.315.00P		2011-01-01 18:54:27.374587	2011-01-03 02:03:30.679785	Purchased		Item	177.84999999999999
485	CTOP Corner - Geneva (3 Week Lead Time) | Laminate 7942 Cocobala	CTOP Corner - Geneva (3 Week Lead Time) | Laminate 7942 Cocobala		\N	000.402.004.317.00P		2011-01-01 18:54:27.399614	2011-01-03 02:04:07.813959	Purchased		Item	228.31
489	CTOP Corner - Geneva (3 Week Lead Time) | Laminate D403 White Sand	CTOP Corner - Geneva (3 Week Lead Time) | Laminate D403 White Sand		\N	000.402.004.321.00P		2011-01-01 18:54:27.475349	2011-01-03 02:04:44.432437	Purchased		Item	177.84999999999999
488	CTOP Corner - Geneva (3 Week Lead Time) | Laminate D92 Dove Grey	CTOP Corner - Geneva (3 Week Lead Time) | Laminate D92 Dove Grey		\N	000.402.004.320.00P		2011-01-01 18:54:27.461395	2011-01-03 02:04:59.234108	Purchased		Item	177.84999999999999
551	ZZ HOp Adj Shelf DON'T DELETE	building block: home office adjustable shelf 3/4 inch		\N			2011-01-01 22:46:37.657789	2011-01-12 21:47:42.764442	Manufactured		Panel	\N
511	HO Tall Storage 2 Door	HO Tall Storage 2 Door 		\N	000.402.382.x.00M	HO-T2-4AS	2011-01-01 18:54:27.928831	2011-01-11 16:51:15.610495	Manufactured		Cabinet	\N
549	ZZ Panel 06 DON'T DELETE	building block: 1/4 inch panel		\N			2011-01-01 20:34:10.316243	2011-01-07 17:41:24.972736	Manufactured		Panel	\N
547	ZZ Panel 19 DON'T DELETE	building block: 3/4 inch panel		\N			2011-01-01 19:26:55.928525	2011-01-07 17:42:24.84474	Manufactured		Panel	\N
507	HO 45 Corner Upper	HO 45 Corner Upper 		\N	000.308.232.x.00M	HO-CU-1AS	2011-01-01 18:54:27.8339	2011-01-10 02:02:31.920261	Manufactured		CornerCabinet	\N
62	~ Belt Rack | Polished Chrome 13-7/8"	Belt Rack W/Slide-ATL Al Chr Pol/Bl Pl 13 7/8	807.67.213	\N	000.982.000.100.00P		2011-01-01 18:53:51.535374	2011-01-11 18:25:04.255175	Purchased		Item	20.059999999999999
541	HO Base 4 Drawer (6/6/6/6)	HO Base 4 Drawer (6/6/6/6) 		\N	000.254.122.x.00M	HO-BD4	2011-01-01 18:54:33.654811	2011-01-11 16:16:58.589822	Manufactured		Cabinet	\N
543	HO Base 2 Door 2 Drawer	HO Base 2 Door 2 Drawer 		\N	000.222.322.x.00M	HO-B2D2-2AS	2011-01-01 18:54:33.68379	2011-01-11 16:00:28.742631	Manufactured		Cabinet	\N
545	HO Base 3 Drawer (3/8/12)	HO Base 3 Drawer 1 File (3/8/12) 		\N	000.230.322.x.00M	HO-BD3	2011-01-01 18:54:33.711128	2011-01-11 16:13:22.682105	Manufactured		Cabinet	\N
539	HO Base 3 Drawer (6/6/12)	HO Base 3 Drawer 1 File (6/6/12) 		\N	000.230.122.x.00M	HO-BD3	2011-01-01 18:54:33.627663	2011-01-11 16:15:32.088835	Manufactured		Cabinet	\N
506	HO Upper 2 Door	HO Upper 2 Door 		\N	000.302.331.x.00M	HO-W2-2AS	2011-01-01 18:54:27.821167	2011-01-02 03:25:56.644334	Manufactured		Cabinet	\N
550	ZZ HO Cabinet Shell DON'T DELETE	building block: home office cabinet shell		\N			2011-01-01 21:36:43.353341	2011-01-07 17:49:29.890678	Manufactured		Shell	\N
627	ZZ HOp Stretcher DON'T DELETE			\N			2011-01-12 23:30:49.335822	2011-01-12 23:30:49.335822	Manufactured		Panel	\N
630	CL Hutch	Closet Wall Hutch		\N	000.306.921.x.00M	CL-H	2011-01-13 17:44:36.195287	2011-01-13 17:44:36.195287	Manufactured		Cabinet	\N
542	HO Base 2 Door	HO Base 2 Door 		\N	000.102.322.x.00M	HO-B2-1AS     	2011-01-01 18:54:33.669533	2011-01-11 15:44:06.196077	Manufactured		Cabinet	\N
513	HO Wall Bed Queen	HO Wall Bed Queen 		\N	000.492.681.x.00M	HO-WBQ	2011-01-01 18:54:27.954427	2011-01-02 03:29:13.644765	Manufactured		Cabinet	\N
512	HO Wall Bed Full	HO Wall Bed Full 		\N	000.491.581.x.00M	HO-WBF	2011-01-01 18:54:27.941587	2011-01-02 03:28:19.451712	Manufactured		Cabinet	\N
516	Door - Flat	Door - Flat 		\N	000.100.000.x.00M	CP-DR	2011-01-01 18:54:27.991093	2011-01-02 01:41:03.834911	Manufactured		Door	\N
585	ZZ CL Hutch Base Shell DON'T DELETE	This Shell gets no back or nailers, but has a toe-kick. 		\N			2011-01-06 15:46:54.54026	2011-01-07 17:47:09.725898	Manufactured		Shell	\N
631	~ Screw (Drawer Box)	Screw, #8 x 1' (Box Qty 500)		\N			2011-01-13 18:10:40.066913	2011-01-13 18:10:40.066913	Inventory	1002	Item	\N
565	Powder Coated Door (23.875 x 30) | GRANITE	Powder Coated Door (23.875 x 30) | GRANITE	NX 23.875 x 30.111 Granite	\N	000.880.310.a12.00P		2011-01-04 06:35:34.356161	2011-01-04 17:27:41.194712	Purchased	880310a	Item	22.010000000000002
578	Powder Coated Door (23.875 x 75) | RED	Powder Coated Door (23.875 x 75) | RED	NX 23.875 x 75.466 Red	\N	000.880.307.b12.00P		2011-01-04 06:35:34.425893	2011-01-04 17:33:08.860174	Purchased		Item	51.259999999999998
575	Powder Coated Door (23.875 x 30) | RED	Powder Coated Door (23.875 x 30) | RED	NX 23.875 x 30.111 Red	\N	000.880.310.b12.00P		2011-01-04 06:35:34.410484	2011-01-04 17:28:06.039862	Purchased	880310b	Item	22.010000000000002
566	Powder Coated Door (23.875 x 45) | GRANITE	Powder Coated Door (23.875 x 45) | GRANITE	NX 23.875 x 45.229 Granite	\N	000.880.305.a12.00P		2011-01-04 06:35:34.361269	2011-01-04 17:28:42.794252	Purchased	880305a	Item	30.760000000000002
569	Powder Coated Door (23.875 x 83) | GRANITE	Powder Coated Door (23.875 x 83) | GRANITE	NX 23.875 x 83.025 Granite	\N	000.880.308.a12.00P		2011-01-04 06:35:34.379025	2011-01-04 17:33:48.444215	Purchased		Item	53.159999999999997
576	Powder Coated Door (23.875 x 45) | RED	Powder Coated Door (23.875 x 45) | RED	NX 23.875 x 45.229 Red	\N	000.880.305.b12.00P		2011-01-04 06:35:34.415813	2011-01-04 17:29:06.555406	Purchased	880305b	Item	30.760000000000002
570	Powder Coated Door (23.875 x 90) | GRANITE	Powder Coated Door (23.875 x 90) | GRANITE	NX 23.875 x 90.584 Granite	\N	000.880.309.a12.00P		2011-01-04 06:35:34.384454	2011-01-04 17:35:17.314932	Purchased	TBD	Item	60
571	Powder Coated Drawer Front (23.875 x 7.5625) | GRANITE	Powder Coated Drawer Front (23.875 x 7.5625) | GRANITE	NX 23.875 x 7.434 Granite	\N	000.880.500.a12.00P		2011-01-04 06:35:34.389702	2011-01-04 17:39:48.114583	Purchased	880500a	Item	8.5199999999999996
579	Powder Coated Door (23.875 x 83) | RED	Powder Coated Door (23.875 x 83) | RED	NX 23.875 x 83.025 Red	\N	000.880.308.b12.00P		2011-01-04 06:35:34.430848	2011-01-04 17:42:25.300277	Purchased		Item	53.159999999999997
567	Powder Coated Door (23.875 x 68) | GRANITE	Powder Coated Door (23.875 x 68) | GRANITE	NX 23.875 x 67.906 Granite	\N	000.880.306.a12.00P		2011-01-04 06:35:34.368521	2011-01-04 17:31:10.905396	Purchased		Item	49.369999999999997
574	Powder Coated Door (23.875 x 23) | RED	Powder Coated Door (23.875 x 23) | RED	NX 23.875 x 22.552 Red	\N	000.880.300.b12.00P		2011-01-04 06:35:34.405158	2011-01-04 17:26:54.124927	Purchased	880300b	Item	17.559999999999999
60	~ Tie Rack | Matte Nickel 13-7/8"	Synergy Tie Rack with Slide, aluminum, nickel-plated matt, plastic, black, 13 7/8" length	807.67.603	\N	000.981.000.200.00P		2011-01-01 18:53:51.399991	2011-01-11 18:28:39.858121	Purchased		Item	21.870000000000001
80	~ Sliding Wire Basket (18x6x14) | Matte Nickel	Closet Basket, steel, matt nickel, 14"d x 17"w x 6"h	547.38.242	\N	000.986.186.200.00P		2011-01-01 18:53:52.819495	2011-01-11 17:24:19.151564	Purchased	30043-1	Item	19.07
101	~ Pole Cups (L+R pair) | Polished Chrome	Wardrobe Tube Support Zn. Chr Pol. For 1 5/16	803.56.200	\N	000.995.000.100.00I		2011-01-01 18:53:53.539074	2011-01-09 20:03:35.080869	Inventory	30081	Item	1.728
533	NX Corner Cabinet 1 Door 1 Adj Shelf	NX Corner Cabinet 1 Door 1 Adj Shelf 		\N	000.308.332.x.00M	NX-C1-1AS	2011-01-01 18:54:28.497383	2011-01-02 18:22:50.364579	Manufactured		CornerCabinet	\N
544	HO Base 2 Drawer (Lateral File)	HO Base 2 Drawer (Lateral File)		\N	000.224.322.x.00M	HO-BLF	2011-01-01 18:54:33.697399	2011-01-11 16:28:27.138798	Manufactured		Cabinet	\N
9	~ Screw (Confirmat) 7 x 50mm	Confirmat St.Zip.Pozi 3 7X50Mm	7326442197	\N	000.264.042.197.00I		2011-01-01 18:53:39.058745	2011-01-13 03:05:08.19927	Inventory	1004	Item	0.02
557	ZZ NX Tall Cabinet Shell w/VD DON'T DELETE	building block: NX tall cabinet shell with 1 vertical divider		\N			2011-01-02 03:43:52.024461	2011-01-12 20:18:25.775612	Manufactured		Shell	\N
54	~ Shoe Fence (24") | Matte Nickel	Shoe Fence, steel, matte nickel, 23"	547.51.603	\N	000.980.024.200.00P		2011-01-01 18:53:51.207031	2011-01-10 18:18:24.726915	Purchased	30069	Item	3.1280000000000001
229	CL Corner Adj Safety Shelf	CL Corner Adj Safety Shelf 		\N	000.936.x.x.00M	CL-CASS	2011-01-01 18:54:05.604995	2011-01-02 01:50:52.814223	Manufactured		ClosetShelf	\N
553	CL Hanging Partition - Square- Left	Closet system hanging partition - square bottom - left stop drilled		\N	000.910.16x.x.00M	CL-HPS-L	2011-01-02 01:57:22.321891	2011-01-12 17:58:42.953558	Manufactured		ClosetPartition	\N
554	CL Hanging Partition - Square - Right	Closet system hanging partition - square bottom - right stop drilled		\N	000.910.36x.x.00M	CL-HPS-R	2011-01-02 01:58:36.441309	2011-01-12 21:35:13.139205	Manufactured		ClosetPartition	\N
534	NX Corner Cabinet 1 Door 2 Adj Shelf	NX Corner Cabinet 1 Door 2 Adj Shelf 		\N	000.308.342.x.00M	NX-C1-2AS	2011-01-01 18:54:28.5141	2011-01-06 05:15:16.723959	Manufactured		CornerCabinet	\N
535	NX Corner Cabinet 1 Door 3 Adj Shelf	NX Corner Cabinet 1 Door 3 Adj Shelf 		\N	000.308.382.x.00M	NX-C1-3AS	2011-01-01 18:54:28.52887	2011-01-06 05:15:40.983201	Manufactured		CornerCabinet	\N
536	NX Corner Cabinet 1 Door 4 Adj Shelf	NX Corner Cabinet 1 Door 4 Adj Shelf 		\N	000.308.392.x.00M	NX-C1-4AS	2011-01-01 18:54:28.54176	2011-01-06 05:16:03.904718	Manufactured		CornerCabinet	\N
162	Drawer Front - Flat	Drawer Front - Flat 		\N	000.200.000.x.00M	CP-DF	2011-01-01 18:53:55.655578	2011-01-11 15:41:18.151926	Manufactured		Door	\N
34	CL Upright Partition - BaseNotch - Thru	CL Upright Partition - BaseNotch - Thru 		\N	000.912.2x.x.00M	CL-VUN-T	2011-01-01 18:53:39.578869	2011-01-02 02:27:55.465342	Manufactured		ClosetPartition	\N
587	~ Screw (Hinge Fastening) PART OF A SET	M4 screw with raised head and cross-slot Z, size 2 nickel-plated 11mm\r\n	267.00.720	\N			2011-01-07 00:22:48.609149	2011-01-11 05:00:18.525922	Manufactured		Item	0.0112
537	HO Base 1 Door	HO Base 1 Door 		\N	000.101.122.x.00M	HO-B1-1AS     	2011-01-01 18:54:33.511745	2011-01-11 15:42:51.433947	Manufactured		Cabinet	\N
632	ZZ HO Wall Bed DON'T DELETE			\N			2011-01-13 19:49:20.417448	2011-01-13 19:49:20.417448	Manufactured		Shell	\N
588	~ Hinge Sleeve with Screws	Hinge Sleeve Set (for half overlay hinges)	267.00.013/267.00.720	\N	Needed		2011-01-07 00:24:54.992986	2011-01-07 03:00:17.980503	Inventory	Needed	Item	\N
44	CL Cam Shelf	CL Cam Shelf 		\N	000.930.x.x.00M	CL-CS	2011-01-01 18:53:45.123631	2011-01-02 01:49:22.771983	Manufactured		ClosetShelf	\N
586	~ Screw (Hinge Sleeve) PART OF A SET	Sleeves with M4 Internal Thread 22mm	267.00.013	\N			2011-01-07 00:18:14.026608	2011-01-11 05:01:26.008084	Inventory		Item	0.0458
41	CL Hanging Partition - Radius - Left	CL Hanging Partition Radius Bottom - Left Stop Drilled		\N	000.910.15x.x.00M	CL-HPR-L	2011-01-01 18:53:43.492396	2011-01-12 17:53:09.459137	Manufactured		ClosetPartition	\N
540	HO Base 2 Drawer (12/12)	HO Base 2 File Drawers (12/12) 		\N	000.223.122.x.00M	HO-BD2	2011-01-01 18:54:33.641241	2011-01-11 16:11:52.750657	Manufactured		Cabinet	\N
530	Premium Door - AMS329 | Cut for Glass	Premium Door - AMS329 | Cut for Glass 		\N	000.124.000.x.00B		2011-01-01 18:54:28.448628	2011-01-10 17:08:25.420911	Manufactured		PremiumDoor	\N
158	Door - Flat	Door - Flat 		\N	000.130.000.x.00M	CP-DR	2011-01-01 18:53:55.425754	2011-01-02 01:41:14.20408	Manufactured		Door	\N
528	Premium Door - DR1 | Cut for Glass	Premium Door - DR1 | Cut for Glass 		\N	000.122.000.x.00B		2011-01-01 18:54:28.420835	2011-01-10 17:09:32.586708	Manufactured		PremiumDoor	\N
519	Premium Door - DR8	Premium Door - DR8 		\N	000.103.000.x.00B		2011-01-01 18:54:28.06988	2011-01-10 17:10:11.680636	Manufactured		PremiumDoor	\N
527	Premium Door - JR7 | Cut for Glass	Premium Door - JR7 | Cut for Glass 		\N	000.121.000.x.00B		2011-01-01 18:54:28.406864	2011-01-10 17:14:13.91612	Manufactured		PremiumDoor	\N
525	Premium Drawer Front - AMS329	Premium Drawer Front - AMS329 		\N	000.204.000.x.00B		2011-01-01 18:54:28.249725	2011-01-10 17:14:55.134305	Manufactured		PremiumDrawerfront	\N
521	Premium Door - KB732	Premium Door - KB732 		\N	000.105.000.x.00B		2011-01-01 18:54:28.097805	2011-01-10 17:15:25.87889	Manufactured		PremiumDoor	\N
523	Premium Drawer Front - DR1	Premium Drawer Front - DR1 		\N	000.202.000.x.00B		2011-01-01 18:54:28.137909	2011-01-10 17:16:43.394391	Manufactured		PremiumDrawerfront	\N
522	Premium Drawer Front - JR7	Premium Drawer Front - JR7 		\N	000.201.000.x.00B		2011-01-01 18:54:28.117271	2011-01-10 17:17:42.826484	Manufactured		PremiumDrawerfront	\N
526	Premium Drawer Front - KB732	Premium Drawer Front - KB732 		\N	000.205.000.x.00B		2011-01-01 18:54:28.290566	2011-01-10 17:18:12.32177	Manufactured		PremiumDrawerfront	\N
200	~ Hinge | Half Overlay	Hinge Half Overlay (250/box)	65C2R9G99	\N	000.311.060.561.00I		2011-01-01 18:53:57.215683	2011-01-10 17:55:04.499317	Inventory	10052	Item	0.88
538	HO Base 1 Door 1 Drawer	HO Base 1 Door 1 Drawer 		\N	000.211.122.x.00M	HO-B1D1-1AS	2011-01-01 18:54:33.611004	2011-01-11 15:43:17.170816	Manufactured		Cabinet	\N
188	HO Base 3 Drawer (8/8/8)	HO Base 3 Drawer (8/8/8)		\N	000.230.222.x.00M	HO-BD3	2011-01-01 18:53:56.663517	2011-01-14 06:00:11.73469	Manufactured		Cabinet	\N
197	Drawer Box	Drawer Box		\N	000.024.095.x.00B	DBX	2011-01-01 18:53:57.174129	2011-01-11 15:48:57.498253	Manufactured		Drawer	\N
546	HO Base 4 Drawer (3/6/6/8)	HO Base 4 Drawer (3/6/6/8) 		\N	000.254.322.x.00M	HO-BD4	2011-01-01 18:54:33.724851	2011-01-11 16:16:33.448515	Manufactured		Cabinet	\N
157	CL Island Panel	CL Island Panel		\N	000.960.x.x.00M		2011-01-01 18:53:55.416341	2011-01-10 17:03:25.563166	Manufactured		Item	\N
633	ZZ HOp WB Nailer DON'T DELETE			\N			2011-01-13 19:56:47.039275	2011-01-13 19:57:43.591171	Manufactured		Panel	\N
555	CL Hanging Partition - Square - Thru	Closet system hanging partition -square bottom - thru drilled		\N	000.910.26x.x.00M	CL-HPS-T	2011-01-02 02:02:33.954763	2011-01-12 21:36:14.660795	Manufactured		ClosetPartition	\N
51	~ Shoe Fence (24") | Polished Chrome	Shoe Fence, steel, chrome, 23"	547.51.203	\N	000.980.024.100.00P		2011-01-01 18:53:51.054929	2011-01-10 18:19:33.946423	Purchased	30063	Item	3.4399999999999999
559	ZZ CL Hutch Shell DON'T DELETE	building block: closet hutch shell		\N			2011-01-02 17:12:09.982082	2011-01-13 04:19:39.144614	Manufactured		Shell	\N
590	~ Hang Rail Cover | White 96"	Wall Rail Covering Strip  96"- White	290.12.781	\N	Needed		2011-01-07 02:46:28.37289	2011-01-09 23:30:25.984858	Inventory	10039	Item	1.3500000000000001
202	~ Screw (Drawer Slide 3/4 Ext)	Screw Epoxy Slides steel, zinc-plated T17 undercut flat head phillips drive #7 x 7/16" (1000/box)	010.79.511	\N	000.010.079.511.00I		2011-01-01 18:53:57.225669	2011-01-10 23:52:16.905299	Inventory		Item	0.0088999999999999999
45	CL Adjustable Shelf	CL Adjustable Shelf 		\N	000.931.x.x.00M	CL-AS	2011-01-01 18:53:47.38817	2011-01-02 01:48:59.673806	Manufactured		ClosetShelf	\N
437	CTOP Corner - Tempo | Laminate 4883 Sable Soapstone	CTOP Corner - Tempo | Laminate 4883 Sable Soapstone		\N	000.402.002.311.00P		2011-01-01 18:54:25.775865	2011-01-03 02:15:47.73418	Purchased		Item	146.46000000000001
289	CTOP - Classic (3 Week Lead Time) | Laminate 10776 Kingstone Maple	CTOP - Classic (3 Week Lead Time) | Laminate 10776 Kingstone Maple		\N	000.401.000.319.00P		2011-01-01 18:54:14.484486	2011-01-03 00:36:52.364984	Purchased		Item	185.84999999999999
273	CTOP - Classic (3 Week Lead Time) | Laminate 4552 Ebony Star	CTOP - Classic (3 Week Lead Time) | Laminate 4552 Ebony Star		\N	000.401.000.303.00P		2011-01-01 18:54:11.946287	2011-01-03 00:38:32.937699	Purchased		Item	240.62
352	CTOP - Futura (3 Week Lead Time) | Laminate 10776 Kingstone Maple	CTOP - Futura (3 Week Lead Time) | Laminate 10776 Kingstone Maple		\N	000.401.003.319.00P		2011-01-01 18:54:21.009695	2011-01-03 00:44:20.883127	Purchased		Item	166.15000000000001
266	NX Base Cabinet 2 Drawer (15/15)	NX Base Cabinet 2 Drawer (15/15) 		\N	000.201.515.x.00M	NX-BD2   	2011-01-01 18:54:10.63061	2011-01-02 16:50:00.926129	Manufactured		Cabinet	\N
6	~ Hinge | Full Overlay	Hinge Full Overlay  (300/box)	65C2R9A99	\N	000.311.060.560.00I		2011-01-01 18:53:39.043881	2011-01-10 18:12:25.839623	Inventory	1026	Item	0.68999999999999995
72	~ Sliding Wire Basket (24x6x14) | Polished Chrome	Closet Basket, steel, chrome-plated, 14"d x 23"w x 6"h	547.36.242	\N	000.986.246.100.00P		2011-01-01 18:53:52.618048	2011-01-09 21:37:48.012829	Purchased	30009-1	Item	19.859999999999999
75	~ Sliding Wire Basket (24x11x14) | Polished Chrome	Closet Basket, steel, chrome-plated, 14"d x 23"w x 11"h	547.36.246	\N	000.986.241.100.00P		2011-01-01 18:53:52.657071	2011-01-09 21:40:15.868509	Purchased	30007-1	Item	23.559999999999999
227	CL Adj Safety Shelf	CL Adj Safety Shelf 		\N	000.935.x.x.00M	CL-ASS	2011-01-01 18:54:02.875931	2011-01-02 01:48:40.178534	Manufactured		ClosetShelf	\N
99	~ Closet Rod | Matte Nickel	Wardrobe Tube Al Ni Matt 1 5/16	801.42.600	\N	000.990.000.200.00I		2011-01-01 18:53:53.512515	2011-01-10 23:44:40.091007	Inventory	30077	Item	10.824
120	~ Sliding Wire Basket (24x6x12) | Matte Nickel	Closet Basket, steel, matt nickel, 12"d x 23"w x 6"h	547.36.622	\N	000.985.246.200.00P		2011-01-01 18:53:53.765859	2011-01-11 04:33:55.006586	Purchased	30040-1	Item	19.5
107	~ Hang Rail Galvanized 97"	Wall Rail Galv St 97	290.11.901	\N	000.999.020.000.00I		2011-01-01 18:53:53.620173	2011-01-10 17:42:51.193801	Inventory	10038	Item	2.988
183	~ Wardrobe Lift (20-26") | Black	Wardrobe Lift, steel, black, plastic, black, 21 1/4" - 26", 26 lbs load capacity	805.31.301	\N	000.988.026.400.00P		2011-01-01 18:53:56.321925	2011-01-11 03:55:04.620878	Purchased		Item	48.015000000000001
69	~ Jewelry Tray (24)	 Jewelry Tray (24)		\N	000.984.024.000.00P		2011-01-01 18:53:52.586366	2011-01-10 16:36:20.00884	Purchased	JT24	Item	\N
66	~ Valet Rod | Matte Nickel 14-1/8"	Synergy Closet Valet, aluminum, nickel-plated matt, plastic, black, 14 1/8" length	808.71.603	\N	000.983.000.200.00P		2011-01-01 18:53:52.469514	2011-01-11 18:19:07.000436	Purchased		Item	17.149999999999999
14	~ Murphy Bed Hardware Set Full	Murphy Bed Hardware Set Full	SBF-M/SBF-D	\N	000.SBF.MD0.000.00P		2011-01-01 18:53:39.081271	2011-01-12 19:27:21.108645	Purchased	10061	Item	438.82999999999998
139	~ Sliding Wire Basket (30x6x16) | Matte Nickel	Closet Basket, steel, matt nickel, 16"d x 29"w x 6"h	547.37.662	\N	000.987.306.200.00P		2011-01-01 18:53:54.668509	2011-01-09 20:32:49.435039	Purchased	30058-1	Item	26.210000000000001
160	~ Tilt-Out Hamper (24")	Synergy Tilt-Out Hamper, steel, black, 22 1/4" width, 2 black nylon bags included	547.43.303	\N	000.989.024.000.00P		2011-01-01 18:53:55.633423	2011-01-11 04:50:07.898718	Purchased	30086	Item	57.130000000000003
147	~ Sliding Wire Basket (24x6x16) | Oil Rubbed Bronze	Closet Basket, steel, dark oil rubbed bronze, 16"d x 23"w x 6"h	547.36.162	\N	000.987.246.300.00P		2011-01-01 18:53:54.861522	2011-01-09 21:08:30.545234	Purchased	30034-1	Item	21.109999999999999
83	~ Sliding Wire Basket (18x11x14) | Matte Nickel	Closet Basket, steel, matt nickel, 14"d x 17"w x 11"h	547.38.246	\N	000.986.181.200.00P		2011-01-01 18:53:53.046685	2011-01-11 17:26:00.944768	Purchased	30041-1	Item	20.300000000000001
63	~ Belt Rack | Matte Nickel 13-7/8"	Belt Rack W/Slide Al Ni Matt/Bl Pl 13 7/8	807.67.613	\N	000.982.000.200.00P		2011-01-01 18:53:51.574608	2011-01-11 18:22:32.640159	Purchased		Item	20.420000000000002
257	NX Tall Cabinet 1 Door	NX Tall Cabinet 1 Door 		\N	000.402.483.x.00M	NX-T1-3AS	2011-01-01 18:54:09.587988	2011-01-02 19:36:57.670899	Manufactured		Cabinet	\N
199	~ Hinge Plate	Hinge Plate 0mm (300/box)	65BARGL09	\N	000.311.070.580.00I		2011-01-01 18:53:57.210508	2011-01-11 03:26:57.139277	Inventory	1025	Item	0.40000000000000002
168	~ Drawer Slide | 3/4 ext | 20"	Soft-Roller 100Lbs St White 500mm 20"	423.37.750	\N	000.423.037.750.00I		2011-01-01 18:53:55.811642	2011-01-11 05:17:08.634623	Inventory	10037	Item	1.1799999999999999
165	~ Drawer Slide | 3/4 ext | 14"	Soft-Roller 100Lbs St White 350mm 14"	423.37.735	\N	000.423.037.735.00I		2011-01-01 18:53:55.796305	2011-01-11 05:10:47.5514	Inventory	10034	Item	0.87
123	~ Sliding Wire Basket (24x11x12) | Matte Nickel	Closet Basket, steel, matt nickel, 12"d x 23"w x 11"h	547.36.626	\N	000.985.241.200.00P		2011-01-01 18:53:53.893371	2011-01-11 04:41:09.421235	Purchased	30038-1	Item	24
65	~ Valet Rod | Polished Chrome 14-1/8"	Synergy Closet Valet, aluminum, chrome-plated polished, plastic, black, 14 1/8" length	808.71.203	\N	000.983.000.100.00P		2011-01-01 18:53:52.320897	2011-01-11 18:17:55.994794	Purchased		Item	16.739999999999998
3	~ Handle Nickel | 128mm	Handle St.Ni.Matt M4 Ctc 128Mm	117.31.632	\N	000.117.031.101.00I		2011-01-01 18:53:39.028921	2011-01-15 17:55:49.307416	Inventory	10016	Item	0.96999999999999997
564	Powder Coated Door (23.875 x 23) | GRANITE	Powder Coated Door (23.875 x 23) | GRANITE	NX 23.875 x 22.552 Granite	\N	000.880.300.a12.00P		2011-01-04 06:35:34.340626	2011-01-04 17:26:20.559604	Purchased	880300a	Item	17.559999999999999
572	Powder Coated Drawer Front (23.875 x 15.3125) | GRANITE	Powder Coated Drawer Front (23.875 x 15.3125) | GRANITE	NX 23.875 x 14.993 Granite	\N	000.880.501.a12.00P		2011-01-04 06:35:34.394849	2011-01-04 17:36:54.954679	Purchased	880501a	Item	12.359999999999999
577	Powder Coated Door (23.875 x 68) | RED	Powder Coated Door (23.875 x 68) | RED	NX 23.875 x 67.906 Red	\N	000.880.306.b12.00P		2011-01-04 06:35:34.420907	2011-01-04 17:31:41.977816	Purchased		Item	49.369999999999997
581	Powder Coated Drawer Front (23.875 x 7.5625) | RED	Powder Coated Drawer Front (23.875 x 7.5625) | RED	NX 23.875 x 7.434 Red	\N	000.880.500.b12.00P		2011-01-04 06:35:34.440935	2011-01-04 17:40:33.500807	Purchased	880500b	Item	8.5199999999999996
568	Powder Coated Door (23.875 x 75) | GRANITE	Powder Coated Door (23.875 x 75) | GRANITE	NX 23.875 x 75.466 Granite	\N	000.880.307.a12.00P		2011-01-04 06:35:34.373923	2011-01-04 17:32:37.993911	Purchased		Item	51.259999999999998
583	Powder Coated Drawer Front (23.875 x 3.71875) | RED	Powder Coated Drawer Front (23.875 x 3.71875) | RED	NX 23.875 x 3.655 Red	\N	000.880.502.b12.00P		2011-01-04 06:35:34.451457	2011-01-04 17:40:58.904941	Purchased	880502b	Item	8.5199999999999996
573	Powder Coated Drawer Front (23.875 x 3.71875) | GRANITE	Powder Coated Drawer Front (23.875 x 3.71875) | GRANITE	NX 23.875 x 3.655 Granite	\N	000.880.502.a12.00P		2011-01-04 06:35:34.399972	2011-01-04 17:38:17.798021	Purchased	880502a	Item	8.5199999999999996
582	Powder Coated Drawer Front (23.875 x 15.3125) | RED	Powder Coated Drawer Front (23.875 x 15.3125) | RED	NX 23.875 x 14.993 Red	\N	000.880.501.b12.00P		2011-01-04 06:35:34.446227	2011-01-04 17:41:17.912969	Purchased	880501b	Item	12.359999999999999
580	Powder Coated Door (23.875 x 90) | RED	Powder Coated Door (23.875 x 90) | RED	NX 23.875 x 90.584 Red	\N	000.880.309.b12.00P		2011-01-04 06:35:34.435866	2011-01-04 17:41:36.552468	Purchased	TBD	Item	60
98	~ Closet Rod | Polished Chrome	Wardrobe Tube Alu. Chr Pol. 1 5/16	801.42.200	\N	000.990.000.100.00I		2011-01-01 18:53:53.498595	2011-01-09 20:07:18.638846	Inventory	30078	Item	10.82
591	~ Pole Cups (L+R pair) | Matte Nickel	Wardrobe Tube Support Zn Ni Matt F/1 5/16	803.56.600	\N	000.995.000.200.00I		2011-01-07 04:14:09.625673	2011-01-09 20:05:00.184163	Inventory	30080	Item	1.73
592	~ Wood Dowels 8mm x 30mm	Dowel Wood 8 x 30mm (Box Qty 2,000)	71510830	\N			2011-01-07 04:54:03.46847	2011-01-10 18:07:08.710016	Inventory	1010	Item	0.0091000000000000004
264	NX Base Cabinet 1 Drawer 1 Door	NX Base Cabinet 1 Drawer 1 Door 		\N	000.211.233.x.00M	NX-B1D1-1AS	2011-01-01 18:54:10.337867	2011-01-02 16:33:33.29154	Manufactured		Cabinet	\N
53	~ Shoe Fence (18") | Matte Nickel	Shoe Fence, steel, matte nickel, 17"	547.51.602	\N	000.980.018.200.00P		2011-01-01 18:53:51.103007	2011-01-10 18:16:24.565746	Purchased	30068	Item	2.5760000000000001
13	~ Screw (Drawer Slide Full Ext) #8 x 7/16"	Screw Bb Slides Pn Hd Ph Drv #8 X 7/16	013.09.900	\N	000.013.009.900.00I		2011-01-01 18:53:39.076796	2011-01-09 23:32:51.325537	Inventory	10025	Item	0.014999999999999999
5	~ Handle Black | 128mm	Handle St.Bl.Matt M4 Ctc 128Mm	117.31.330	\N	000.117.031.103.00I		2011-01-01 18:53:39.039357	2011-01-09 23:06:55.546224	Inventory	10013	Item	0.88
4	~ Handle Bronze | 128mm	Handle St Oil-Rubbed Bzd M4 Ctc 128Mm	117.31.334	\N	000.117.031.102.00I		2011-01-01 18:53:39.034691	2011-01-09 23:05:37.264293	Inventory	10011	Item	0.93999999999999995
2	~ Handle Chrome | 128mm	Handle St.Chr.Pol.M4 Ctc.128Mm	117.31.230	\N	000.117.031.100.00I		2011-01-01 18:53:39.024264	2011-01-15 17:56:33.381692	Inventory	10014	Item	0.96999999999999997
50	~ Shoe Fence (18") | Polished Chrome	Shoe Fence, steel, chrome, 17"	547.51.202	\N	000.980.018.100.00P		2011-01-01 18:53:50.898259	2011-01-10 18:17:50.071486	Purchased	30062	Item	2.7440000000000002
109	~ Shelf Pin (Spoon)	Shelf Support St.Nip.Dia.5X24mm	282.40.708	\N	000.999.040.000.00I		2011-01-01 18:53:53.629835	2011-01-11 03:26:02.002137	Inventory	10032	Item	0.0118
12	~ Shelf Pin (Spoon)	Shelf Support St.Nip.Dia.5X24mm	282.40.708	\N	000.282.040.708.00I		2011-01-01 18:53:39.072234	2011-01-11 03:25:25.949218	Inventory	10032	Item	0.0118
52	~ Shoe Fence (30") | Polished Chrome	Shoe Fence, steel, chrome, 29"	547.51.204	\N	000.980.030.100.00P		2011-01-01 18:53:51.089851	2011-01-10 18:21:29.844317	Purchased	30064	Item	4.1299999999999999
247	CL Hutch Panel 36 - Thru	CL Hutch Panel 36 - Thru 		\N	000.201.036.x.00M	CL-VHP-36-T	2011-01-01 18:54:08.325118	2011-01-03 15:37:45.42388	Manufactured		ClosetPartition	\N
22	Decor Crown Molding - 423 | Antique White	Decor Crown Molding - 423 | Antique White		\N	000.301.000.002.00P		2011-01-01 18:53:39.169096	2011-01-12 02:49:54.381044	Purchased		Item	26.170000000000002
593	~ Screw (Assembly) 2", #6 x 2"	Screw, #6 x 2' (Box Qty 3,500)	0461062408	\N			2011-01-07 04:56:59.068395	2011-01-10 18:06:10.101706	Inventory	1005	Item	0.0080800000000000004
106	Molding nailer	Molding nailer		\N	000.999.010.000.00M	CP-MN	2011-01-01 18:53:53.615499	2011-01-10 02:14:28.160574	Manufactured		Item	\N
68	~ Jewelry Tray (18)	Jewelry Tray (18)		\N	000.984.018.000.00P		2011-01-01 18:53:52.578565	2011-01-10 16:35:47.88372	Purchased	JT18	Item	\N
26	Decor Crown Molding - 423 | Carmel Apple	Decor Crown Molding - 423 | Carmel Apple		\N	000.301.000.004.00P		2011-01-01 18:53:39.373062	2011-01-12 02:46:53.546478	Purchased		Item	29.93
23	Decor Crown Molding - 424 | Antique White	Decor Crown Molding - 424 | Antique White		\N	000.302.000.002.00P		2011-01-01 18:53:39.182511	2011-01-12 02:51:23.362073	Purchased		Item	27.739999999999998
32	Decor Crown Molding - 423 | Chocolate Apple	Decor Crown Molding - 423 | Chocolate Apple		\N	000.301.000.007.00P		2011-01-01 18:53:39.528872	2011-01-12 02:53:16.198861	Purchased		Item	29.93
24	Decor Crown Molding - 423 | Folkstone Gray	Decor Crown Molding - 423 | Folkstone Gray		\N	000.301.000.003.00P		2011-01-01 18:53:39.317517	2011-01-12 02:54:29.662761	Purchased		Item	26.170000000000002
30	Decor Crown Molding - 423 | Mahogany Impressions	Decor Crown Molding - 423 | Mahogany Impressions		\N	000.301.000.006.00P		2011-01-01 18:53:39.477703	2011-01-12 02:57:25.468739	Purchased		Item	29.93
16	Decor Crown Molding - 423 | White	Decor Crown Molding - 423 | White		\N	000.301.000.001.00P		2011-01-01 18:53:39.090582	2011-01-12 02:58:19.226483	Purchased		Item	25.030000000000001
28	Decor Crown Molding - 423 | Wild Apple	Decor Crown Molding - 423 | Wild Apple		\N	000.301.000.005.00P		2011-01-01 18:53:39.426923	2011-01-12 02:59:19.309076	Purchased		Item	29.93
27	Decor Crown Molding - 424 | Carmel Apple	Decor Crown Molding - 424 | Carmel Apple		\N	000.302.000.004.00P		2011-01-01 18:53:39.387617	2011-01-12 03:03:23.944383	Purchased		Item	32.399999999999999
33	Decor Crown Molding - 424 | Chocolate Apple	Decor Crown Molding - 424 | Chocolate Apple		\N	000.302.000.007.00P		2011-01-01 18:53:39.541751	2011-01-12 03:04:59.978274	Purchased		Item	32.399999999999999
25	Decor Crown Molding - 424 | Folkstone Gray	Decor Crown Molding - 424 | Folkstone Gray		\N	000.302.000.003.00P		2011-01-01 18:53:39.331962	2011-01-12 03:05:40.830107	Purchased		Item	27.739999999999998
31	Decor Crown Molding - 424 | Mahogany Impressions	Decor Crown Molding - 424 | Mahogany Impressions		\N	000.302.000.006.00P		2011-01-01 18:53:39.48964	2011-01-12 03:06:54.941552	Purchased		Item	32.399999999999999
29	Decor Crown Molding - 424 | Wild Apple	Decor Crown Molding - 424 | Wild Apple		\N	000.302.000.005.00P		2011-01-01 18:53:39.439565	2011-01-12 03:08:03.157259	Purchased		Item	32.399999999999999
291	CTOP - Classic (3 Week Lead Time) | Laminate D403 White Sand	CTOP - Classic (3 Week Lead Time) | Laminate D403 White Sand		\N	000.401.000.321.00P		2011-01-01 18:54:15.353702	2011-01-03 00:43:37.582758	Purchased		Item	185.84999999999999
18	CTOP - 3/4 in. melamine	CTOP 3/4 in. melamine		\N	000.401.000.x.00M	MEL-CTOP-19	2011-01-01 18:53:39.115352	2011-01-02 02:32:59.923763	Manufactured		Countertop	\N
17	Decor Crown Molding - 424 | White	Decor Crown Molding - 424 | White		\N	000.302.000.001.00P		2011-01-01 18:53:39.10285	2011-01-06 00:52:06.609677	Purchased		Item	26.504999999999999
11	~ Screw (Assembly) 1-1/4", #8 x 1-1/4"	Screw, Zip-R, Fl Csk, T17, Ph Drv #8 X 1 1/4	010.21.968	\N	000.010.022.068.00I		2011-01-01 18:53:39.06776	2011-01-09 23:36:27.423278	Inventory	10030	Item	0.0080000000000000002
7	~ Hinge Plate	Hinge Plate	65BARGL09	\N	000.311.070.570.00I		2011-01-01 18:53:39.049462	2011-01-11 03:28:10.804314	Inventory	1025	Item	0.40000000000000002
92	~ Sliding Wire Basket (18x11x14) | Oil Rubbed Bronze	Closet Basket, steel, dark oil rubbed bronze, 14"d x 17"w x 11"h	547.35.146	\N	000.986.181.300.00P		2011-01-01 18:53:53.394364	2011-01-09 21:22:47.479365	Purchased	30022-1	Item	21.52
43	CL Backing Panel	CL Backing Panel 		\N	000.960.000.x.00M	CL-BKP	2011-01-01 18:53:45.006308	2011-01-14 05:00:22.631878	Manufactured		BackingPanel	\N
58	~ Shoe Fence (30") | Oil Rubbed Bronze	Shoe Fence, steel, dark oil rubbed bronze, 29"	547.51.104	\N	000.980.030.300.00P		2011-01-01 18:53:51.297559	2011-01-10 18:20:49.335887	Purchased	30067	Item	3.6899999999999999
93	~ Sliding Wire Basket (24x11x14) | Oil Rubbed Bronze	Closet Basket, steel, dark oil rubbed bronze, 14"d x 23"w x 11"h	547.36.146	\N	000.986.241.300.00P		2011-01-01 18:53:53.409919	2011-01-09 21:18:48.235602	Purchased	30025-1	Item	25.48
55	~ Shoe Fence (30") | Matte Nickel	Shoe Fence, steel, matt nickel, 29"	547.51.604	\N	000.980.030.200.00P		2011-01-01 18:53:51.220906	2011-01-10 18:20:04.310258	Purchased	30070	Item	3.8199999999999998
57	~ Shoe Fence (24") | Oil Rubbed Bronze	Shoe Fence, steel, dark oil rubbed bronze, 23"	547.51.103	\N	000.980.024.300.00P		2011-01-01 18:53:51.284913	2011-01-10 18:18:58.629563	Purchased	30066	Item	3.024
91	~ Sliding Wire Basket (30x6x14) | Oil Rubbed Bronze	DOES THIS ITEM EXIST?	547.37.142	\N	000.986.306.300.00P		2011-01-01 18:53:53.349157	2011-01-11 04:13:43.656818	Purchased		Item	23.879999999999999
97	~ Sliding Wire Basket (30x17x14) | Oil Rubbed Bronze	Closet Basket, steel, white, 14"d x 29"w x 17"h	547.37.748 	\N	000.986.307.300.00P		2011-01-01 18:53:53.476159	2011-01-11 04:17:24.737334	Purchased		Item	28.010000000000002
76	~ Sliding Wire Basket (30x11x14) | Polished Chrome	Closet Basket, steel, chrome-plated, 14"d x 29"w x 11"h	547.37.246	\N	000.986.301.100.00P		2011-01-01 18:53:52.671263	2011-01-09 21:36:43.379597	Purchased	30010-1	Item	23.780000000000001
90	~ Sliding Wire Basket (24x6x14) | Oil Rubbed Bronze	Closet Basket, steel, dark oil rubbed bronze, 14"d x 23"w x 6h	547.36.142	\N	000.986.246.300.00P		2011-01-01 18:53:53.332436	2011-01-09 21:16:23.887609	Purchased	30027-1	Item	20.300000000000001
96	~ Sliding Wire Basket (24x17x14) | Oil Rubbed Bronze	Closet Basket, steel, dark oil rubbed bronze, 14"d x 23"w x 17"h	547.36.148	\N	000.986.247.300.00P		2011-01-01 18:53:53.463268	2011-01-09 21:17:29.974915	Purchased	30026-1	Item	28.850000000000001
95	~ Sliding Wire Basket (18x17x14) | Oil Rubbed Bronze	Closet Basket, steel, dark oil rubbed bronze, 14"d x 17"w x 17"h	547.35.148	\N	000.986.187.300.00P		2011-01-01 18:53:53.449682	2011-01-09 21:21:38.178549	Purchased	30023-1	Item	27.859999999999999
85	~ Sliding Wire Basket (30x11x14) | Matte Nickel	Closet Basket, steel, matt nickel, 14"d x 29"w x 11"h	547.37.646	\N	000.986.301.200.00P		2011-01-01 18:53:53.123341	2011-01-09 20:51:50.644208	Purchased	30047-1	Item	25.170000000000002
78	~ Sliding Wire Basket (24x17x14) | Polished Chrome	Closet Basket, steel, chrome-plated, 14"d x 23"w x 17"h	547.40.248	\N	000.986.247.100.00P		2011-01-01 18:53:52.740245	2011-01-11 16:39:14.363969	Purchased	30008-1	Item	26.600000000000001
87	~ Sliding Wire Basket (24x17x14) | Matte Nickel	Closet Basket, steel, matt nickel, 14"d x 23"w x 17"h	547.36.648	\N	000.986.247.200.00P		2011-01-01 18:53:53.197429	2011-01-09 20:56:03.78577	Purchased	30045-1	Item	26.84
71	~ Sliding Wire Basket (18x6x14) | Polished Chrome	Closet Basket, steel, chrome-plated, 14"d x 17"w x 6"h	547.35.242	\N	000.986.186.100.00P		2011-01-01 18:53:52.604856	2011-01-09 21:42:13.935885	Purchased	30006-1	Item	17.969999999999999
77	~ Sliding Wire Basket (18x17x14) | Polished Chrome	Closet Basket, steel, chrome-plated, 14"d x 17"w x 17"h	547.35.248	\N	000.986.187.100.00P		2011-01-01 18:53:52.684273	2011-01-09 21:42:55.94716	Purchased	30005-1	Item	22.510000000000002
74	~ Sliding Wire Basket (18x11x14) | Polished Chrome	Closet Basket, steel, chrome-plated, 14"d x 17"w x 11"h	547.35.246	\N	000.986.181.100.00P		2011-01-01 18:53:52.64428	2011-01-09 21:43:34.431196	Purchased	30004-1	Item	19.649999999999999
59	~ Tie Rack | Polished Chrome 13-7/8"	Synergy Tie Rack with Slide, aluminum, chrome-plated polished, plastic, black, 13 7/8" length	807.67.203	\N	000.981.000.100.00P		2011-01-01 18:53:51.385759	2011-01-11 18:32:13.064089	Purchased		Item	21.300000000000001
82	~ Sliding Wire Basket (30x6x14) | Matte Nickel	Closet Basket, steel, matt nickel, 14"d x 29"w x 6"h	547.37.642	\N	000.986.306.200.00P		2011-01-01 18:53:53.001264	2011-01-09 20:49:45.608784	Purchased	30049-1	Item	23.66
88	~ Sliding Wire Basket (30x17x14) | Matte Nickel	Closet Basket, steel, matt nickel, 14"d x 29"w x 17"h	547.37.648	\N	000.986.307.200.00P		2011-01-01 18:53:53.216421	2011-01-09 20:50:40.29837	Purchased	30048-1	Item	29.68
81	~ Sliding Wire Basket (24x6x14) | Matte Nickel	Closet Basket, steel, matt nickel, 14"d x 23"w x 6"h	547.36.642	\N	000.986.246.200.00P		2011-01-01 18:53:52.890631	2011-01-09 20:52:45.760997	Purchased	30046-1	Item	22.800000000000001
84	~ Sliding Wire Basket (24x11x14) | Matte Nickel	Closet Basket, steel, matt nickel, 14"d x 17"w x 11"h	547.36.646	\N	000.986.241.200.00P		2011-01-01 18:53:53.097122	2011-01-11 16:44:09.572574	Purchased	30044-1	Item	24.030000000000001
89	~ Sliding Wire Basket (18x6x14) | Oil Rubbed Bronze	Closet Basket, steel, dark oil rubbed bronze, 14"d x 17"w x 6"h	547.35.142	\N	000.986.186.300.00P		2011-01-01 18:53:53.229037	2011-01-09 21:20:24.337227	Purchased	30024-1	Item	20.100000000000001
86	~ Sliding Wire Basket (18x17x14) | Matte Nickel	Closet Basket, steel, matt nickel, 14"d x 17"w x 17"h	547.35.648	\N	000.986.187.200.00P		2011-01-01 18:53:53.184097	2011-01-09 20:58:48.036525	Purchased	30042-1	Item	24.510000000000002
70	~ Jewelry Tray (30)	Jewelry Tray (30)		\N	000.984.030.000.00P		2011-01-01 18:53:52.594879	2011-01-10 16:37:06.723014	Purchased	JT30	Item	\N
594	~ Klix cam 15mm x 14mm	15Mm X 14Mm Klix Cam Zinc..	6705656ZN	\N			2011-01-07 04:58:59.368516	2011-01-10 17:53:24.555898	Inventory	10050	Item	0.078189999999999996
595	~ Quickfit dowel 8mm x 24mm	8M 24M Quickfit TI3 Dowl S-Tan	6705395871	\N			2011-01-07 05:00:43.365099	2011-01-10 17:54:28.632326	Inventory	10051	Item	0.0596
73	~ Sliding Wire Basket (30x6x14) | Polished Chrome	Closet Basket, steel, chrome-plated, 14"d x 29"w x 6"h	547.37.242	\N	000.986.306.100.00P		2011-01-01 18:53:52.630794	2011-01-09 21:33:01.218323	Purchased	30012-1	Item	22.120000000000001
79	~ Sliding Wire Basket (30x17x14) | Polished Chrome	Closet Basket, steel, chrome-plated, 14"d x 29"w x 17"h	547.37.248	\N	000.986.307.100.00P		2011-01-01 18:53:52.799206	2011-01-09 21:33:42.247698	Purchased	30011-1	Item	29.030000000000001
56	~ Shoe Fence (18") | Oil Rubbed Bronze	Shoe Fence, steel, dark oil rubbed bronze, 17"	547.51.102	\N	000.980.018.300.00P		2011-01-01 18:53:51.236121	2011-01-10 18:17:13.713465	Purchased	30065	Item	2.512
334	CTOP - Futura (3 Week Lead Time) | Laminate 1573 Frosty White	CTOP - Futura (3 Week Lead Time) | Laminate 1573 Frosty White		\N	000.401.003.301.00P		2011-01-01 18:54:18.579324	2011-01-03 00:44:40.98914	Purchased		Item	166.15000000000001
104	~ Hang Bracket | Left	Cabinet Hanger St Galv Lh	290.02.711	\N	000.999.100.000.00I		2011-01-01 18:53:53.597598	2011-01-09 23:02:22.828931	Inventory	10008	Item	0.92000000000000004
103	~ Pole Cups (L+R pair) | Oil Rubbed Bronze	Wardrobe Tube Support Zn. Oil- Rubbed Bzd For 1 5/16	803.56.100	\N	000.995.000.300.00I		2011-01-01 18:53:53.585173	2011-01-09 20:02:26.578248	Inventory	30082	Item	1.992
137	~ Sliding Wire Basket (18x6x16) | Matte Nickel	Closet Basket, steel, matt nickel, 16"d x 17"w x 6"h	547.35.662	\N	000.987.186.200.00P		2011-01-01 18:53:54.619103	2011-01-09 20:39:35.357268	Purchased	30052-1	Item	20.699999999999999
105	~ Hang Bracket | Right	Cabinet Hanger St Galv Rh	290.02.710	\N	000.999.001.000.00I		2011-01-01 18:53:53.602502	2011-01-09 23:03:02.053807	Inventory	10009	Item	0.92000000000000004
100	~ Closet Rod | Oil Rubbed Bronze	Wardrobe Tube Alu. Oil Rubbed Bzd 1 5/16	801.42.100	\N	000.990.000.300.00I		2011-01-01 18:53:53.526258	2011-01-10 23:45:23.733402	Inventory	30079	Item	12.952
596	ZZ Toe-Kick DON'T DELETE			\N			2011-01-07 06:43:46.374507	2011-01-12 17:28:24.502859	Manufactured		Panel	\N
129	~ Sliding Wire Basket (24x6x16) | Polished Chrome	Closet Basket, steel, chrome-plated, 16"d x 23"w x 6"h	547.36.262	\N	000.987.246.100.00P		2011-01-01 18:53:54.221078	2011-01-09 21:26:46.337939	Purchased	30018-1	Item	22.559999999999999
132	~ Sliding Wire Basket (24x11x16) | Polished Chrome	Closet Basket, steel, chrome-plated, 16"d x 23"w x 11"h	547.36.266	\N	000.987.241.100.00P		2011-01-01 18:53:54.38009	2011-01-09 21:28:55.636807	Purchased	30016-1	Item	23.510000000000002
128	~ Sliding Wire Basket (18x6x16) | Polished Chrome	Closet Basket, steel, chrome-plated, 16"d x 17"w x 6"h	547.35.262	\N	000.987.186.100.00P		2011-01-01 18:53:54.20815	2011-01-09 21:29:56.770571	Purchased	30015-1	Item	19.25
131	~ Sliding Wire Basket (18x11x16) | Polished Chrome	Closet Basket, steel, chrome-plated, 16"d x 17"w x 11"h	547.35.266	\N	000.987.181.100.00P		2011-01-01 18:53:54.258039	2011-01-09 21:31:40.089464	Purchased	30013-1	Item	21.050000000000001
67	~ Valet Rod | Oil Rubbed Bronze 14-1/8"	Synergy Closet Valet, aluminum, dark oil rubbed bronzed, plastic, black, 14 1/8" length	808.71.103	\N	000.983.000.300.00P		2011-01-01 18:53:52.492961	2011-01-11 18:21:02.504783	Purchased		Item	17.789999999999999
121	~ Sliding Wire Basket (30x6x12) | Matte Nickel	Closet Basket, steel, matt nickel, 12"d x 29"w x 6"h	547.37.622	\N	000.985.306.200.00P		2011-01-01 18:53:53.863279	2011-01-11 04:15:48.454765	Purchased		Item	19
118	~ Sliding Wire Basket (30x17x12) | Polished Chrome	Closet Basket, steel, chrome-plated, 12"d x 29"w x 17"h	547.37.228 	\N	000.985.307.100.00P		2011-01-01 18:53:53.738219	2011-01-11 04:20:28.044561	Purchased		Item	28.760000000000002
124	~ Sliding Wire Basket (30x11x12) | Matte Nickel	Closet Basket, steel, matt nickel, 12"d x 29"w x 11"h	547.37.626	\N	000.985.301.200.00P		2011-01-01 18:53:53.958893	2011-01-11 04:28:18.178692	Purchased		Item	25
111	~ Sliding Wire Basket (24x6x12) | Polished Chrome	Closet Basket, steel, chrome-plated, 12"d x 23"w x 6"h	547.40.222 	\N	000.985.246.100.00P		2011-01-01 18:53:53.648484	2011-01-11 04:31:34.558048	Purchased		Item	19.77
126	~ Sliding Wire Basket (24x17x12) | Matte Nickel	Closet Basket, steel, matt nickel, 12"d x 23"w x 11"h	547.36.628	\N	000.985.247.200.00P		2011-01-01 18:53:54.146194	2011-01-11 04:37:15.763311	Purchased	30039-1	Item	26
114	~ Sliding Wire Basket (24x11x12) | Polished Chrome	Closet Basket, steel, chrome-plated, 12"d x 23"w x 11"h	547.40.226	\N	000.985.241.100.00P		2011-01-01 18:53:53.686941	2011-01-11 04:39:38.905359	Purchased		Item	24.809999999999999
119	~ Sliding Wire Basket (18x6x12) | Matte Nickel	Closet Basket, steel, matt nickel, 12"d x 17"w x 6"h	547.35.622	\N	000.985.186.200.00P		2011-01-01 18:53:53.752304	2011-01-11 04:54:29.262513	Purchased		Item	16.75
125	~ Sliding Wire Basket (18x17x12) | Matte Nickel	Closet Basket, steel, matt nickel, 12"d x 17"w x 17"h	547.35.628	\N	000.985.187.200.00P		2011-01-01 18:53:54.07906	2011-01-11 04:46:36.200216	Purchased		Item	22.5
140	~ Sliding Wire Basket (18x11x16) | Matte Nickel	Closet Basket, steel, matt nickel, 16"d x 17"w x 11"h	547.35.666	\N	000.987.181.200.00P		2011-01-01 18:53:54.681235	2011-01-09 20:47:48.074599	Purchased	30050-1	Item	21.649999999999999
113	~ Sliding Wire Basket (18x11x12) | Polished Chrome	Closet Basket, steel, chrome-plated, 12"d x 17"w x 11"h	547.38.226	\N	000.985.181.100.00P		2011-01-01 18:53:53.673204	2011-01-11 04:52:49.100426	Purchased		Item	19.859999999999999
134	~ Sliding Wire Basket (18x17x16) | Polished Chrome	Closet Basket, steel, chrome-plated, 16"d x 17"w x 17"h	547.35.268	\N	000.987.187.100.00P		2011-01-01 18:53:54.509174	2011-01-09 21:30:50.724825	Purchased	30014-1	Item	23.300000000000001
110	~ Sliding Wire Basket (18x6x12) | Polished Chrome	Closet Basket, steel, chrome-plated, 12"d x 17"w x 6"h	547.38.222	\N	000.985.186.100.00P		2011-01-01 18:53:53.635417	2011-01-11 04:56:15.540019	Purchased		Item	17.109999999999999
122	~ Sliding Wire Basket (18x11x12) | Matte Nickel	Closet Basket, steel, matt nickel, 12"d x 17"w x 11"h	547.35.626	\N	000.985.181.200.00P		2011-01-01 18:53:53.877789	2011-01-11 04:48:31.088702	Purchased		Item	18.75
130	~ Sliding Wire Basket (30x6x16) | Polished Chrome	Closet Basket, steel, chrome-plated, 16"d x 29"w x 6"h	547.37.262	\N	000.987.306.100.00P		2011-01-01 18:53:54.233435	2011-01-09 21:23:49.720487	Purchased	30021-1	Item	24.309999999999999
112	~ Sliding Wire Basket (30x6x12) | Polished Chrome	Closet Basket, steel, chrome-plated, 12"d x 29"w x 6"h	547.37.222 	\N	000.985.306.100.00P		2011-01-01 18:53:53.661007	2011-01-11 04:14:50.209835	Purchased		Item	19.210000000000001
136	~ Sliding Wire Basket (30x17x16) | Polished Chrome	Closet Basket, steel, chrome-plated, 16"d x 29"w x 17"h	547.37.268	\N	000.987.307.100.00P		2011-01-01 18:53:54.573313	2011-01-09 21:24:33.644684	Purchased	30020-1	Item	30.239999999999998
127	~ Sliding Wire Basket (30x17x12) | Matte Nickel	Closet Basket, steel, matt nickel, 12"d x 29"w x 17"h\r\n	547.37.628	\N	000.985.307.200.00P		2011-01-01 18:53:54.187019	2011-01-11 04:21:51.621787	Purchased		Item	28
133	~ Sliding Wire Basket (30x11x16) | Polished Chrome	Closet Basket, steel, chrome-plated, 16"d x 29"w x 11"h	547.37.266	\N	000.987.301.100.00P		2011-01-01 18:53:54.428492	2011-01-09 21:25:32.940031	Purchased	30019-1	Item	26.059999999999999
115	~ Sliding Wire Basket (30x11x12) | Polished Chrome	Closet Basket, steel, chrome-plated, 12"d x 29"w x 11"h	547.37.226 	\N	000.985.301.100.00P		2011-01-01 18:53:53.699484	2011-01-11 04:26:16.159694	Purchased		Item	25.420000000000002
138	~ Sliding Wire Basket (24x6x16) | Matte Nickel	Closet Basket, steel, matt nickel, 16"d x 23"w x 6"h	547.36.662	\N	000.987.246.200.00P		2011-01-01 18:53:54.638615	2011-01-09 20:36:10.768551	Purchased	30055-1	Item	24.09
135	~ Sliding Wire Basket (24x17x16) | Polished Chrome	Closet Basket, steel, chrome-plated, 16"d x 23"w x 17"h	547.40.268	\N	000.987.247.100.00P		2011-01-01 18:53:54.555586	2011-01-11 16:40:52.658111	Purchased	30017-1	Item	28.550000000000001
117	~ Sliding Wire Basket (24x17x12) | Polished Chrome	Closet Basket, steel, chrome-plated, 12"d x 23"w x 17"h	547.36.228 	\N	000.985.247.100.00P		2011-01-01 18:53:53.725988	2011-01-11 04:35:33.423971	Purchased		Item	26.18
141	~ Sliding Wire Basket (24x11x16) | Matte Nickel	Closet Basket, steel, matt nickel, 16"d x 23"w x 11"h	547.36.666	\N	000.987.241.200.00P		2011-01-01 18:53:54.700015	2011-01-09 20:38:40.081371	Purchased	30053-1	Item	25.050000000000001
369	CTOP - Geneva (3 Week Lead Time) | Laminate 4887 Tan Soapstone	CTOP - Geneva (3 Week Lead Time) | Laminate 4887 Tan Soapstone		\N	000.401.004.315.00P		2011-01-01 18:54:21.638715	2011-01-03 00:55:43.684174	Purchased		Item	177.84999999999999
373	CTOP - Geneva (3 Week Lead Time) | Laminate 10776 Kingstone Maple	CTOP - Geneva (3 Week Lead Time) | Laminate 10776 Kingstone Maple		\N	000.401.004.319.00P		2011-01-01 18:54:21.805072	2011-01-03 00:51:26.990528	Purchased		Item	177.84999999999999
367	CTOP - Geneva (3 Week Lead Time) | Laminate 4885 Green Soapstone	CTOP - Geneva (3 Week Lead Time) | Laminate 4885 Green Soapstone		\N	000.401.004.313.00P		2011-01-01 18:54:21.399378	2011-01-03 00:55:12.009753	Purchased		Item	177.84999999999999
365	CTOP - Geneva (3 Week Lead Time) | Laminate 4883 Sable Soapstone	CTOP - Geneva (3 Week Lead Time) | Laminate 4883 Sable Soapstone		\N	000.401.004.311.00P		2011-01-01 18:54:21.308171	2011-01-03 00:54:47.998983	Purchased		Item	177.84999999999999
372	CTOP - Geneva (3 Week Lead Time) | Laminate 7948 Mambo	CTOP - Geneva (3 Week Lead Time) | Laminate 7948 Mambo		\N	000.401.004.318.00P		2011-01-01 18:54:21.751996	2011-01-03 00:56:46.396015	Purchased		Item	193.84999999999999
150	~ Sliding Wire Basket (24x11x16) | Oil Rubbed Bronze	Closet Basket, steel, dark oil rubbed bronze, 16"d x 23"w x 11"h	547.36.166	\N	000.987.241.300.00P		2011-01-01 18:53:55.204072	2011-01-09 21:10:35.332241	Purchased	30032-1	Item	26.5
171	~ Drawer Slide | Full ext | 12"	Accuride C3732-12P St Zip 100Lb	422.88.931	\N	000.710.012.000.00I		2011-01-01 18:53:55.826341	2011-01-09 21:54:06.023905	Inventory	10073	Item	5.3399999999999999
172	~ Drawer Slide | Full ext | 14"	Drawer glide 14", full extension 100Lb	422.88.936	\N	000.710.014.000.00I		2011-01-01 18:53:55.875115	2011-01-13 00:51:35.139297	Inventory	1070	Item	2.98
145	~ Sliding Wire Basket (30x17x16) | Matte Nickel	Closet Basket, steel, matt nickel, 16"d x 29"w x 17"h	547.37.668	\N	000.987.307.200.00P		2011-01-01 18:53:54.808834	2011-01-09 20:34:01.238329	Purchased	30057-1	Item	31.030000000000001
161	~ Tilt-Out Hamper (30")	Synergy Tilt-Out Hamper, steel, black, 28 1/8" width, 2 black nylon bags included	547.43.305	\N	000.989.030.000.00P		2011-01-01 18:53:55.638594	2011-01-11 04:50:49.733794	Purchased	30087	Item	61.5
156	~ Cam (Double Stud)	Rafix Dbl.Bolt St.Zip 5/7 F.19Mm	263.24.972	\N	000.999.070.000.00I		2011-01-01 18:53:55.385639	2011-01-09 23:11:18.922398	Inventory	10019	Item	0.073599999999999999
175	~ Drawer Slide | Full ext | 20"	Accuride C3732-20P St Zip 100Lb	422.88.951	\N	000.710.020.000.00I		2011-01-01 18:53:56.00019	2011-01-09 23:01:12.01879	Inventory	10004	Item	6.1500000000000004
144	~ Sliding Wire Basket (24x17x16) | Matte Nickel	Closet Basket, steel, matt nickel, 16"d x 23"w x 17"h	547.36.668	\N	000.987.247.200.00P		2011-01-01 18:53:54.789717	2011-01-09 20:37:30.853924	Purchased	30054-1	Item	27.949999999999999
176	~ Drawer Slide | Full ext | 22"	Accuride C3732-22P St Zip 100Lb	422.88.956	\N	000.710.022.000.00I		2011-01-01 18:53:56.006081	2011-01-11 17:11:19.315342	Inventory	10056	Item	6.1500000000000004
164	~ Drawer Slide | 3/4 ext | 12"	Soft-Roller 100Lbs St White 300mm 12"	423.37.730	\N	000.423.037.730.00I		2011-01-01 18:53:55.791252	2011-01-10 17:59:56.17072	Inventory	10076	Item	0.83999999999999997
155	~ Cam (Screw-In Stud)	Rafix Bolt St.Zip Dia. 7X11Mm 5Mm	263.20.847	\N	000.999.060.000.00I		2011-01-01 18:53:55.380916	2011-01-09 23:12:01.194963	Inventory	10040	Item	0.042299999999999997
169	~ Drawer Slide | 3/4 ext | 22"	Soft-Roller 100Lbs St White 550mm 22"	423.37.755	\N	000.423.037.755.00I		2011-01-01 18:53:55.816594	2011-01-10 23:43:32.357886	Inventory	10074	Item	1.4099999999999999
166	~ Drawer Slide | 3/4 ext | 16"	Soft-Roller 100Lbs St White 400mm 16"	423.37.740	\N	000.423.037.740.00I		2011-01-01 18:53:55.801622	2011-01-11 05:14:23.514105	Inventory	10035	Item	0.97999999999999998
153	~ Sliding Wire Basket (24x17x16) | Oil Rubbed Bronze	Closet Basket, steel, dark oil rubbed bronze,16"d x 23"w x 17"h	547.36.168	\N	000.987.247.300.00P		2011-01-01 18:53:55.35627	2011-01-09 21:09:30.268664	Purchased	30033-1	Item	30.449999999999999
180	~ Wardrobe Lift (20-26") | Matte Nickel	Wardrobe Lift, steel, nickel-plated, black, 21 1/4" - 26", 26 lbs load capacity	805.31.601 	\N	000.988.026.200.00P		2011-01-01 18:53:56.083546	2011-01-11 03:56:27.627243	Purchased		Item	68.462999999999994
154	~ Sliding Wire Basket (30x17x16) | Oil Rubbed Bronze	Closet Basket, steel, dark oil rubbed bronze, 16"d x 29"w x 17"h	547.37.168	\N	000.987.307.300.00P		2011-01-01 18:53:55.36885	2011-01-09 21:05:55.503486	Purchased	30036-1	Item	35.93
148	~ Sliding Wire Basket (30x6x16) | Oil Rubbed Bronze	Closet Basket, steel, dark oil rubbed bronze, 16"d x 29"w x 6"h	547.37.162	\N	000.987.306.300.00P		2011-01-01 18:53:54.991918	2011-01-09 21:04:24.669581	Purchased	30037-1	Item	25.079999999999998
159	~ Tilt-Out Hamper (18")	Synergy Tilt-Out Hamper, steel, black, 16 1/4" width, 1 black nylon bag included	547.43.301	\N	000.989.018.000.00P		2011-01-01 18:53:55.535954	2011-01-11 04:49:28.923603	Purchased	30085	Item	47.130000000000003
151	~ Sliding Wire Basket (30x11x16) | Oil Rubbed Bronze	Closet Basket, steel, dark oil rubbed bronze, 16"d x 29"w x 11"h	547.37.166	\N	000.987.301.300.00P		2011-01-01 18:53:55.319084	2011-01-09 21:07:37.921059	Purchased	30035-1	Item	31.890000000000001
173	~ Drawer Slide | Full ext | 16"	Accuride C3732-16P St Zip 100Lb	422.88.941	\N	000.710.016.000.00I		2011-01-01 18:53:55.925264	2011-01-09 22:59:21.030637	Inventory	10002	Item	5.6699999999999999
149	~ Sliding Wire Basket (18x11x16) | Oil Rubbed Bronze	Closet Basket, steel, dark oil rubbed bronze, 16"d x 17"w x 11"h	547.35.166	\N	000.987.181.300.00P		2011-01-01 18:53:55.109521	2011-01-09 21:14:56.338091	Purchased	30029-1	Item	25.039999999999999
143	~ Sliding Wire Basket (18x17x16) | Matte Nickel	Closet Basket, steel, matt nickel, 16"d x 17"w x 17"h	547.35.668	\N	000.987.187.200.00P		2011-01-01 18:53:54.758167	2011-01-09 20:40:18.524021	Purchased	30051-1	Item	25.57
152	~ Sliding Wire Basket (18x17x16) | Oil Rubbed Bronze	Closet Basket, steel, dark oil rubbed bronze, 16"d x 17"w x 17"h	547.35.168	\N	000.987.187.300.00P		2011-01-01 18:53:55.34365	2011-01-09 21:13:07.47431	Purchased	30030-1	Item	29.199999999999999
167	~ Drawer Slide | 3/4 ext | 18"	Soft-Roller 100Lbs St White 450mm 18"	423.37.745	\N	000.423.037.745.00I		2011-01-01 18:53:55.806307	2011-01-11 05:15:48.249935	Inventory	10036	Item	1.0800000000000001
401	CTOP Corner - Classic (3 Week Lead Time) | Laminate 7942 Cocobala	CTOP Corner - Classic (3 Week Lead Time) | Laminate 7942 Cocobala		\N	000.402.000.317.00P		2011-01-01 18:54:23.330579	2011-01-03 01:53:14.427387	Purchased		Item	240.62
203	~ Hutch Base Corner Brace	Hutch Base Corner Brace Unfinished..	260.34.005	\N	000.260.034.905.00I		2011-01-01 18:53:57.23064	2011-01-11 16:47:12.989718	Inventory	10054	Item	0.21099999999999999
236	~ Cam - Flush | White	Rafix SE w/o Ridge White 19mm	263.50.705	\N	000.263.050.705.00I		2011-01-01 18:54:07.455903	2011-01-09 23:12:46.702858	Inventory	10041	Item	0.096000000000000002
238	~ Cam Cover | Beige for Victorian White	Rafix Cover Cap Pl Beige For Flush Cams	263.59.430	\N	000.263.059.430.00I		2011-01-01 18:54:07.544535	2011-01-09 23:21:57.078977	Inventory	10044	Item	0.0106
240	~ Cam Cover | Cinnamon for Autumn Glow	Rafix Cover Cap Pl Cinnamon For Flush Cams	263.59.132	\N	000.263.059.132.00I		2011-01-01 18:54:07.746051	2011-01-09 23:23:53.415475	Inventory	10046	Item	0.0106
239	~ Cam Cover | Wheat for Maple	Rafix Cover Cap Pl Wheat For Flush Cams	263.59.432	\N	000.263.059.432.00I		2011-01-01 18:54:07.647172	2011-01-09 23:22:43.543861	Inventory	10045	Item	0.0106
181	~ Wardrobe Lift (26-35") | Matte Nickel	Wardrobe Lift, steel, nickel-plated, black, 26" - 35 1/16", 26 lbs load capacity	805.31.602	\N	000.988.035.200.00P		2011-01-01 18:53:56.098468	2011-01-11 04:00:15.202276	Purchased		Item	69.677999999999997
237	~ Cam Cover | White for White	Rafix Cover Cap Pl White For Flush Cams	263.59.730	\N	000.263.059.730.00I		2011-01-01 18:54:07.537971	2011-01-09 23:13:51.902051	Inventory	10043	Item	0.0106
241	~ Cam Cover | Brown for Sable Glow	Rafix Cover Cap Pl Brown For Flush Cams	263.59.130	\N	000.263.059.130.00I		2011-01-01 18:54:07.754654	2011-01-09 23:24:41.525601	Inventory	10047	Item	0.0106
201	~ Screw (Euro) 5 x 10mm	Euro Screw 5 x 10mm (Box Qty 500)	3701051002	\N	000.013.014.718.00I		2011-01-01 18:53:57.220655	2011-01-10 18:05:31.948497	Inventory	1003	Item	0.0089099999999999995
217	~ Bumper .335mm x .805mm thick	Bumper Stop Self Adhesive Poly Clear .335 Wide x .805 Thick (Box Qty. 5400)	7129BS7SD	\N	000.356.025.445.00I		2011-01-01 18:54:02.48911	2011-01-10 18:14:18.347893	Inventory	1047	Item	0.02
226	~ Hinge | Corner	Hinge 45 degree Corner	65C2R7M99AC	\N	000.311.066.501.00I		2011-01-01 18:54:02.847892	2011-01-10 23:47:27.490515	Inventory	1043	Item	2.3300000000000001
219	~ Screw (Drawer Front Handles DR1)	28mm M4 Handle Screw DR1 Drawers (500/box)	022.35.289	\N	000.022.035.259.00I		2011-01-01 18:54:02.685097	2011-01-10 23:53:15.933041	Inventory		Item	0.0356
204	~ Hutch Base Angle Bracket	Hutch Base Angle Bracket Zinc Plated....	260.34.005	\N	000.260.028.505.00I		2011-01-01 18:53:57.235534	2011-01-09 23:26:13.348493	Inventory	10048	Item	0.16
228	~ Shelf Pin (Safety Shelf)	Shelf Support W/Plug Zn.Nip. 5mm	282.24.720	\N	000.282.024.720.00I		2011-01-01 18:54:05.491279	2011-01-14 22:10:35.443705	Inventory	10033	Item	0.075700000000000003
218	~ Screw (Doors Handles) 23mm x M4	23mm M4 Handle Screw Doors 100/box	022.35.234	\N	000.022.035.234.00I		2011-01-01 18:54:02.601139	2011-01-10 18:22:26.41165	Inventory	10057	Item	0.030499999999999999
220	~ Screw (Drawer Front Handles) 35mm x M4	35mm M4 Handle Screw Drawers 100/box	022.35.350	\N	000.022.035.350.00I		2011-01-01 18:54:02.689924	2011-01-10 18:22:58.960302	Inventory	10058	Item	0.043099999999999999
205	~ Screw (Corner Brace)	Pan Head Screw for Corner Brace (#8 x 3/4)	010.83.965	\N	000.010.083.965.00I		2011-01-01 18:53:57.240319	2011-01-10 18:24:10.646575	Inventory	10065	Item	0.0092999999999999992
598	ZZ NXp Panel 25 DON'T DELETE	building block: 1 inch panel		\N			2011-01-07 17:24:43.476855	2011-01-12 20:23:08.623935	Manufactured		Panel	\N
177	~ Wardrobe Lift (20-26") | Polished Chrome	Wardrobe Lift, steel, chrome-plated, black, 21 1/4" - 26", 26 lbs load capacity	805.31.201	\N	000.988.026.100.00P		2011-01-01 18:53:56.010967	2011-01-09 20:14:39.582982	Purchased	30074	Item	38.920000000000002
244	CL Hutch Panel 36 - BaseNotch - Thru	CL Hutch Panel 36 - BaseNotch - Thru 		\N	000.211.036.x.00M	CL-VHPN-36-T	2011-01-01 18:54:08.096697	2011-01-03 15:36:12.0637	Manufactured		ClosetPartition	\N
225	~ Jewelry Tray | Black Velvet | (27-13/16 x 18-5/8 x 2)	Jewelry Tray | Black Velvet | (27-13/16 x 18-5/8 x 2)	CLO2606-2718-03	\N	000.984.278.000.00P		2011-01-01 18:54:02.750921	2011-01-12 19:07:33.220096	Purchased	30118	Item	30.859999999999999
222	~ Jewelry Tray | Black Velvet | (21-13/16 x 12-5/8 x 2)	Jewelry Tray | Black Velvet | (21-13/16 x 12-5/8 x 2)	CLO2606-2112-27	\N	000.984.212.000.00P		2011-01-01 18:54:02.699268	2011-01-12 19:06:08.179759	Purchased	30115	Item	23.420000000000002
224	~ Jewelry Tray | Black Velvet | (27-13/16 x 12-5/8 x 2)	Jewelry Tray | Black Velvet | (27-13/16 x 12-5/8 x 2)	CLO2606-2712-20	\N	000.984.272.000.00P		2011-01-01 18:54:02.74512	2011-01-12 19:07:14.264229	Purchased	30117	Item	26.010000000000002
185	~ Wardrobe Lift (35-47") | Black	Wardrobe Lift, steel, black, plastic, black, 35 1/16" - 47 5/8", 26 lbs load capacity	805.31.303	\N	000.988.047.400.00P		2011-01-01 18:53:56.342484	2011-01-11 04:01:31.821448	Purchased		Item	49.5
223	~ Jewelry Tray | Black Velvet | (21-13/16 x 18-5/8 x 2)	Jewelry Tray | Black Velvet | (21-13/16 x 18-5/8 x 2)	CLO2606-2118-02	\N	000.984.128.000.00P		2011-01-01 18:54:02.704023	2011-01-12 19:06:54.324887	Purchased	30116	Item	27.629999999999999
230	CL Hamper Door - flat	CL Hamper Door - flat 		\N	000.140.000.x.00M	CL-HPD	2011-01-01 18:54:06.016939	2011-01-10 01:53:07.286863	Manufactured		Door	\N
198	Drawer Box	Drawer Box		\N	000.024.011.x.00B	DBX	2011-01-01 18:53:57.183425	2011-01-11 15:46:37.139043	Manufactured		Drawer	\N
194	Drawer Box	Drawer Box		\N	000.024.025.x.00B	DBX	2011-01-01 18:53:57.077561	2011-01-11 15:47:17.078293	Manufactured		Drawer	\N
195	Drawer Box	Drawer Box		\N	000.024.045.x.00B	DBX	2011-01-01 18:53:57.083347	2011-01-11 15:47:49.054915	Manufactured		Drawer	\N
196	Drawer Box	Drawer Box		\N	000.024.007.x.00B	DBX	2011-01-01 18:53:57.088273	2011-01-11 15:48:26.374637	Manufactured		Drawer	\N
233	Premium Hamper Door - DR8	Premium Hamper Door - DR8 		\N	000.143.000.x.00B		2011-01-01 18:54:06.360219	2011-01-10 17:19:59.671497	Manufactured		PremiumDoor	\N
207	Decor Crown Molding - 423 | Hardrock Maple	Decor Crown Molding - 423 | Hardrock Maple		\N	000.301.000.010.00P		2011-01-01 18:53:57.251766	2011-01-12 02:56:21.323129	Purchased		Item	29.93
211	Decor Crown Molding - 423 | Windswept Bronze	Decor Crown Molding - 423 | Windswept Bronze		\N	000.301.000.008.00P		2011-01-01 18:53:57.516415	2011-01-12 03:00:02.110468	Purchased		Item	\N
209	Decor Crown Molding - 423 | Windswept Pewter	Decor Crown Molding - 423 | Windswept Pewter		\N	000.301.000.009.00P		2011-01-01 18:53:57.427746	2011-01-12 03:00:46.705947	Purchased		Item	\N
178	~ Wardrobe Lift (26-35") | Polished Chrome	Wardrobe Lift, steel, chrome-plated, black, 26" - 35 1/16", 26 lbs load capacity	805.31.202	\N	000.988.035.100.00P		2011-01-01 18:53:56.023107	2011-01-09 20:13:22.37094	Purchased	30075	Item	39.536000000000001
179	~ Wardrobe Lift (35-47") | Polished Chrome	Wardrobe Lift, steel, chrome-plated, black, 35 1/16" - 47 5/8", 26 lbs load capacity	805.31.203	\N	000.988.047.100.00P		2011-01-01 18:53:56.068112	2011-01-09 20:11:58.718849	Purchased	30076	Item	40.823999999999998
208	Decor Crown Molding - 424 | Hardrock Maple	Decor Crown Molding - 424 | Hardrock Maple		\N	000.302.000.010.00P		2011-01-01 18:53:57.282305	2011-01-12 03:06:18.561585	Purchased		Item	32.399999999999999
263	NX Base Cabinet 1 Door	NX Base Cabinet 1 Door 		\N	000.101.233.x.00M	NX-B1-1AS	2011-01-01 18:54:10.080876	2011-01-02 16:44:07.753622	Manufactured		Cabinet	\N
271	CTOP - Classic (3 Week Lead Time) | Laminate 1573 Frosty White	CTOP - Classic (3 Week Lead Time) | Laminate 1573 Frosty White		\N	000.401.000.301.00P		2011-01-01 18:54:11.811055	2011-01-03 00:37:54.216046	Purchased		Item	185.84999999999999
272	CTOP - Classic (3 Week Lead Time) | Laminate 1595 Black	CTOP - Classic (3 Week Lead Time) | Laminate 1595 Black		\N	000.401.000.302.00P		2011-01-01 18:54:11.855812	2011-01-03 00:38:09.148243	Purchased		Item	185.84999999999999
274	CTOP - Classic (3 Week Lead Time) | Laminate 4781 Sunstone	CTOP - Classic (3 Week Lead Time) | Laminate 4781 Sunstone		\N	000.401.000.304.00P		2011-01-01 18:54:11.98195	2011-01-03 00:38:50.804269	Purchased		Item	240.62
275	CTOP - Classic (3 Week Lead Time) | Laminate 4789 Limestone	CTOP - Classic (3 Week Lead Time) | Laminate 4789 Limestone		\N	000.401.000.305.00P		2011-01-01 18:54:12.145488	2011-01-03 00:39:22.711719	Purchased		Item	240.62
276	CTOP - Classic (3 Week Lead Time) | Laminate 4790 Greystone	CTOP - Classic (3 Week Lead Time) | Laminate 4790 Greystone		\N	000.401.000.306.00P		2011-01-01 18:54:12.245355	2011-01-03 00:39:47.682238	Purchased		Item	240.62
277	CTOP - Classic (3 Week Lead Time) | Laminate 4791 Willowstone	CTOP - Classic (3 Week Lead Time) | Laminate 4791 Willowstone		\N	000.401.000.307.00P		2011-01-01 18:54:12.425324	2011-01-03 00:40:01.515513	Purchased		Item	240.62
278	CTOP - Classic (3 Week Lead Time) | Laminate 4794 Windswept Bronze	CTOP - Classic (3 Week Lead Time) | Laminate 4794 Windswept Bronze		\N	000.401.000.308.00P		2011-01-01 18:54:12.456636	2011-01-03 00:40:14.830153	Purchased		Item	240.62
279	CTOP - Classic (3 Week Lead Time) | Laminate 4795 Windswept Pewter	CTOP - Classic (3 Week Lead Time) | Laminate 4795 Windswept Pewter		\N	000.401.000.309.00P		2011-01-01 18:54:12.721503	2011-01-03 00:40:28.194902	Purchased		Item	240.62
280	CTOP - Classic (3 Week Lead Time) | Laminate 4882 Oiled Soapstone	CTOP - Classic (3 Week Lead Time) | Laminate 4882 Oiled Soapstone		\N	000.401.000.310.00P		2011-01-01 18:54:12.905668	2011-01-03 00:40:51.285813	Purchased		Item	185.84999999999999
281	CTOP - Classic (3 Week Lead Time) | Laminate 4883 Sable Soapstone	CTOP - Classic (3 Week Lead Time) | Laminate 4883 Sable Soapstone		\N	000.401.000.311.00P		2011-01-01 18:54:12.945602	2011-01-03 00:41:07.343889	Purchased		Item	185.84999999999999
282	CTOP - Classic (3 Week Lead Time) | Laminate 4884 Flame Soapstone	CTOP - Classic (3 Week Lead Time) | Laminate 4884 Flame Soapstone		\N	000.401.000.312.00P		2011-01-01 18:54:13.134383	2011-01-03 00:41:23.057113	Purchased		Item	185.84999999999999
283	CTOP - Classic (3 Week Lead Time) | Laminate 4885 Green Soapstone	CTOP - Classic (3 Week Lead Time) | Laminate 4885 Green Soapstone		\N	000.401.000.313.00P		2011-01-01 18:54:13.275644	2011-01-03 00:41:37.849528	Purchased		Item	185.84999999999999
284	CTOP - Classic (3 Week Lead Time) | Laminate 4886 Pearl Soapstone	CTOP - Classic (3 Week Lead Time) | Laminate 4886 Pearl Soapstone		\N	000.401.000.314.00P		2011-01-01 18:54:13.586018	2011-01-03 00:41:54.764112	Purchased		Item	185.84999999999999
285	CTOP - Classic (3 Week Lead Time) | Laminate 4887 Tan Soapstone	CTOP - Classic (3 Week Lead Time) | Laminate 4887 Tan Soapstone		\N	000.401.000.315.00P		2011-01-01 18:54:13.695315	2011-01-03 00:42:09.516776	Purchased		Item	185.84999999999999
286	CTOP - Classic (3 Week Lead Time) | Laminate 7921 Tuscan Walnut	CTOP - Classic (3 Week Lead Time) | Laminate 7921 Tuscan Walnut		\N	000.401.000.316.00P		2011-01-01 18:54:13.796147	2011-01-03 00:42:27.84317	Purchased		Item	185.84999999999999
287	CTOP - Classic (3 Week Lead Time) | Laminate 7942 Cocobala	CTOP - Classic (3 Week Lead Time) | Laminate 7942 Cocobala		\N	000.401.000.317.00P		2011-01-01 18:54:13.896094	2011-01-03 00:42:48.247958	Purchased		Item	240.62
248	CL Hutch Panel 36 - Left	CL Hutch Panel 36 - Left 		\N	000.202.036.x.00M	CL-VHP-36-L	2011-01-01 18:54:08.339914	2011-01-03 15:36:37.003558	Manufactured		ClosetPartition	\N
249	CL Hutch Panel 36 - Right	CL Hutch Panel 36 - Right 		\N	000.203.036.x.00M	CL-VHP-36-R	2011-01-01 18:54:08.354643	2011-01-03 15:37:09.254795	Manufactured		ClosetPartition	\N
251	CL Hutch Panel 44 - BaseNotch - Left	CL Hutch Panel 44 - BaseNotch - Left 		\N	000.212.044.x.00M	CL-VHPN-44-L	2011-01-01 18:54:08.865431	2011-01-03 15:38:21.162595	Manufactured		ClosetPartition	\N
252	CL Hutch Panel 44 - BaseNotch - Right	CL Hutch Panel 44 - BaseNotch - Right 		\N	000.213.044.x.00M	CL-VHPN-44-R	2011-01-01 18:54:08.968802	2011-01-03 15:38:38.205688	Manufactured		ClosetPartition	\N
255	CL Hutch Panel 44 - Right	CL Hutch Panel 44 - Right 		\N	000.203.044.x.00M	CL-VHP-44-R	2011-01-01 18:54:09.108601	2011-01-03 15:39:42.38516	Manufactured		ClosetPartition	\N
256	NX Tall Cabinet 2 Door	NX Tall Cabinet 2 Door 		\N	000.402.493.x.00M	NX-T2-3AS	2011-01-01 18:54:09.525131	2011-01-02 19:38:25.170379	Manufactured		Cabinet	\N
253	CL Hutch Panel 44 - Thru	CL Hutch Panel 44 - Thru 		\N	000.201.044.x.00M	CL-VHP-44-T	2011-01-01 18:54:09.076726	2011-01-03 15:39:58.033506	Manufactured		ClosetPartition	\N
260	NX Upper Cabinet 2 Door	NX Upper Cabinet 2 Door 		\N	000.302.430.x.00M	NX-U2-1AS	2011-01-01 18:54:09.658769	2011-01-11 23:03:36.509556	Manufactured		Cabinet	\N
234	Premium Hamper Door - AMS329	Premium Hamper Door - AMS329 		\N	000.144.000.x.00B		2011-01-01 18:54:06.468895	2011-01-10 17:19:00.254538	Manufactured		PremiumDoor	\N
232	Premium Hamper Door - DR1	Premium Hamper Door - DR1 		\N	000.142.000.x.00B		2011-01-01 18:54:06.240982	2011-01-10 17:19:28.45932	Manufactured		PremiumDoor	\N
235	Premium Hamper Door - KB732	Premium Hamper Door - KB732 		\N	000.145.000.x.00B		2011-01-01 18:54:06.561024	2011-01-10 17:20:57.938596	Manufactured		PremiumDoor	\N
258	NX Over Cabinet 2 Door	NX Over Cabinet 2 Door 		\N	000.302.443.x.00M	NX-O2-1AS	2011-01-01 18:54:09.600438	2011-01-11 23:02:27.593125	Manufactured		Cabinet	\N
259	NX Over Cabinet 1 Door	NX Over Cabinet 1 Door 		\N	000.301.243.x.00M	NX-O1-1AS	2011-01-01 18:54:09.612474	2011-01-11 22:56:16.108071	Manufactured		Cabinet	\N
267	NX Base Cabinet 3 Drawer (7/7/15)	NX Base Cabinet 3 Drawer (7/7/15) 		\N	000.207.715.x.00M	NX-BD3	2011-01-01 18:54:10.709376	2011-01-02 16:52:12.674382	Manufactured		Cabinet	\N
212	Decor Crown Molding - 424 | Windswept Bronze	Decor Crown Molding - 424 | Windswept Bronze		\N	000.302.000.008.00P		2011-01-01 18:53:57.627785	2011-01-12 03:01:37.739224	Purchased		Item	\N
210	Decor Crown Molding - 424 | Windswept Pewter	Decor Crown Molding - 424 | Windswept Pewter		\N	000.302.000.009.00P		2011-01-01 18:53:57.473181	2011-01-12 03:02:04.432286	Purchased		Item	\N
262	NX Base Cabinet 2 Door	NX Base Cabinet 2 Door 		\N	000.102.433.x.00M	NX-B2-1AS	2011-01-01 18:54:09.878699	2011-01-02 16:48:11.705445	Manufactured		Cabinet	\N
265	NX Base Cabinet 2 Drawer (15/15)	NX Base Cabinet 2 Drawer (15/15) 		\N	000.240.233.x.00M	NX-BD2	2011-01-01 18:54:10.399828	2011-01-12 01:16:25.234077	Manufactured		Cabinet	\N
269	NX Base Cabinet 4 Drawer (3/3/7/15)	NX Base Cabinet 4 Drawer (3/3/7/15) 		\N	000.233.715.x.00M	NX-BD4	2011-01-01 18:54:10.879174	2011-01-02 16:55:35.443438	Manufactured		Cabinet	\N
268	NX Base Cabinet 4 Drawer (7/7/7/7)	NX Base Cabinet 4 Drawer (7/7/7/7) 		\N	000.207.777.x.00M	 NX-BD4         	2011-01-01 18:54:10.750451	2011-01-02 18:19:56.564527	Manufactured		Cabinet	\N
270	NX Base Cabinet 5 Drawer (3/3/7/7/7)	NX Base Cabinet 5 Drawer (3/3/7/7/7) 		\N	000.233.777.x.00M	NX-BD5	2011-01-01 18:54:10.948847	2011-01-02 18:20:50.104538	Manufactured		Cabinet	\N
261	NX Upper Cabinet 1 Door	NX Upper Cabinet 1 Door 		\N	000.301.430.x.00M	NX-U1-1AS	2011-01-01 18:54:09.83074	2011-01-11 23:03:06.008578	Manufactured		Cabinet	\N
509	HO Hutch - Vert Divider	HO Hutch - Vert Divider 		\N	000.441.351.x.00M	HO-H2V-5AS	2011-01-01 18:54:27.858712	2011-01-11 16:46:32.982079	Manufactured		Cabinet	\N
502	NX Workbench Top (Finished Ends)	NX Workbench Top (Finished Ends)		\N	000.400.004.x.00M	NX-WTOP	2011-01-01 18:54:27.682887	2011-01-11 17:55:22.751309	Manufactured		Countertop	\N
503	NX Workbench Top (Corner)	NX Workbench Top (Corner)		\N	000.400.005.x.00M	NX-CWTOP	2011-01-01 18:54:27.719043	2011-01-11 17:53:42.82291	Manufactured		Countertop	\N
500	NX Workbench Top (Finished Left)	NX Workbench Top (Finished Left)		\N	000.400.002.x.00M	NX-WTOP-L	2011-01-01 18:54:27.664871	2011-01-11 17:52:39.122676	Manufactured		Countertop	\N
501	NX Workbench Top (Finished Right)	NX Workbench Top (Finished Right)		\N	000.400.003.x.00M	NX-WTOP-R	2011-01-01 18:54:27.674716	2011-01-11 17:57:01.208701	Manufactured		Countertop	\N
599	ZZ NXp Panel 19 DON'T DELETE	building block: 3/4 inch materials that are COLOR / White 1 side		\N			2011-01-07 17:54:41.915181	2011-01-12 20:23:40.077996	Manufactured		Panel	\N
499	NX Workbench Top (Unfinished Ends)	NX Workbench Top (Unfinished Ends)		\N	000.400.001.x.00M	NX-WTOP-M	2011-01-01 18:54:27.636183	2011-01-11 18:56:55.819053	Manufactured		Countertop	\N
288	CTOP - Classic (3 Week Lead Time) | Laminate 7948 Mambo	CTOP - Classic (3 Week Lead Time) | Laminate 7948 Mambo		\N	000.401.000.318.00P		2011-01-01 18:54:14.136405	2011-01-03 00:43:12.016521	Purchased		Item	211.69
290	CTOP - Classic (3 Week Lead Time) | Laminate D92 Dove Grey	CTOP - Classic (3 Week Lead Time) | Laminate D92 Dove Grey		\N	000.401.000.320.00P		2011-01-01 18:54:15.032725	2011-01-03 00:43:55.144673	Purchased		Item	185.84999999999999
292	CTOP - Nova (3 Week Lead Time) | Laminate 1573 Frosty White	CTOP - Nova (3 Week Lead Time) | Laminate 1573 Frosty White		\N	000.401.001.301.00P		2011-01-01 18:54:15.606085	2011-01-03 01:02:42.308443	Purchased		Item	166.15000000000001
293	CTOP - Nova (3 Week Lead Time) | Laminate 1595 Black	CTOP - Nova (3 Week Lead Time) | Laminate 1595 Black		\N	000.401.001.302.00P		2011-01-01 18:54:15.62886	2011-01-03 01:02:59.93416	Purchased		Item	166.15000000000001
294	CTOP - Nova (3 Week Lead Time) | Laminate 4552 Ebony Star	CTOP - Nova (3 Week Lead Time) | Laminate 4552 Ebony Star		\N	000.401.001.303.00P		2011-01-01 18:54:15.859052	2011-01-03 01:03:17.578689	Purchased		Item	210.46000000000001
295	CTOP - Nova (3 Week Lead Time) | Laminate 4781 Sunstone	CTOP - Nova (3 Week Lead Time) | Laminate 4781 Sunstone		\N	000.401.001.304.00P		2011-01-01 18:54:15.872943	2011-01-03 01:03:37.521349	Purchased		Item	210.46000000000001
296	CTOP - Nova (3 Week Lead Time) | Laminate 4789 Limestone	CTOP - Nova (3 Week Lead Time) | Laminate 4789 Limestone		\N	000.401.001.305.00P		2011-01-01 18:54:15.887384	2011-01-03 01:03:50.006679	Purchased		Item	210.46000000000001
297	CTOP - Nova (3 Week Lead Time) | Laminate 4790 Greystone	CTOP - Nova (3 Week Lead Time) | Laminate 4790 Greystone		\N	000.401.001.306.00P		2011-01-01 18:54:16.078422	2011-01-03 01:04:06.314939	Purchased		Item	210.46000000000001
298	CTOP - Nova (3 Week Lead Time) | Laminate 4791 Willowstone	CTOP - Nova (3 Week Lead Time) | Laminate 4791 Willowstone		\N	000.401.001.307.00P		2011-01-01 18:54:16.134753	2011-01-03 01:04:21.01327	Purchased		Item	210.46000000000001
299	CTOP - Nova (3 Week Lead Time) | Laminate 4794 Windswept Bronze	CTOP - Nova (3 Week Lead Time) | Laminate 4794 Windswept Bronze		\N	000.401.001.308.00P		2011-01-01 18:54:16.169777	2011-01-03 01:04:36.615937	Purchased		Item	210.46000000000001
300	CTOP - Nova (3 Week Lead Time) | Laminate 4795 Windswept Pewter	CTOP - Nova (3 Week Lead Time) | Laminate 4795 Windswept Pewter		\N	000.401.001.309.00P		2011-01-01 18:54:16.219106	2011-01-03 01:04:52.182717	Purchased		Item	210.46000000000001
301	CTOP - Nova (3 Week Lead Time) | Laminate 4882 Oiled Soapstone	CTOP - Nova (3 Week Lead Time) | Laminate 4882 Oiled Soapstone		\N	000.401.001.310.00P		2011-01-01 18:54:16.255194	2011-01-03 01:05:11.502085	Purchased		Item	166.15000000000001
302	CTOP - Nova (3 Week Lead Time) | Laminate 4883 Sable Soapstone	CTOP - Nova (3 Week Lead Time) | Laminate 4883 Sable Soapstone		\N	000.401.001.311.00P		2011-01-01 18:54:16.37955	2011-01-03 01:05:30.746033	Purchased		Item	166.15000000000001
303	CTOP - Nova (3 Week Lead Time) | Laminate 4884 Flame Soapstone	CTOP - Nova (3 Week Lead Time) | Laminate 4884 Flame Soapstone		\N	000.401.001.312.00P		2011-01-01 18:54:16.477906	2011-01-03 01:05:43.124342	Purchased		Item	166.15000000000001
304	CTOP - Nova (3 Week Lead Time) | Laminate 4885 Green Soapstone	CTOP - Nova (3 Week Lead Time) | Laminate 4885 Green Soapstone		\N	000.401.001.313.00P		2011-01-01 18:54:16.569274	2011-01-03 01:05:56.944814	Purchased		Item	166.15000000000001
305	CTOP - Nova (3 Week Lead Time) | Laminate 4886 Pearl Soapstone	CTOP - Nova (3 Week Lead Time) | Laminate 4886 Pearl Soapstone		\N	000.401.001.314.00P		2011-01-01 18:54:16.590787	2011-01-03 01:06:14.067203	Purchased		Item	166.15000000000001
307	CTOP - Nova (3 Week Lead Time) | Laminate 7921 Tuscan Walnut	CTOP - Nova (3 Week Lead Time) | Laminate 7921 Tuscan Walnut		\N	000.401.001.316.00P		2011-01-01 18:54:16.789013	2011-01-03 01:06:55.224655	Purchased		Item	166.15000000000001
308	CTOP - Nova (3 Week Lead Time) | Laminate 7942 Cocobala	CTOP - Nova (3 Week Lead Time) | Laminate 7942 Cocobala		\N	000.401.001.317.00P		2011-01-01 18:54:16.818754	2011-01-03 01:08:17.5514	Purchased		Item	210.46000000000001
309	CTOP - Nova (3 Week Lead Time) | Laminate 7948 Mambo	CTOP - Nova (3 Week Lead Time) | Laminate 7948 Mambo		\N	000.401.001.318.00P		2011-01-01 18:54:16.853746	2011-01-03 01:08:36.583272	Purchased		Item	182.15000000000001
312	CTOP - Nova (3 Week Lead Time) | Laminate D403 White Sand	CTOP - Nova (3 Week Lead Time) | Laminate D403 White Sand		\N	000.401.001.321.00P		2011-01-01 18:54:17.039277	2011-01-03 01:09:01.444704	Purchased		Item	166.15000000000001
311	CTOP - Nova (3 Week Lead Time) | Laminate D92 Dove Grey	CTOP - Nova (3 Week Lead Time) | Laminate D92 Dove Grey		\N	000.401.001.320.00P		2011-01-01 18:54:16.928291	2011-01-03 01:09:21.660378	Purchased		Item	166.15000000000001
313	CTOP - Tempo (3 Week Lead Time) | Laminate 1573 Frosty White	CTOP - Tempo (3 Week Lead Time) | Laminate 1573 Frosty White		\N	000.401.002.301.00P		2011-01-01 18:54:17.07004	2011-01-03 01:09:53.244022	Purchased		Item	146.46000000000001
600	~ Keyboard Tray - 200 | Black	Standard Keyboard System-Model 200-75 lbs.	632.52.300	\N	000.632.052.300.00P		2011-01-08 16:09:48.889058	2011-01-10 23:51:01.235202	Purchased		Item	88.280000000000001
532	NX Corner Upper Cabinet	NX Corner Upper Cabinet 		\N	000.308.330.x.00M	NX-CU1-1AS	2011-01-01 18:54:28.484269	2011-01-11 18:04:35.679097	Manufactured		CornerCabinet	\N
314	CTOP - Tempo (3 Week Lead Time) | Laminate 1595 Black	CTOP - Tempo (3 Week Lead Time) | Laminate 1595 Black		\N	000.401.002.302.00P		2011-01-01 18:54:17.115979	2011-01-03 01:10:07.465236	Purchased		Item	146.46000000000001
316	CTOP - Tempo (3 Week Lead Time) | Laminate 4781 Sunstone	CTOP - Tempo (3 Week Lead Time) | Laminate 4781 Sunstone		\N	000.401.002.304.00P		2011-01-01 18:54:17.248464	2011-01-03 01:10:48.544458	Purchased		Item	186.46000000000001
317	CTOP - Tempo (3 Week Lead Time) | Laminate 4789 Limestone	CTOP - Tempo (3 Week Lead Time) | Laminate 4789 Limestone		\N	000.401.002.305.00P		2011-01-01 18:54:17.262089	2011-01-03 01:11:17.342183	Purchased		Item	186.46000000000001
318	CTOP - Tempo (3 Week Lead Time) | Laminate 4790 Greystone	CTOP - Tempo (3 Week Lead Time) | Laminate 4790 Greystone		\N	000.401.002.306.00P		2011-01-01 18:54:17.288129	2011-01-03 01:11:32.831838	Purchased		Item	186.46000000000001
319	CTOP - Tempo (3 Week Lead Time) | Laminate 4791 Willowstone	CTOP - Tempo (3 Week Lead Time) | Laminate 4791 Willowstone		\N	000.401.002.307.00P		2011-01-01 18:54:17.30119	2011-01-03 01:11:57.513938	Purchased		Item	186.46000000000001
322	CTOP - Tempo (3 Week Lead Time) | Laminate 4882 Oiled Soapstone	CTOP - Tempo (3 Week Lead Time) | Laminate 4882 Oiled Soapstone		\N	000.401.002.310.00P		2011-01-01 18:54:17.498752	2011-01-03 01:12:24.330949	Purchased		Item	146.46000000000001
324	CTOP - Tempo (3 Week Lead Time) | Laminate 4884 Flame Soapstone	CTOP - Tempo (3 Week Lead Time) | Laminate 4884 Flame Soapstone		\N	000.401.002.312.00P		2011-01-01 18:54:17.770895	2011-01-03 01:12:36.932334	Purchased		Item	146.46000000000001
320	CTOP - Tempo | Laminate 4794 Windswept Bronze	CTOP - Tempo | Laminate 4794 Windswept Bronze		\N	000.401.002.308.00P		2011-01-01 18:54:17.318183	2011-01-03 01:15:06.266808	Purchased		Item	186.46000000000001
321	CTOP - Tempo | Laminate 4795 Windswept Pewter	CTOP - Tempo | Laminate 4795 Windswept Pewter		\N	000.401.002.309.00P		2011-01-01 18:54:17.460051	2011-01-03 01:15:20.75211	Purchased		Item	186.46000000000001
323	CTOP - Tempo | Laminate 4883 Sable Soapstone	CTOP - Tempo | Laminate 4883 Sable Soapstone		\N	000.401.002.311.00P		2011-01-01 18:54:17.638931	2011-01-03 01:15:40.113583	Purchased		Item	146.46000000000001
326	CTOP - Tempo | Laminate 4886 Pearl Soapstone	CTOP - Tempo | Laminate 4886 Pearl Soapstone		\N	000.401.002.314.00P		2011-01-01 18:54:17.988743	2011-01-03 01:16:05.001768	Purchased		Item	146.46000000000001
327	CTOP - Tempo | Laminate 4887 Tan Soapstone	CTOP - Tempo | Laminate 4887 Tan Soapstone		\N	000.401.002.315.00P		2011-01-01 18:54:18.110048	2011-01-03 01:16:18.052832	Purchased		Item	146.46000000000001
335	CTOP - Futura (3 Week Lead Time) | Laminate 1595 Black	CTOP - Futura (3 Week Lead Time) | Laminate 1595 Black		\N	000.401.003.302.00P		2011-01-01 18:54:18.699358	2011-01-03 00:44:55.50773	Purchased		Item	166.15000000000001
336	CTOP - Futura (3 Week Lead Time) | Laminate 4552 Ebony Star	CTOP - Futura (3 Week Lead Time) | Laminate 4552 Ebony Star		\N	000.401.003.303.00P		2011-01-01 18:54:18.798698	2011-01-03 00:45:23.871261	Purchased		Item	210.46000000000001
337	CTOP - Futura (3 Week Lead Time) | Laminate 4781 Sunstone	CTOP - Futura (3 Week Lead Time) | Laminate 4781 Sunstone		\N	000.401.003.304.00P		2011-01-01 18:54:18.858293	2011-01-03 00:45:38.461823	Purchased		Item	210.46000000000001
338	CTOP - Futura (3 Week Lead Time) | Laminate 4789 Limestone	CTOP - Futura (3 Week Lead Time) | Laminate 4789 Limestone		\N	000.401.003.305.00P		2011-01-01 18:54:19.192008	2011-01-03 00:45:51.374074	Purchased		Item	210.46000000000001
339	CTOP - Futura (3 Week Lead Time) | Laminate 4790 Greystone	CTOP - Futura (3 Week Lead Time) | Laminate 4790 Greystone		\N	000.401.003.306.00P		2011-01-01 18:54:19.232701	2011-01-03 00:46:04.984205	Purchased		Item	210.46000000000001
340	CTOP - Futura (3 Week Lead Time) | Laminate 4791 Willowstone	CTOP - Futura (3 Week Lead Time) | Laminate 4791 Willowstone		\N	000.401.003.307.00P		2011-01-01 18:54:19.653902	2011-01-03 00:46:17.744743	Purchased		Item	210.46000000000001
341	CTOP - Futura (3 Week Lead Time) | Laminate 4794 Windswept Bronze	CTOP - Futura (3 Week Lead Time) | Laminate 4794 Windswept Bronze		\N	000.401.003.308.00P		2011-01-01 18:54:19.840374	2011-01-03 00:46:31.547071	Purchased		Item	210.46000000000001
343	CTOP - Futura (3 Week Lead Time) | Laminate 4882 Oiled Soapstone	CTOP - Futura (3 Week Lead Time) | Laminate 4882 Oiled Soapstone		\N	000.401.003.310.00P		2011-01-01 18:54:20.06872	2011-01-03 00:47:56.77933	Purchased		Item	166.15000000000001
344	CTOP - Futura (3 Week Lead Time) | Laminate 4883 Sable Soapstone	CTOP - Futura (3 Week Lead Time) | Laminate 4883 Sable Soapstone		\N	000.401.003.311.00P		2011-01-01 18:54:20.107698	2011-01-03 00:48:16.668269	Purchased		Item	166.15000000000001
345	CTOP - Futura (3 Week Lead Time) | Laminate 4884 Flame Soapstone	CTOP - Futura (3 Week Lead Time) | Laminate 4884 Flame Soapstone		\N	000.401.003.312.00P		2011-01-01 18:54:20.153379	2011-01-03 00:48:30.289008	Purchased		Item	166.15000000000001
346	CTOP - Futura (3 Week Lead Time) | Laminate 4885 Green Soapstone	CTOP - Futura (3 Week Lead Time) | Laminate 4885 Green Soapstone		\N	000.401.003.313.00P		2011-01-01 18:54:20.175385	2011-01-03 00:48:47.694386	Purchased		Item	166.15000000000001
347	CTOP - Futura (3 Week Lead Time) | Laminate 4886 Pearl Soapstone	CTOP - Futura (3 Week Lead Time) | Laminate 4886 Pearl Soapstone		\N	000.401.003.314.00P		2011-01-01 18:54:20.400795	2011-01-03 00:49:01.274448	Purchased		Item	166.15000000000001
348	CTOP - Futura (3 Week Lead Time) | Laminate 4887 Tan Soapstone	CTOP - Futura (3 Week Lead Time) | Laminate 4887 Tan Soapstone		\N	000.401.003.315.00P		2011-01-01 18:54:20.44481	2011-01-03 00:49:19.090404	Purchased		Item	166.15000000000001
349	CTOP - Futura (3 Week Lead Time) | Laminate 7921 Tuscan Walnut	CTOP - Futura (3 Week Lead Time) | Laminate 7921 Tuscan Walnut		\N	000.401.003.316.00P		2011-01-01 18:54:20.649464	2011-01-03 00:49:31.553705	Purchased		Item	166.15000000000001
350	CTOP - Futura (3 Week Lead Time) | Laminate 7942 Cocobala	CTOP - Futura (3 Week Lead Time) | Laminate 7942 Cocobala		\N	000.401.003.317.00P		2011-01-01 18:54:20.828824	2011-01-03 00:49:58.76492	Purchased		Item	210.46000000000001
351	CTOP - Futura (3 Week Lead Time) | Laminate 7948 Mambo	CTOP - Futura (3 Week Lead Time) | Laminate 7948 Mambo		\N	000.401.003.318.00P		2011-01-01 18:54:20.881215	2011-01-03 00:50:24.100428	Purchased		Item	182.15000000000001
354	CTOP - Futura (3 Week Lead Time) | Laminate D403 White Sand	CTOP - Futura (3 Week Lead Time) | Laminate D403 White Sand		\N	000.401.003.321.00P		2011-01-01 18:54:21.077636	2011-01-03 00:50:47.769866	Purchased		Item	166.15000000000001
353	CTOP - Futura (3 Week Lead Time) | Laminate D92 Dove Grey	CTOP - Futura (3 Week Lead Time) | Laminate D92 Dove Grey		\N	000.401.003.320.00P		2011-01-01 18:54:21.061819	2011-01-03 00:51:05.479993	Purchased		Item	166.15000000000001
254	CL Hutch Panel 44 - Left	CL Hutch Panel 44 - Left 		\N	000.202.044.x.00M	CL-VHP-44-L	2011-01-01 18:54:09.089408	2011-01-03 15:39:23.452299	Manufactured		ClosetPartition	\N
20	CTOP Corner - 3/4 in. melamine	CTOP Corner 3/4 in. melamine		\N	000.402.000.x.00M	MEL-CCTOP-19	2011-01-01 18:53:39.14284	2011-01-02 02:35:37.884026	Manufactured		Panel	\N
355	CTOP - Geneva (3 Week Lead Time) | Laminate 1573 Frosty White	CTOP - Geneva (3 Week Lead Time) | Laminate 1573 Frosty White		\N	000.401.004.301.00P		2011-01-01 18:54:21.091691	2011-01-03 00:51:45.285003	Purchased		Item	177.84999999999999
356	CTOP - Geneva (3 Week Lead Time) | Laminate 1595 Black	CTOP - Geneva (3 Week Lead Time) | Laminate 1595 Black		\N	000.401.004.302.00P		2011-01-01 18:54:21.106339	2011-01-03 00:51:59.714144	Purchased		Item	177.84999999999999
357	CTOP - Geneva (3 Week Lead Time) | Laminate 4552 Ebony Star	CTOP - Geneva (3 Week Lead Time) | Laminate 4552 Ebony Star		\N	000.401.004.303.00P		2011-01-01 18:54:21.119043	2011-01-03 00:52:26.414005	Purchased		Item	228.31
358	CTOP - Geneva (3 Week Lead Time) | Laminate 4781 Sunstone	CTOP - Geneva (3 Week Lead Time) | Laminate 4781 Sunstone		\N	000.401.004.304.00P		2011-01-01 18:54:21.131947	2011-01-03 00:52:45.36452	Purchased		Item	228.31
359	CTOP - Geneva (3 Week Lead Time) | Laminate 4789 Limestone	CTOP - Geneva (3 Week Lead Time) | Laminate 4789 Limestone		\N	000.401.004.305.00P		2011-01-01 18:54:21.204012	2011-01-03 00:53:00.784398	Purchased		Item	228.31
360	CTOP - Geneva (3 Week Lead Time) | Laminate 4790 Greystone	CTOP - Geneva (3 Week Lead Time) | Laminate 4790 Greystone		\N	000.401.004.306.00P		2011-01-01 18:54:21.229686	2011-01-03 00:53:15.605445	Purchased		Item	228.31
361	CTOP - Geneva (3 Week Lead Time) | Laminate 4791 Willowstone	CTOP - Geneva (3 Week Lead Time) | Laminate 4791 Willowstone		\N	000.401.004.307.00P		2011-01-01 18:54:21.243813	2011-01-03 00:53:31.43979	Purchased		Item	228.31
363	CTOP - Geneva (3 Week Lead Time) | Laminate 4795 Windswept Pewter	CTOP - Geneva (3 Week Lead Time) | Laminate 4795 Windswept Pewter		\N	000.401.004.309.00P		2011-01-01 18:54:21.278269	2011-01-03 00:54:05.715926	Purchased		Item	228.31
364	CTOP - Geneva (3 Week Lead Time) | Laminate 4882 Oiled Soapstone	CTOP - Geneva (3 Week Lead Time) | Laminate 4882 Oiled Soapstone		\N	000.401.004.310.00P		2011-01-01 18:54:21.292644	2011-01-03 00:54:27.906145	Purchased		Item	177.84999999999999
331	CTOP - Tempo (3 Week Lead Time) | Laminate 10776 Kingstone Maple	CTOP - Tempo (3 Week Lead Time) | Laminate 10776 Kingstone Maple		\N	000.401.002.319.00P		2011-01-01 18:54:18.273851	2011-01-03 01:09:38.069024	Purchased		Item	146.46000000000001
328	CTOP - Tempo (3 Week Lead Time) | Laminate 7921 Tuscan Walnut	CTOP - Tempo (3 Week Lead Time) | Laminate 7921 Tuscan Walnut		\N	000.401.002.316.00P		2011-01-01 18:54:18.220282	2011-01-03 01:12:50.74427	Purchased		Item	146.46000000000001
329	CTOP - Tempo (3 Week Lead Time) | Laminate 7942 Cocobala	CTOP - Tempo (3 Week Lead Time) | Laminate 7942 Cocobala		\N	000.401.002.317.00P		2011-01-01 18:54:18.246183	2011-01-03 01:13:19.094643	Purchased		Item	186.46000000000001
330	CTOP - Tempo (3 Week Lead Time) | Laminate 7948 Mambo	CTOP - Tempo (3 Week Lead Time) | Laminate 7948 Mambo		\N	000.401.002.318.00P		2011-01-01 18:54:18.258772	2011-01-03 01:13:38.707293	Purchased		Item	161.22999999999999
333	CTOP - Tempo (3 Week Lead Time) | Laminate D403 White Sand	CTOP - Tempo (3 Week Lead Time) | Laminate D403 White Sand		\N	000.401.002.321.00P		2011-01-01 18:54:18.490312	2011-01-03 01:13:55.574696	Purchased		Item	146.46000000000001
246	CL Hutch Panel 36 - BaseNotch - Right	CL Hutch Panel 36 - BaseNotch - Right 		\N	000.213.036.x.00M	CL-VHPN-36-R	2011-01-01 18:54:08.136565	2011-01-03 15:35:39.930256	Manufactured		ClosetPartition	\N
332	CTOP - Tempo (3 Week Lead Time) | Laminate D92 Dove Grey	CTOP - Tempo (3 Week Lead Time) | Laminate D92 Dove Grey		\N	000.401.002.320.00P		2011-01-01 18:54:18.378891	2011-01-03 01:14:10.308776	Purchased		Item	146.46000000000001
374	CTOP - Geneva (3 Week Lead Time) | Laminate D92 Dove Grey	CTOP - Geneva (3 Week Lead Time) | Laminate D92 Dove Grey		\N	000.401.004.320.00P		2011-01-01 18:54:21.83811	2011-01-03 01:02:04.188305	Purchased		Item	177.84999999999999
366	CTOP - Geneva (3 Week Lead Time) | Laminate 4884 Flame Soapstone	CTOP - Geneva (3 Week Lead Time) | Laminate 4884 Flame Soapstone		\N	000.401.004.312.00P		2011-01-01 18:54:21.340418	2011-01-03 00:54:59.825802	Purchased		Item	177.84999999999999
368	CTOP - Geneva (3 Week Lead Time) | Laminate 4886 Pearl Soapstone	CTOP - Geneva (3 Week Lead Time) | Laminate 4886 Pearl Soapstone		\N	000.401.004.314.00P		2011-01-01 18:54:21.592802	2011-01-03 00:55:25.220414	Purchased		Item	177.84999999999999
370	CTOP - Geneva (3 Week Lead Time) | Laminate 7921 Tuscan Walnut	CTOP - Geneva (3 Week Lead Time) | Laminate 7921 Tuscan Walnut		\N	000.401.004.316.00P		2011-01-01 18:54:21.701903	2011-01-03 00:55:58.611651	Purchased		Item	177.84999999999999
386	CTOP Corner - Classic (3 Week Lead Time) | Laminate 1595 Black	CTOP Corner - Classic (3 Week Lead Time) | Laminate 1595 Black		\N	000.402.000.302.00P		2011-01-01 18:54:22.408856	2011-01-03 01:49:25.855384	Purchased		Item	185.84999999999999
371	CTOP - Geneva (3 Week Lead Time) | Laminate 7942 Cocobala	CTOP - Geneva (3 Week Lead Time) | Laminate 7942 Cocobala		\N	000.401.004.317.00P		2011-01-01 18:54:21.739463	2011-01-03 00:56:27.298512	Purchased		Item	228.31
375	CTOP - Geneva (3 Week Lead Time) | Laminate D403 White Sand	CTOP - Geneva (3 Week Lead Time) | Laminate D403 White Sand		\N	000.401.004.321.00P		2011-01-01 18:54:21.865731	2011-01-03 00:57:21.123578	Purchased		Item	177.84999999999999
388	CTOP Corner - Classic (3 Week Lead Time) | Laminate 4781 Sunstone	CTOP Corner - Classic (3 Week Lead Time) | Laminate 4781 Sunstone		\N	000.402.000.304.00P		2011-01-01 18:54:22.51033	2011-01-03 01:49:59.847032	Purchased		Item	240.62
385	CTOP Corner - Classic (3 Week Lead Time) | Laminate 1573 Frosty White	CTOP Corner - Classic (3 Week Lead Time) | Laminate 1573 Frosty White		\N	000.402.000.301.00P		2011-01-01 18:54:22.245911	2011-01-03 01:49:13.745852	Purchased		Item	185.84999999999999
390	CTOP Corner - Classic (3 Week Lead Time) | Laminate 4790 Greystone	CTOP Corner - Classic (3 Week Lead Time) | Laminate 4790 Greystone		\N	000.402.000.306.00P		2011-01-01 18:54:22.618877	2011-01-03 01:50:26.075472	Purchased		Item	240.62
387	CTOP Corner - Classic (3 Week Lead Time) | Laminate 4552 Ebony Star	CTOP Corner - Classic (3 Week Lead Time) | Laminate 4552 Ebony Star		\N	000.402.000.303.00P		2011-01-01 18:54:22.468974	2011-01-03 01:49:43.034628	Purchased		Item	240.62
392	CTOP Corner - Classic (3 Week Lead Time) | Laminate 4794 Windswept Bronze	CTOP Corner - Classic (3 Week Lead Time) | Laminate 4794 Windswept Bronze		\N	000.402.000.308.00P		2011-01-01 18:54:22.768842	2011-01-03 01:50:52.925395	Purchased		Item	240.62
389	CTOP Corner - Classic (3 Week Lead Time) | Laminate 4789 Limestone	CTOP Corner - Classic (3 Week Lead Time) | Laminate 4789 Limestone		\N	000.402.000.305.00P		2011-01-01 18:54:22.548922	2011-01-03 01:50:11.904484	Purchased		Item	240.62
395	CTOP Corner - Classic (3 Week Lead Time) | Laminate 4883 Sable Soapstone	CTOP Corner - Classic (3 Week Lead Time) | Laminate 4883 Sable Soapstone		\N	000.402.000.311.00P		2011-01-01 18:54:23.068882	2011-01-03 01:51:41.07473	Purchased		Item	185.84999999999999
391	CTOP Corner - Classic (3 Week Lead Time) | Laminate 4791 Willowstone	CTOP Corner - Classic (3 Week Lead Time) | Laminate 4791 Willowstone		\N	000.402.000.307.00P		2011-01-01 18:54:22.688512	2011-01-03 01:50:39.086612	Purchased		Item	240.62
245	CL Hutch Panel 36 - BaseNotch - Left	CL Hutch Panel 36 - BaseNotch - Left 		\N	000.212.036.x.00M	CL-VHPN-36-L	2011-01-01 18:54:08.11234	2011-01-03 15:35:03.996018	Manufactured		ClosetPartition	\N
520	Premium Door - AMS329	Premium Door - AMS329 		\N	000.104.000.x.00B		2011-01-01 18:54:28.082167	2011-01-10 17:07:19.019621	Manufactured		PremiumDoor	\N
556	ZZ NX Cabinet Shell DON'T DELETE	building block: NX cabinet shell		\N			2011-01-02 03:38:37.333379	2011-01-12 17:46:26.36134	Manufactured		Shell	\N
510	HO Tall Storage 1 Door	HO Tall Storage 1 Door 		\N	000.401.182.x.00M	HO-T1-4AS	2011-01-01 18:54:27.916281	2011-01-11 16:30:54.416958	Manufactured		Cabinet	\N
394	CTOP Corner - Classic (3 Week Lead Time) | Laminate 4882 Oiled Soapstone	CTOP Corner - Classic (3 Week Lead Time) | Laminate 4882 Oiled Soapstone		\N	000.402.000.310.00P		2011-01-01 18:54:22.931321	2011-01-03 01:51:29.58145	Purchased		Item	185.84999999999999
393	CTOP Corner - Classic (3 Week Lead Time) | Laminate 4795 Windswept Pewter	CTOP Corner - Classic (3 Week Lead Time) | Laminate 4795 Windswept Pewter		\N	000.402.000.309.00P		2011-01-01 18:54:22.839392	2011-01-03 01:51:07.468225	Purchased		Item	240.62
398	CTOP Corner - Classic (3 Week Lead Time) | Laminate 4886 Pearl Soapstone	CTOP Corner - Classic (3 Week Lead Time) | Laminate 4886 Pearl Soapstone		\N	000.402.000.314.00P		2011-01-01 18:54:23.278711	2011-01-03 01:52:25.636901	Purchased		Item	185.84999999999999
397	CTOP Corner - Classic (3 Week Lead Time) | Laminate 4885 Green Soapstone	CTOP Corner - Classic (3 Week Lead Time) | Laminate 4885 Green Soapstone		\N	000.402.000.313.00P		2011-01-01 18:54:23.238796	2011-01-03 01:52:11.705481	Purchased		Item	185.84999999999999
396	CTOP Corner - Classic (3 Week Lead Time) | Laminate 4884 Flame Soapstone	CTOP Corner - Classic (3 Week Lead Time) | Laminate 4884 Flame Soapstone		\N	000.402.000.312.00P		2011-01-01 18:54:23.160253	2011-01-03 01:51:53.395625	Purchased		Item	185.84999999999999
400	CTOP Corner - Classic (3 Week Lead Time) | Laminate 7921 Tuscan Walnut	CTOP Corner - Classic (3 Week Lead Time) | Laminate 7921 Tuscan Walnut		\N	000.402.000.316.00P		2011-01-01 18:54:23.318118	2011-01-03 01:52:56.854636	Purchased		Item	185.84999999999999
399	CTOP Corner - Classic (3 Week Lead Time) | Laminate 4887 Tan Soapstone	CTOP Corner - Classic (3 Week Lead Time) | Laminate 4887 Tan Soapstone		\N	000.402.000.315.00P		2011-01-01 18:54:23.29855	2011-01-03 01:52:42.3538	Purchased		Item	185.84999999999999
402	CTOP Corner - Classic (3 Week Lead Time) | Laminate 7948 Mambo	CTOP Corner - Classic (3 Week Lead Time) | Laminate 7948 Mambo		\N	000.402.000.318.00P		2011-01-01 18:54:23.343289	2011-01-03 01:53:30.065336	Purchased		Item	211.69
404	CTOP Corner - Classic (3 Week Lead Time) | Laminate D92 Dove Grey	CTOP Corner - Classic (3 Week Lead Time) | Laminate D92 Dove Grey		\N	000.402.000.320.00P		2011-01-01 18:54:23.36842	2011-01-03 01:54:11.01691	Purchased		Item	185.84999999999999
424	CTOP Corner - Nova (3 Week Lead Time) | Laminate 10776 Kingstone Maple	CTOP Corner - Nova (3 Week Lead Time) | Laminate 10776 Kingstone Maple		\N	000.402.001.319.00P		2011-01-01 18:54:25.370794	2011-01-03 02:05:17.289798	Purchased		Item	166.15000000000001
406	CTOP Corner - Nova (3 Week Lead Time) | Laminate 1573 Frosty White	CTOP Corner - Nova (3 Week Lead Time) | Laminate 1573 Frosty White		\N	000.402.001.301.00P		2011-01-01 18:54:23.425203	2011-01-03 02:05:30.136997	Purchased		Item	166.15000000000001
407	CTOP Corner - Nova (3 Week Lead Time) | Laminate 1595 Black	CTOP Corner - Nova (3 Week Lead Time) | Laminate 1595 Black		\N	000.402.001.302.00P		2011-01-01 18:54:23.457166	2011-01-03 02:05:42.033148	Purchased		Item	166.15000000000001
408	CTOP Corner - Nova (3 Week Lead Time) | Laminate 4552 Ebony Star	CTOP Corner - Nova (3 Week Lead Time) | Laminate 4552 Ebony Star		\N	000.402.001.303.00P		2011-01-01 18:54:23.470863	2011-01-03 02:06:00.762014	Purchased		Item	210.46000000000001
409	CTOP Corner - Nova (3 Week Lead Time) | Laminate 4781 Sunstone	CTOP Corner - Nova (3 Week Lead Time) | Laminate 4781 Sunstone		\N	000.402.001.304.00P		2011-01-01 18:54:23.508586	2011-01-03 02:06:17.584832	Purchased		Item	210.46000000000001
410	CTOP Corner - Nova (3 Week Lead Time) | Laminate 4789 Limestone	CTOP Corner - Nova (3 Week Lead Time) | Laminate 4789 Limestone		\N	000.402.001.305.00P		2011-01-01 18:54:23.618919	2011-01-03 02:06:28.600939	Purchased		Item	210.46000000000001
15	~ Murphy Bed Hardware Set Queen	Murphy Bed Hardware Set Queen	SBF-M/SBF-Q	\N	000.SBF.MQ0.000.00P		2011-01-01 18:53:39.085946	2011-01-12 19:28:09.683591	Purchased	10062	Item	452.13
411	CTOP Corner - Nova (3 Week Lead Time) | Laminate 4790 Greystone	CTOP Corner - Nova (3 Week Lead Time) | Laminate 4790 Greystone		\N	000.402.001.306.00P		2011-01-01 18:54:23.83147	2011-01-03 02:06:40.367603	Purchased		Item	210.46000000000001
412	CTOP Corner - Nova (3 Week Lead Time) | Laminate 4791 Willowstone	CTOP Corner - Nova (3 Week Lead Time) | Laminate 4791 Willowstone		\N	000.402.001.307.00P		2011-01-01 18:54:23.90965	2011-01-03 02:06:54.288237	Purchased		Item	210.46000000000001
413	CTOP Corner - Nova (3 Week Lead Time) | Laminate 4794 Windswept Bronze	CTOP Corner - Nova (3 Week Lead Time) | Laminate 4794 Windswept Bronze		\N	000.402.001.308.00P		2011-01-01 18:54:24.138838	2011-01-03 02:07:08.714864	Purchased		Item	210.46000000000001
414	CTOP Corner - Nova (3 Week Lead Time) | Laminate 4795 Windswept Pewter	CTOP Corner - Nova (3 Week Lead Time) | Laminate 4795 Windswept Pewter		\N	000.402.001.309.00P		2011-01-01 18:54:24.327056	2011-01-03 02:07:21.036402	Purchased		Item	210.46000000000001
415	CTOP Corner - Nova (3 Week Lead Time) | Laminate 4882 Oiled Soapstone	CTOP Corner - Nova (3 Week Lead Time) | Laminate 4882 Oiled Soapstone		\N	000.402.001.310.00P		2011-01-01 18:54:24.427109	2011-01-03 02:07:41.535744	Purchased		Item	166.15000000000001
416	CTOP Corner - Nova (3 Week Lead Time) | Laminate 4883 Sable Soapstone	CTOP Corner - Nova (3 Week Lead Time) | Laminate 4883 Sable Soapstone		\N	000.402.001.311.00P		2011-01-01 18:54:24.589065	2011-01-03 02:07:55.755472	Purchased		Item	166.15000000000001
417	CTOP Corner - Nova (3 Week Lead Time) | Laminate 4884 Flame Soapstone	CTOP Corner - Nova (3 Week Lead Time) | Laminate 4884 Flame Soapstone		\N	000.402.001.312.00P		2011-01-01 18:54:24.602096	2011-01-03 02:08:30.780094	Purchased		Item	166.15000000000001
418	CTOP Corner - Nova (3 Week Lead Time) | Laminate 4885 Green Soapstone	CTOP Corner - Nova (3 Week Lead Time) | Laminate 4885 Green Soapstone		\N	000.402.001.313.00P		2011-01-01 18:54:24.620766	2011-01-03 02:08:45.233464	Purchased		Item	166.15000000000001
419	CTOP Corner - Nova (3 Week Lead Time) | Laminate 4886 Pearl Soapstone	CTOP Corner - Nova (3 Week Lead Time) | Laminate 4886 Pearl Soapstone		\N	000.402.001.314.00P		2011-01-01 18:54:24.830271	2011-01-03 02:08:57.465004	Purchased		Item	166.15000000000001
421	CTOP Corner - Nova (3 Week Lead Time) | Laminate 7921 Tuscan Walnut	CTOP Corner - Nova (3 Week Lead Time) | Laminate 7921 Tuscan Walnut		\N	000.402.001.316.00P		2011-01-01 18:54:25.240168	2011-01-03 02:09:25.601268	Purchased		Item	166.15000000000001
422	CTOP Corner - Nova (3 Week Lead Time) | Laminate 7942 Cocobala	CTOP Corner - Nova (3 Week Lead Time) | Laminate 7942 Cocobala		\N	000.402.001.317.00P		2011-01-01 18:54:25.303941	2011-01-03 02:09:54.159948	Purchased		Item	210.46000000000001
518	Premium Door - DR1	Premium Door - DR1 		\N	000.102.000.x.00B		2011-01-01 18:54:28.057551	2011-01-10 17:09:00.907185	Manufactured		PremiumDoor	\N
36	CL Upright Partition - BaseNotch - Right	CL Upright Partition - BaseNotch - Right 		\N	000.912.3x.x.00M	CL-VUN-R	2011-01-01 18:53:39.605932	2011-01-02 02:27:14.054202	Manufactured		ClosetPartition	\N
38	CL Upright Partition - Left	CL Upright Partition - Left 		\N	000.911.1x.x.00M	CL-VU-L	2011-01-01 18:53:39.908101	2011-01-02 02:28:14.201358	Manufactured		ClosetPartition	\N
46	CL Corner Cam Shelf	CL Corner Cam Shelf 		\N	000.932.x.x.00M	CL-CCS	2011-01-01 18:53:49.522936	2011-01-02 01:51:49.829456	Manufactured		ClosetShelf	\N
221	~ Flap Stay | White	Flap Stay steel white 225mm\r\n	365.75.710	\N	000.365.075.710.00P		2011-01-01 18:54:02.694552	2011-01-09 19:58:03.655009	Purchased	30088	Item	1.3700000000000001
40	CL Hanging Partition - Radius - Thru	CL Hanging Partition Radius Bottom - Thru Drilled		\N	000.910.25x.x.00M	CL-HPR-T	2011-01-01 18:53:43.331732	2011-01-12 17:54:33.541943	Manufactured		ClosetPartition	\N
61	~ Tie Rack | Oil Rubbed Bronze 13-7/8"	Synergy Tie Rack with Slide, aluminum, dark oil rubbed bronzed, plastic, black, 13 7/8" length	807.67.103	\N	000.981.000.300.00P		2011-01-01 18:53:51.496891	2011-01-11 18:31:12.143602	Purchased		Item	24.050000000000001
174	~ Drawer Slide | Full ext | 18"	Accuride C3732-18P St Zip 100Lb	422.88.946	\N	000.710.018.000.00I		2011-01-01 18:53:55.976279	2011-01-09 23:00:17.646084	Inventory	10003	Item	5.8600000000000003
423	CTOP Corner - Nova (3 Week Lead Time) | Laminate 7948 Mambo	CTOP Corner - Nova (3 Week Lead Time) | Laminate 7948 Mambo		\N	000.402.001.318.00P		2011-01-01 18:54:25.349988	2011-01-03 02:10:10.768236	Purchased		Item	182.15000000000001
426	CTOP Corner - Nova (3 Week Lead Time) | Laminate D403 White Sand	CTOP Corner - Nova (3 Week Lead Time) | Laminate D403 White Sand		\N	000.402.001.321.00P		2011-01-01 18:54:25.424789	2011-01-03 02:10:30.109371	Purchased		Item	166.15000000000001
425	CTOP Corner - Nova (3 Week Lead Time) | Laminate D92 Dove Grey	CTOP Corner - Nova (3 Week Lead Time) | Laminate D92 Dove Grey		\N	000.402.001.320.00P		2011-01-01 18:54:25.411103	2011-01-03 02:10:43.423707	Purchased		Item	166.15000000000001
427	CTOP Corner - Tempo (3 Week Lead Time) | Laminate 1573 Frosty White	CTOP Corner - Tempo (3 Week Lead Time) | Laminate 1573 Frosty White		\N	000.402.002.301.00P		2011-01-01 18:54:25.496966	2011-01-03 02:11:12.870419	Purchased		Item	146.46000000000001
428	CTOP Corner - Tempo (3 Week Lead Time) | Laminate 1595 Black	CTOP Corner - Tempo (3 Week Lead Time) | Laminate 1595 Black		\N	000.402.002.302.00P		2011-01-01 18:54:25.511408	2011-01-03 02:11:27.359728	Purchased		Item	146.46000000000001
429	CTOP Corner - Tempo (3 Week Lead Time) | Laminate 4552 Ebony Star	CTOP Corner - Tempo (3 Week Lead Time) | Laminate 4552 Ebony Star		\N	000.402.002.303.00P		2011-01-01 18:54:25.558668	2011-01-03 02:11:46.914275	Purchased		Item	186.46000000000001
430	CTOP Corner - Tempo (3 Week Lead Time) | Laminate 4781 Sunstone	CTOP Corner - Tempo (3 Week Lead Time) | Laminate 4781 Sunstone		\N	000.402.002.304.00P		2011-01-01 18:54:25.571411	2011-01-03 02:12:09.347532	Purchased		Item	186.46000000000001
431	CTOP Corner - Tempo (3 Week Lead Time) | Laminate 4789 Limestone	CTOP Corner - Tempo (3 Week Lead Time) | Laminate 4789 Limestone		\N	000.402.002.305.00P		2011-01-01 18:54:25.583499	2011-01-03 02:12:24.236734	Purchased		Item	186.46000000000001
432	CTOP Corner - Tempo (3 Week Lead Time) | Laminate 4790 Greystone	CTOP Corner - Tempo (3 Week Lead Time) | Laminate 4790 Greystone		\N	000.402.002.306.00P		2011-01-01 18:54:25.595577	2011-01-03 02:12:38.386097	Purchased		Item	186.46000000000001
433	CTOP Corner - Tempo (3 Week Lead Time) | Laminate 4791 Willowstone	CTOP Corner - Tempo (3 Week Lead Time) | Laminate 4791 Willowstone		\N	000.402.002.307.00P		2011-01-01 18:54:25.607773	2011-01-03 02:12:52.714539	Purchased		Item	186.46000000000001
436	CTOP Corner - Tempo (3 Week Lead Time) | Laminate 4882 Oiled Soapstone	CTOP Corner - Tempo (3 Week Lead Time) | Laminate 4882 Oiled Soapstone		\N	000.402.002.310.00P		2011-01-01 18:54:25.72567	2011-01-03 02:13:13.638893	Purchased		Item	146.46000000000001
434	CTOP Corner - Tempo | Laminate 4794 Windswept Bronze	CTOP Corner - Tempo | Laminate 4794 Windswept Bronze		\N	000.402.002.308.00P		2011-01-01 18:54:25.620663	2011-01-03 02:15:13.753956	Purchased		Item	186.46000000000001
435	CTOP Corner - Tempo | Laminate 4795 Windswept Pewter	CTOP Corner - Tempo | Laminate 4795 Windswept Pewter		\N	000.402.002.309.00P		2011-01-01 18:54:25.634254	2011-01-03 02:15:27.961381	Purchased		Item	186.46000000000001
465	CTOP Corner - Futura (3 Week Lead Time) | Laminate 7948 Mambo	CTOP Corner - Futura (3 Week Lead Time) | Laminate 7948 Mambo		\N	000.402.003.318.00P		2011-01-01 18:54:26.823627	2011-01-03 01:58:53.345161	Purchased		Item	182.15000000000001
449	CTOP Corner - Futura (3 Week Lead Time) | Laminate 1595 Black	CTOP Corner - Futura (3 Week Lead Time) | Laminate 1595 Black		\N	000.402.003.302.00P		2011-01-01 18:54:26.061046	2011-01-03 01:54:58.564127	Purchased		Item	166.15000000000001
451	CTOP Corner - Futura (3 Week Lead Time) | Laminate 4781 Sunstone	CTOP Corner - Futura (3 Week Lead Time) | Laminate 4781 Sunstone		\N	000.402.003.304.00P		2011-01-01 18:54:26.095949	2011-01-03 01:55:22.024619	Purchased		Item	210.46000000000001
35	CL Upright Partition - BaseNotch - Left	CL Upright Partition - BaseNotch - Left 		\N	000.912.1x.x.00M	CL-VUN-L	2011-01-01 18:53:39.592444	2011-01-02 02:26:49.394533	Manufactured		ClosetPartition	\N
184	~ Wardrobe Lift (26-35") | Black	Wardrobe Lift, steel, black, plastic, black, 26" - 35 1/16", 26 lbs load capacity	805.31.302 	\N	000.988.035.400.00P		2011-01-01 18:53:56.336387	2011-01-11 03:59:07.379971	Purchased		Item	48.744
182	~ Wardrobe Lift (35-47") | Matte Nickel	Wardrobe Lift, steel, nickel-plated, black, 35 1/16" - 47 5/8", 26 lbs load capacity	805.31.603	\N	000.988.047.200.00P		2011-01-01 18:53:56.21133	2011-01-11 04:02:28.509668	Purchased		Item	71.244
48	CL Top Shelf	CL Top Shelf 		\N	000.934.x.x.00M	CL-TOP	2011-01-01 18:53:50.009214	2011-01-02 02:26:06.66442	Manufactured		ClosetShelf	\N
42	CL Hanging Partition - Radius - Right	CL Hanging Partition Radius Bottom - Right Stop Drilled		\N	000.910.35x.x.00M	CL-HPR-R	2011-01-01 18:53:43.944414	2011-01-12 17:53:53.579819	Manufactured		ClosetPartition	\N
10	~ Screw (Installation) 3-1/2"	Screw, Install  3' QDFL Type 17 NB, Plain (Box Qty 1,000)	069110300117N	\N	000.264.067.901.00I		2011-01-01 18:53:39.063244	2011-01-10 18:07:48.973036	Inventory	1022	Item	0.042619999999999998
37	CL Upright Partition - Thru	CL Upright Partition - Thru 		\N	000.911.2x.x.00M	CL-VU-T	2011-01-01 18:53:39.894924	2011-01-02 02:29:01.284811	Manufactured		ClosetPartition	\N
21	CTOP Corner - 1 in. melamine	CTOP Corner 1 in. melamine		\N	000.502.000.x.00M	MEL-CCTOP-25	2011-01-01 18:53:39.156106	2011-01-02 02:35:24.104617	Manufactured		Countertop	\N
602	~ Murphy Bed Hardware Set Single/Twin		SBF-M/SBF-S	\N			2011-01-11 05:33:20.126027	2011-01-12 19:28:28.731764	Purchased	10060	Item	425.54000000000002
606	~ Screw (Cabinet Hang) #10 x 3"		264.67.901	\N			2011-01-11 05:48:03.757061	2011-01-11 17:02:33.227855	Purchased	10026	Item	0.088599999999999998
94	~ Sliding Wire Basket (30x11x14) | Oil Rubbed Bronze		547.37.146	\N	000.986.301.300.00P		2011-01-01 18:53:53.436093	2011-01-11 04:24:37.271786	Purchased	30028-1	Item	26.760000000000002
603	~ Murphy Bed Hardware Set King		ABF-M/ABF-K	\N			2011-01-11 05:35:59.132818	2011-01-12 19:27:40.852256	Purchased	10063	Item	809.85000000000002
604	~ Bracket | 16 gauge		260.34.005	\N			2011-01-11 05:40:38.715627	2011-01-11 05:46:06.39148	Purchased	10054	Item	0.17000000000000001
605	~ Draw Bolt		2500413002	\N			2011-01-11 05:42:10.812649	2011-01-11 05:42:10.812649	Purchased	10066	Item	0.089999999999999997
607	~ Cam Cover | Tan for Carmel Apple		263.59.133	\N			2011-01-11 17:01:29.039953	2011-01-11 17:01:29.039953	Purchased	10042	Item	0.0106
146	~ Sliding Wire Basket (18x6x16) | Oil Rubbed Bronze	Closet Basket, steel, dark oil rubbed bronze, 16"d x 17"w x 6"h	547.35.162	\N	000.987.186.300.00P		2011-01-01 18:53:54.848216	2011-01-09 21:11:58.604673	Purchased	30031-1	Item	21.539999999999999
608	~ Drawer Slide | Full ext | 24"		422.88.961	\N			2011-01-11 17:18:18.400023	2011-01-11 17:30:32.496452	Purchased		Item	6.1500000000000004
315	CTOP - Tempo | Laminate 4552 Ebony Star	CTOP - Tempo | Laminate 4552 Ebony Star		\N	000.401.002.303.00P		2011-01-01 18:54:17.218889	2011-01-03 01:14:51.654753	Purchased		Item	186.46000000000001
617	CL Island Back Panel 	CL Island Back Panel 		\N	000.960.103.x.00M	CL-IBP	2011-01-12 00:14:00.186554	2011-01-12 02:13:18.434431	Manufactured		Door	\N
613	CL Island End Panel 	CL Island End Panel 		\N	000.960.101.x.00M	CL-IEP	2011-01-12 00:13:59.916142	2011-01-12 02:15:18.501448	Manufactured		Door	\N
614	CL Island Thru Panel 	CL Island Thru Panel 		\N	000.960.102.x.00M	CL-ITP	2011-01-12 00:14:00.110891	2011-01-12 02:16:16.742452	Manufactured		ClosetPartition	\N
464	CTOP Corner - Futura (3 Week Lead Time) | Laminate 7942 Cocobala	CTOP Corner - Futura (3 Week Lead Time) | Laminate 7942 Cocobala		\N	000.402.003.317.00P		2011-01-01 18:54:26.774362	2011-01-03 01:58:36.553887	Purchased		Item	210.46000000000001
514	HO Bookcase	HO Bookcase 		\N	000.400.181.x.00M	HO-BK-5AS	2011-01-01 18:54:27.966772	2011-01-02 00:17:37.047032	Manufactured		Cabinet	\N
622	ZZ HO Tall Cabinet Shell DON'T DELETE	Home Office tall cabinet		\N			2011-01-12 15:33:32.143978	2011-01-12 17:23:43.894056	Manufactured		Shell	\N
477	CTOP Corner - Geneva (3 Week Lead Time) | Laminate 4795 Windswept Pewter	CTOP Corner - Geneva (3 Week Lead Time) | Laminate 4795 Windswept Pewter		\N	000.402.004.309.00P		2011-01-01 18:54:27.247029	2011-01-03 02:01:58.744428	Purchased		Item	228.31
515	HO Bookcase - Vert Divider	HO Bookcase - Vert Divider 		\N	000.401.381.x.00M	HO-BKV-10AS	2011-01-01 18:54:27.978979	2011-01-11 16:32:45.20551	Manufactured		Cabinet	\N
558	ZZ NXp Adj Shelf DON'T DELETE	building block: NX adj shelf 1 inch		\N			2011-01-02 03:56:04.415433	2011-01-12 21:18:44.796773	Manufactured		Panel	\N
116	~ Sliding Wire Basket (18x17x12) | Polished Chrome	Closet Basket, steel, chrome-plated, 12"d x 17"w x 17"h	547.35.228 	\N	000.985.187.100.00P		2011-01-01 18:53:53.712979	2011-01-11 04:43:00.025641	Purchased		Item	20.59
142	~ Sliding Wire Basket (30x11x16) | Matte Nickel	Closet Basket, steel, matt nickel, 16"d x 29"w x 11"h	547.37.666	\N	000.987.301.200.00P		2011-01-01 18:53:54.712775	2011-01-09 20:34:59.804655	Purchased	30056-1	Item	28.25
624	ZZ NXp Panel 06 DON'T DELETE	White only		\N			2011-01-12 17:55:42.72321	2011-01-12 20:22:28.627928	Manufactured		Panel	\N
452	CTOP Corner - Futura (3 Week Lead Time) | Laminate 4789 Limestone	CTOP Corner - Futura (3 Week Lead Time) | Laminate 4789 Limestone		\N	000.402.003.305.00P		2011-01-01 18:54:26.183717	2011-01-03 01:55:34.741794	Purchased		Item	210.46000000000001
453	CTOP Corner - Futura (3 Week Lead Time) | Laminate 4790 Greystone	CTOP Corner - Futura (3 Week Lead Time) | Laminate 4790 Greystone		\N	000.402.003.306.00P		2011-01-01 18:54:26.350727	2011-01-03 01:55:46.304223	Purchased		Item	210.46000000000001
454	CTOP Corner - Futura (3 Week Lead Time) | Laminate 4791 Willowstone	CTOP Corner - Futura (3 Week Lead Time) | Laminate 4791 Willowstone		\N	000.402.003.307.00P		2011-01-01 18:54:26.500496	2011-01-03 01:55:57.795102	Purchased		Item	210.46000000000001
455	CTOP Corner - Futura (3 Week Lead Time) | Laminate 4794 Windswept Bronze	CTOP Corner - Futura (3 Week Lead Time) | Laminate 4794 Windswept Bronze		\N	000.402.003.308.00P		2011-01-01 18:54:26.52838	2011-01-03 01:56:09.635524	Purchased		Item	210.46000000000001
456	CTOP Corner - Futura (3 Week Lead Time) | Laminate 4795 Windswept Pewter	CTOP Corner - Futura (3 Week Lead Time) | Laminate 4795 Windswept Pewter		\N	000.402.003.309.00P		2011-01-01 18:54:26.540852	2011-01-03 01:56:21.942154	Purchased		Item	210.46000000000001
342	CTOP - Futura (3 Week Lead Time) | Laminate 4795 Windswept Pewter	CTOP - Futura (3 Week Lead Time) | Laminate 4795 Windswept Pewter		\N	000.401.003.309.00P		2011-01-01 18:54:19.924606	2011-01-03 00:46:44.691862	Purchased		Item	210.46000000000001
362	CTOP - Geneva (3 Week Lead Time) | Laminate 4794 Windswept Bronze	CTOP - Geneva (3 Week Lead Time) | Laminate 4794 Windswept Bronze		\N	000.401.004.308.00P		2011-01-01 18:54:21.258692	2011-01-03 00:53:47.240887	Purchased		Item	228.31
310	CTOP - Nova (3 Week Lead Time) | Laminate 10776 Kingstone Maple	CTOP - Nova (3 Week Lead Time) | Laminate 10776 Kingstone Maple		\N	000.401.001.319.00P		2011-01-01 18:54:16.888278	2011-01-03 01:02:25.716128	Purchased		Item	166.15000000000001
306	CTOP - Nova (3 Week Lead Time) | Laminate 4887 Tan Soapstone	CTOP - Nova (3 Week Lead Time) | Laminate 4887 Tan Soapstone		\N	000.401.001.315.00P		2011-01-01 18:54:16.706123	2011-01-03 01:06:34.116192	Purchased		Item	166.15000000000001
325	CTOP - Tempo | Laminate 4885 Green Soapstone	CTOP - Tempo | Laminate 4885 Green Soapstone		\N	000.401.002.313.00P		2011-01-01 18:54:17.859779	2011-01-03 01:15:52.294505	Purchased		Item	146.46000000000001
403	CTOP Corner - Classic (3 Week Lead Time) | Laminate 10776 Kingstone Maple	CTOP Corner - Classic (3 Week Lead Time) | Laminate 10776 Kingstone Maple		\N	000.402.000.319.00P		2011-01-01 18:54:23.355838	2011-01-03 01:48:53.954868	Purchased		Item	185.84999999999999
405	CTOP Corner - Classic (3 Week Lead Time) | Laminate D403 White Sand	CTOP Corner - Classic (3 Week Lead Time) | Laminate D403 White Sand		\N	000.402.000.321.00P		2011-01-01 18:54:23.412798	2011-01-03 01:53:58.152905	Purchased		Item	185.84999999999999
466	CTOP Corner - Futura (3 Week Lead Time) | Laminate 10776 Kingstone Maple	CTOP Corner - Futura (3 Week Lead Time) | Laminate 10776 Kingstone Maple		\N	000.402.003.319.00P		2011-01-01 18:54:26.932091	2011-01-03 01:54:28.260821	Purchased		Item	166.15000000000001
448	CTOP Corner - Futura (3 Week Lead Time) | Laminate 1573 Frosty White	CTOP Corner - Futura (3 Week Lead Time) | Laminate 1573 Frosty White		\N	000.402.003.301.00P		2011-01-01 18:54:26.048601	2011-01-03 01:54:45.7738	Purchased		Item	166.15000000000001
468	CTOP Corner - Futura (3 Week Lead Time) | Laminate D403 White Sand	CTOP Corner - Futura (3 Week Lead Time) | Laminate D403 White Sand		\N	000.402.003.321.00P		2011-01-01 18:54:27.011921	2011-01-03 01:59:10.985467	Purchased		Item	166.15000000000001
420	CTOP Corner - Nova (3 Week Lead Time) | Laminate 4887 Tan Soapstone	CTOP Corner - Nova (3 Week Lead Time) | Laminate 4887 Tan Soapstone		\N	000.402.001.315.00P		2011-01-01 18:54:24.97043	2011-01-03 02:09:10.114194	Purchased		Item	166.15000000000001
47	CL Corner Adjustable Shelf	CL Corner Adjustable Shelf 		\N	000.933.x.x.00M	CL-CAS	2011-01-01 18:53:49.77802	2011-01-02 01:51:27.128046	Manufactured		ClosetShelf	\N
529	Premium Door - DR8 | Cut for Glass	Premium Door - DR8 | Cut for Glass 		\N	000.123.000.x.00B		2011-01-01 18:54:28.434684	2011-01-10 17:10:42.121367	Manufactured		PremiumDoor	\N
524	Premium Drawer Front - DR8	Premium Drawer Front - DR8 		\N	000.203.000.x.00B		2011-01-01 18:54:28.15596	2011-01-10 17:17:12.40764	Manufactured		PremiumDrawerfront	\N
231	Premium Hamper Door - JR7	Premium Hamper Door - JR7 		\N	000.141.000.x.00B		2011-01-01 18:54:06.088072	2011-01-10 17:20:32.66808	Manufactured		PremiumDoor	\N
206	~ Screw (Angle Brackets)	Screw Zip-R steel, zinc-plated flat countersunk head T17 square drive #8 x 3/4" (1000/box)	010.70.965	\N	000.010.070.965.00I		2011-01-01 18:53:57.245048	2011-01-10 18:23:41.408443	Inventory	10064	Item	0.0083000000000000001
625	ZZ NX Tall Cabinet Shell DON'T DELETE			\N			2011-01-12 21:58:05.526486	2011-01-12 21:58:05.526486	Manufactured		Shell	\N
552	ZZ HO Tall Cabinet Shell w/VD DON'T DELETE	building block: home office tall cabinet shell with 1 vertical divider		\N			2011-01-02 00:28:22.162265	2011-01-13 15:10:53.010798	Manufactured		Shell	\N
\.


--
-- Data for Name: job_item_properties; Type: TABLE DATA; Schema: public; Owner: pg_orders
--

COPY job_item_properties (id, job_item_id, ingest_id, family, qualifier, module_names, value_str, created_at, updated_at) FROM stdin;
\.


--
-- Data for Name: job_items; Type: TABLE DATA; Schema: public; Owner: pg_orders
--

COPY job_items (id, job_id, item_id, ingest_id, quantity, comment, created_at, updated_at, unit_price, tracking_id) FROM stdin;
\.


--
-- Data for Name: job_properties; Type: TABLE DATA; Schema: public; Owner: pg_orders
--

COPY job_properties (id, job_id, family, qualifier, module_names, value_str, created_at, updated_at) FROM stdin;
\.


--
-- Data for Name: jobs; Type: TABLE DATA; Schema: public; Owner: pg_orders
--

COPY jobs (id, franchisee_id, customer_id, shipping_address_id, name, job_number, salesperson_id, created_at, updated_at, dvinci_xml_file_name, dvinci_xml_content_type, dvinci_xml_file_size, dvinci_xml_updated_at, mfg_plant, status, due_date, ship_date, comment) FROM stdin;
\.


--
-- Data for Name: properties; Type: TABLE DATA; Schema: public; Owner: pg_orders
--

COPY properties (id, name, family, module_names, created_at, updated_at) FROM stdin;
1	Panel Color	color	\N	2011-01-01 18:53:38.626879	2011-01-01 18:53:38.626879
2	Premium Panel Color	color	\N	2011-01-01 18:53:38.63388	2011-01-01 18:53:38.63388
3	Home Office Panel Color	color	\N	2011-01-01 18:53:38.637287	2011-01-01 18:53:38.637287
4	Hardware Color	color	\N	2011-01-01 18:53:38.640628	2011-01-01 18:53:38.640628
5	Countertop Color	color	\N	2011-01-01 18:53:38.644733	2011-01-01 18:53:38.644733
6	Melamine 19	panel_material	Material	2011-01-01 19:43:30.159526	2011-01-01 19:43:30.159526
8	Melamine 06	panel_material	Material	2011-01-01 20:39:20.2466	2011-01-01 20:39:20.2466
9	Melamine 19 Edge	edge_band	EdgeBand	2011-01-01 23:06:31.500102	2011-01-01 23:06:31.500102
62	34 margin	margin	Margin	2011-01-12 04:43:47.334805	2011-01-12 04:43:47.334805
13	Decore DRS131/DR1 Door Material	door_material	Material	2011-01-02 01:57:56.551044	2011-01-02 01:57:56.551044
14	Decore Crown Molding: 3-3/4", 423-8 Door Material	door_material	Material	2011-01-02 01:57:58.307976	2011-01-02 01:57:58.307976
15	Decore DR8/DBQ816/KB732 Door Material	door_material	Material	2011-01-02 01:57:58.955293	2011-01-02 01:57:58.955293
16	Decore DR8/KB732/DRS131/DR1/DBQ816/AMS329/JR7: Slab DF Door Material	door_material	Material	2011-01-02 01:57:59.162847	2011-01-02 01:57:59.162847
17	Decore Scribe Molding: 1", 428-8 Door Material	door_material	Material	2011-01-02 01:57:59.326863	2011-01-02 01:57:59.326863
18	Decore Crown Molding: 4-1/2", 424-8 Door Material	door_material	Material	2011-01-02 01:58:00.036416	2011-01-02 01:58:00.036416
19	Decore Filler A Door Material	door_material	Material	2011-01-02 01:58:01.06819	2011-01-02 01:58:01.06819
20	Decore Fluted Molding: 3-1/2", 431-8 Door Material	door_material	Material	2011-01-02 01:58:01.727631	2011-01-02 01:58:01.727631
21	Decore JR7 Door Material	door_material	Material	2011-01-02 01:58:02.536103	2011-01-02 01:58:02.536103
22	Decore Base Molding: 2-1/2", 426-8 Door Material	door_material	Material	2011-01-02 01:58:03.027502	2011-01-02 01:58:03.027502
23	Decore AMS329 Door Material	door_material	Material	2011-01-02 01:58:03.546582	2011-01-02 01:58:03.546582
24	Decore JR7/AMS329/DRS131/KB732/DBQ816/DR8/Filler A/DR1: Cut for Glass,469 Option Charges	style_surcharge	Surcharge	2011-01-02 03:40:59.321428	2011-01-02 03:40:59.321428
25	Decore DR8/DRS131/KB732/DR1/JR7/Filler A/DBQ816/AMS329: Slab DF,Door,471,472 Option Charges	style_surcharge	Surcharge	2011-01-02 03:40:59.603402	2011-01-02 03:40:59.603402
26	Decore DR8/AMS329/JR7/DR1/DRS131: Routed DF Option Charges	style_surcharge	Surcharge	2011-01-02 03:41:00.308742	2011-01-02 03:41:00.308742
27	Decore DRS131/DBQ816/KB732/JR7/DR8/AMS329/DR1: French Lite Door Option Charges	style_surcharge	Surcharge	2011-01-02 03:41:00.620803	2011-01-02 03:41:00.620803
28	Decore Base Molding/Crown Molding/Fluted Molding/Scribe Molding Option Charges	style_surcharge	Surcharge	2011-01-02 03:41:00.666648	2011-01-02 03:41:00.666648
29	Decore DRS131/DR8/Base Molding/Crown Molding/DBQ816/KB732/JR7/Fluted Molding/AMS329/DR1/Scribe Molding: French Lite Door,Slab DF,Routed DF,2-1/2", 426-8,4-1/2", 424-8,Door,Cut for Glass,3-1/2", 431-8,1", 428-8,3-3/4", 423-8 Handling Charges	style_surcharge	Surcharge	2011-01-02 03:41:20.545068	2011-01-02 03:41:20.545068
30	Decore Filler A Handling Charges	style_surcharge	Surcharge	2011-01-02 03:41:20.621019	2011-01-02 03:41:20.621019
32	Melamine 25 Edge	edge_band	EdgeBand	2011-01-02 16:38:58.927409	2011-01-02 16:38:58.927409
33	2:3 Corner Cabinet Side Ratio	corner_cab_side_ratio	ScalingFactor	2011-01-02 20:24:08.184969	2011-01-02 20:24:08.184969
37	11 H	height	Height	2011-01-03 23:55:40.419263	2011-01-03 23:55:40.419263
39	Melamine 13	panel_material	Material	2011-01-03 23:57:34.30795	2011-01-03 23:57:34.30795
41	4.5 H	height	Height	2011-01-03 23:59:49.574592	2011-01-03 23:59:49.574592
42	7 H	height	Height	2011-01-04 00:01:18.760229	2011-01-04 00:01:18.760229
43	9.5 H	height	Height	2011-01-04 00:02:54.654443	2011-01-04 00:02:54.654443
40	2.5 H	height	Height	2011-01-03 23:58:37.595638	2011-01-04 00:05:20.559076
45	Handling Surcharge	handling_surcharge	Surcharge	2011-01-04 00:41:12.716605	2011-01-04 00:41:12.716605
63	51 margin	margin	Margin	2011-01-12 05:26:41.901449	2011-01-12 05:26:41.901449
64	DrawerSlides Full Ext	quantity_by_depth	Depth	2011-01-12 13:56:56.502023	2011-01-12 13:56:56.502023
47	T-mold black rubber	edge_band	EdgeBand	2011-01-05 21:26:01.2653	2011-01-05 21:26:01.2653
48	CTOP 29mm	panel_material	Material	2011-01-05 21:29:41.288238	2011-01-05 21:29:41.288238
49	T-mold rubber	edge_band	EdgeBand	2011-01-05 21:30:50.852709	2011-01-05 21:30:50.852709
57	PB 19	panel_material	Material	2011-01-06 15:18:17.128403	2011-01-06 15:18:17.128403
58	Nailer Width	width	Width	2011-01-06 15:19:25.800743	2011-01-06 15:19:25.800743
59	Toe-Kick Width	width	Width	2011-01-07 07:04:48.439826	2011-01-07 07:04:48.439826
60	NX Materials 19mm	panel_material	Material	2011-01-07 18:04:26.693714	2011-01-07 18:04:26.693714
10	40 margin	margin	Margin	2011-01-02 00:55:53.810077	2011-01-12 02:27:17.150128
34	35 margin	margin	Margin	2011-01-03 03:54:21.72695	2011-01-12 02:28:08.286951
35	38 margin	margin	Margin	2011-01-03 03:58:00.400383	2011-01-12 02:28:29.007751
36	25 margin	margin	Margin	2011-01-03 04:07:22.591993	2011-01-12 02:28:56.375306
44	32 Margin	margin	Margin	2011-01-04 00:16:46.69113	2011-01-12 02:29:15.908663
50	50 margin	margin	Margin	2011-01-05 21:31:42.585337	2011-01-12 02:29:50.775482
51	30 margin	margin	Margin	2011-01-06 06:19:35.938244	2011-01-12 02:30:08.255072
11	43 margin	margin	Margin	2011-01-02 01:02:53.903624	2011-01-12 02:30:33.778171
52	31 margin	margin	Margin	2011-01-06 06:20:44.564889	2011-01-12 02:30:53.572335
12	55 margin	margin	Margin	2011-01-02 01:30:17.262321	2011-01-12 02:31:20.059608
46	46 margin	margin	Margin	2011-01-04 04:05:21.299104	2011-01-12 02:31:39.426173
53	33 margin	margin	Margin	2011-01-06 06:44:21.626172	2011-01-12 02:31:57.640536
54	20 margin	margin	Margin	2011-01-06 07:27:37.533798	2011-01-12 02:32:14.275419
55	23 margin	margin	Margin	2011-01-06 07:31:18.815632	2011-01-12 03:11:02.524782
56	22 margin	margin	Margin	2011-01-06 07:32:48.403124	2011-01-12 03:11:26.990432
61	60 margin	margin	Margin	2011-01-12 03:28:24.973226	2011-01-12 03:28:24.973226
66	70 margin	margin	Margin	2011-01-12 16:51:32.172639	2011-01-12 16:51:32.172639
65	Hardware 10%	margin	Margin	2011-01-12 16:24:30.162756	2011-01-12 17:13:43.009608
67	NX Back 06mm	panel_material	Material	2011-01-12 17:51:38.741671	2011-01-12 17:51:38.741671
68	27 margin	margin	Margin	2011-01-12 18:01:16.976168	2011-01-12 18:01:16.976168
69	28 margin	margin	Margin	2011-01-12 18:02:30.248868	2011-01-12 18:02:30.248868
70	10 margin	margin	Margin	2011-01-12 18:59:27.357822	2011-01-12 18:59:27.357822
71	Hardware 30%	margin	Margin	2011-01-12 19:15:01.473979	2011-01-12 19:15:01.473979
72	Hardware 30%	margin	Margin	2011-01-12 19:15:01.486798	2011-01-12 19:15:01.486798
31	Melamine 25 Shelf Edge	edge_band	EdgeBand	2011-01-02 16:38:58.599624	2011-01-12 19:18:32.05948
74	Hardware 35%	margin	Margin	2011-01-13 00:19:29.496875	2011-01-13 00:21:20.721045
7	NX Melamine 25	panel_material	Material	2011-01-01 20:32:35.915303	2011-01-13 00:37:17.683245
75	Melamine 25	panel_material	Material	2011-01-13 01:26:23.663956	2011-01-13 01:26:23.663956
76	Delete	panel_material	Material	2011-01-13 01:26:23.733074	2011-01-13 01:28:14.496037
78	Hardware 1%	margin	Margin	2011-01-13 03:50:05.702879	2011-01-13 03:50:05.702879
79	AssScrew (W) 4/6	qty_by_range	RangedValue	2011-01-13 04:02:16.529447	2011-01-13 04:02:16.529447
81	Hinge (H) 2/4	qty_by_range	RangedValue	2011-01-13 04:34:39.583149	2011-01-13 04:34:39.583149
82	41.5 margin	margin	Margin	2011-01-13 05:00:23.863005	2011-01-13 05:00:23.863005
83	42 margin	margin	Margin	2011-01-13 05:05:01.905742	2011-01-13 05:05:01.905742
84	45 margin	margin	Margin	2011-01-13 05:11:14.882716	2011-01-13 05:11:14.882716
85	47.5 margin	margin	Margin	2011-01-13 05:16:50.453546	2011-01-13 05:16:50.453546
86	49 margin	margin	Margin	2011-01-13 05:27:35.619471	2011-01-13 05:27:35.619471
87	Wdowels (W) 22/23	qty_by_range	RangedValue	2011-01-13 14:12:45.8248	2011-01-13 14:12:45.8248
73	Confirmat (D) 8/12	qty_by_range	RangedValue	2011-01-12 23:05:02.535785	2011-01-13 16:51:45.334539
80	MiniConnect (D) 12/14	qty_by_range	RangedValue	2011-01-13 04:06:20.743245	2011-01-13 14:41:50.337462
88	MiniConnect (D) 8/12	qty_by_range	RangedValue	2011-01-13 14:19:06.707435	2011-01-13 14:20:47.926766
77	MiniConnect (D) 12/16	qty_by_range	RangedValue	2011-01-13 03:46:18.489164	2011-01-13 14:23:23.091954
89	Wdowels (W) 30/31	qty_by_range	RangedValue	2011-01-13 14:35:44.403375	2011-01-13 14:35:44.403375
90	Wdowel (W) 38/39	qty_by_range	RangedValue	2011-01-13 14:53:34.496021	2011-01-13 14:53:34.496021
91	MiniConnect (D) 14/18	qty_by_range	RangedValue	2011-01-13 15:16:44.893326	2011-01-13 15:16:44.893326
92	AssScrew (W) 7/9	qty_by_range	RangedValue	2011-01-13 15:22:53.968148	2011-01-13 15:22:53.968148
93	MiniConnect (D) 10/12	qty_by_range	RangedValue	2011-01-13 16:04:59.771777	2011-01-13 16:04:59.771777
94	AssScrew (W) 2/3	qty_by_range	RangedValue	2011-01-13 16:14:54.006711	2011-01-13 16:14:54.006711
95	Wdowel (W) 34/35	qty_by_range	RangedValue	2011-01-13 16:32:18.55963	2011-01-13 16:32:18.55963
96	AssScrew (W) 6/8	qty_by_range	RangedValue	2011-01-13 17:00:13.997207	2011-01-13 17:00:13.997207
97	Hinge (H) 4/8	qty_by_range	RangedValue	2011-01-13 17:22:47.60098	2011-01-13 17:22:47.60098
98	Shelf (H) 1/2	qty_by_range	RangedValue	2011-01-13 21:28:34.924087	2011-01-13 21:28:34.924087
99	50.5 margin	margin	Margin	2011-01-13 21:33:47.750997	2011-01-13 21:36:41.166766
100	48 margin	margin	Margin	2011-01-13 21:58:50.076173	2011-01-13 21:58:50.076173
101	36 margin	margin	Margin	2011-01-13 22:26:09.778511	2011-01-13 22:26:09.778511
102	AssScrew (H) 0/2	qty_by_range	RangedValue	2011-01-14 00:05:22.719692	2011-01-14 00:05:22.719692
103	AssScrew (H) 0/2	qty_by_range	RangedValue	2011-01-14 00:05:22.743255	2011-01-14 00:05:22.743255
104	85 margin	margin	Margin	2011-01-14 18:31:06.544089	2011-01-14 18:31:06.544089
105	95 margin	margin	Margin	2011-01-14 19:34:02.219402	2011-01-14 19:34:02.219402
106	90 margin	margin	Margin	2011-01-14 19:35:38.699034	2011-01-14 19:35:38.699034
\.


--
-- Data for Name: property_value_selection; Type: TABLE DATA; Schema: public; Owner: pg_orders
--

COPY property_value_selection (property_id, property_value_id) FROM stdin;
1	1
1	2
1	3
1	4
1	5
1	6
1	7
4	8
4	9
4	10
1	11
1	12
1	13
1	14
1	15
5	16
5	17
5	18
5	19
5	20
5	21
5	22
5	23
5	24
5	25
5	26
5	27
5	28
5	29
5	30
5	31
5	32
5	33
5	34
5	35
5	36
3	37
3	38
3	39
3	40
3	41
3	42
3	43
3	44
3	45
3	46
6	47
6	48
6	49
6	50
6	51
6	52
6	53
6	54
6	55
7	56
8	57
8	58
8	59
8	60
8	61
8	62
8	63
8	64
8	65
9	66
9	67
9	68
9	69
9	70
9	71
9	72
9	73
9	74
10	75
11	76
12	77
13	78
13	79
13	80
13	81
13	82
13	83
13	84
13	85
14	86
14	87
14	88
14	89
14	90
14	91
14	92
14	93
15	94
15	95
15	96
15	97
15	98
15	99
15	100
15	101
16	102
16	103
16	104
16	105
16	106
16	107
16	108
16	109
17	110
17	111
17	112
17	113
17	114
17	115
17	116
17	117
18	118
18	119
18	120
18	121
18	122
18	123
18	124
18	125
19	126
19	127
19	128
19	129
19	130
19	131
19	132
19	133
20	134
20	135
20	136
20	137
20	138
20	139
20	140
20	141
21	142
21	143
21	144
21	145
21	146
21	147
21	148
21	149
22	150
22	151
22	152
22	153
22	154
22	155
22	156
22	157
23	158
23	159
23	160
23	161
23	162
23	163
23	164
23	165
24	166
25	167
26	168
27	169
28	170
29	171
30	172
31	173
32	174
33	175
34	176
35	177
36	178
37	179
39	181
40	182
41	183
42	184
43	185
44	186
45	187
46	188
48	189
49	190
50	191
51	192
52	193
53	194
54	195
55	196
56	197
57	198
58	199
59	200
60	201
60	202
60	203
60	204
61	205
62	206
63	207
64	208
65	209
66	210
67	211
68	212
69	213
60	214
60	215
60	216
60	217
60	218
70	219
71	220
72	221
32	222
32	223
32	224
32	225
32	226
32	227
32	228
32	229
73	230
73	231
74	232
74	233
75	234
75	235
76	236
76	237
75	238
75	239
75	240
75	241
75	242
75	243
75	244
78	245
77	246
77	247
79	248
79	249
80	250
80	251
81	252
81	253
82	254
83	255
84	256
85	257
86	258
87	259
87	260
88	261
88	262
89	263
89	264
90	265
90	266
91	267
91	268
92	269
92	270
93	271
93	272
94	273
94	274
95	275
95	276
96	277
96	278
97	279
97	280
98	281
98	282
99	283
100	284
101	285
102	286
102	287
103	288
103	289
104	290
105	291
106	292
\.


--
-- Data for Name: property_values; Type: TABLE DATA; Schema: public; Owner: pg_orders
--

COPY property_values (id, dvinci_id, name, module_names, value_str, created_at, updated_at) FROM stdin;
105	006	DR8/KB732/DRS131/DR1/DBQ816/AMS329/JR7: Slab DF Mahogany Impressions Door Material	Material	{"price":"10.25","thickness":"0","waste_factor":"","price_units":"ft","color":"Mahogany Impressions","thickness_units":"mm"}	2011-01-02 01:57:59.204332	2011-01-04 05:10:24.755781
108	003	DR8/KB732/DRS131/DR1/DBQ816/AMS329/JR7: Slab DF Folkstone Grey Door Material	Material	{"price":"8.4","thickness":"0","waste_factor":"","price_units":"ft","color":"Folkstone Grey","thickness_units":"mm"}	2011-01-02 01:57:59.265935	2011-01-04 05:10:24.768139
103	007	DR8/KB732/DRS131/DR1/DBQ816/AMS329/JR7: Slab DF Sable Glow Door Material	Material	{"price":"10.25","thickness":"0","waste_factor":"","price_units":"ft","color":"Sable Glow","thickness_units":"mm"}	2011-01-02 01:57:59.1791	2011-01-04 05:10:24.779979
189	403	Ebony Star	Material	{"price":"2.41","waste_factor":".03","thickness":"29","color":"Ebony Star","price_units":"ft","thickness_units":"mm"}	2011-01-05 21:29:41.312163	2011-01-05 21:29:41.312163
3	003	FOLKSTONE GRAY	Color	{"color": "FOLKSTONE GRAY"}	2011-01-01 18:53:38.921582	2011-01-11 23:17:31.966216
4	004	CARMEL APPLE	Color	{"color": "CARMEL APPLE"}	2011-01-01 18:53:38.942642	2011-01-11 23:17:31.977053
191		50	Margin	{"factor":".50"}	2011-01-05 21:31:42.59094	2011-01-12 02:27:45.569683
194		33	Margin	{"factor":".33"}	2011-01-06 06:44:21.632704	2011-01-12 02:31:57.635967
55	007	Chocolate Apple	Material	{"price":".8944","waste_factor":".1","thickness":".75","price_units":"ft","color":"Chocolate Apple","thickness_units":"in"}	2011-01-01 19:43:30.273722	2011-01-12 03:33:03.943478
201	001	White	Material	{"price":".6109","waste_factor":".05","thickness":".75","price_units":"ft","color":"White","thickness_units":"in"}	2011-01-07 18:04:26.701052	2011-01-12 19:12:05.390237
234	001	White	Material	{"price":"0.8350","waste_factor":".1","thickness":"1","price_units":"ft","color":"White","thickness_units":"in"}	2011-01-13 01:26:23.672778	2011-01-13 01:32:38.657933
256		45	Margin	{"factor":".45"}	2011-01-13 05:11:14.886603	2011-01-13 05:11:14.886603
279		0-40" 4 qty	RangedValue	{"max":"40","variable_units":"in","value":"4","min":"","variable":"height"}	2011-01-13 17:22:47.608442	2011-01-13 17:22:47.608442
280		40+" 8 qty	RangedValue	{"max":"","variable_units":"in","value":"8","min":"40","variable":"height"}	2011-01-13 17:22:47.631089	2011-01-13 17:22:47.631089
203	008	Windswept Bronze	Material	{"price":".835","waste_factor":".08","thickness":".75","price_units":"ft","color":"Windswept Bronze","thickness_units":"in"}	2011-01-07 18:04:26.734571	2011-01-14 04:32:05.805987
235	002	Antique White	Material	{"price":"1.06","waste_factor":".1","thickness":"1","price_units":"ft","color":"Antique White","thickness_units":"in"}	2011-01-13 01:26:23.6968	2011-01-14 20:10:11.984471
78	010	DRS131/DR1 Ruston Maple Door Material	Material	{"price":"13.2","thickness":"0","price_units":"ft","color":"Ruston Maple","thickness_units":"mm"}	2011-01-02 01:57:56.767067	2011-01-02 03:01:21.503543
219		10	Margin	{"factor":".1"}	2011-01-12 18:59:27.364894	2011-01-12 18:59:27.364894
56	001	White	Material	{"price":".8350","waste_factor":".08","thickness":"1.000","price_units":"ft","color":"White","thickness_units":"in"}	2011-01-01 20:32:35.922055	2011-01-13 00:37:17.679156
237	002	Antique White	Material	{"price":"1.0934","waste_factor":".1","thickness":"1","price_units":"ft","color":"Antique White","thickness_units":"in"}	2011-01-13 01:26:23.763481	2011-01-13 01:28:14.488083
79	007	DRS131/DR1 Sable Glow Door Material	Material	{"price":"13.2","thickness":"0","price_units":"ft","color":"Sable Glow","thickness_units":"mm"}	2011-01-02 01:57:56.874902	2011-01-02 03:01:21.509886
66	001	White Edge 19mm	EdgeBand	{"price":".0220","width_units":"mm","price_units":"ft","color":"White","width":"19"}	2011-01-01 23:06:31.509474	2011-01-01 23:13:34.833589
67	008	WS Bronze Edge 19mm	EdgeBand	{"price":".0580","width_units":"mm","price_units":"ft","color":"Windswept Bronze","width":"19"}	2011-01-01 23:13:34.837934	2011-01-02 00:03:23.43071
68	009	WS Pewter Edge 19mm	EdgeBand	{"price":".0830","width_units":"mm","price_units":"ft","color":"Windswept Pewter","width":"19"}	2011-01-01 23:13:34.854001	2011-01-02 00:03:23.443211
69	010	HR Maple Edge 19mm	EdgeBand	{"price":".0410","width_units":"mm","price_units":"ft","color":"Hardrock Maple","width":"19"}	2011-01-01 23:13:34.868691	2011-01-02 00:03:23.457877
70	002	Ant White Edge 19mm	EdgeBand	{"price":".0420","width_units":"mm","price_units":"ft","color":"Antique White","width":"19"}	2011-01-01 23:13:34.882769	2011-01-02 00:03:23.46244
30	315	Laminate 4887 Tan Soapstone	Color	{"color": "Laminate 4887 Tan Soapstone"}	2011-01-01 18:54:13.714368	2011-01-01 18:54:13.763876
31	316	Laminate 7921 Tuscan Walnut	Color	{"color": "Laminate 7921 Tuscan Walnut"}	2011-01-01 18:54:13.824507	2011-01-01 18:54:13.876669
32	317	Laminate 7942 Cocobala	Color	{"color": "Laminate 7942 Cocobala"}	2011-01-01 18:54:13.985847	2011-01-01 18:54:14.006245
34	319	Laminate 10776 Kingstone Maple	Color	{"color": "Laminate 10776 Kingstone Maple"}	2011-01-01 18:54:14.62576	2011-01-01 18:54:14.789209
35	320	Laminate D92 Dove Grey	Color	{"color": "Laminate D92 Dove Grey"}	2011-01-01 18:54:15.122372	2011-01-01 18:54:15.306135
36	321	Laminate D403 White Sand	Color	{"color": "Laminate D403 White Sand"}	2011-01-01 18:54:15.451936	2011-01-01 18:54:15.586638
37	901	WHITE	Color	{"color": "WHITE"}	2011-01-01 18:54:27.734909	2011-01-01 18:54:27.756203
38	902	ANTIQUE WHITE	Color	{"color": "ANTIQUE WHITE"}	2011-01-01 18:54:28.600979	2011-01-01 18:54:28.64322
39	903	FOLKSTONE GRAY	Color	{"color": "FOLKSTONE GRAY"}	2011-01-01 18:54:29.180127	2011-01-01 18:54:29.409012
40	904	CARMEL APPLE	Color	{"color": "CARMEL APPLE"}	2011-01-01 18:54:29.848025	2011-01-01 18:54:30.037354
41	905	WILD APPLE	Color	{"color": "WILD APPLE"}	2011-01-01 18:54:30.533534	2011-01-01 18:54:30.547805
42	906	MAHOGANY IMPRESSIONS	Color	{"color": "MAHOGANY IMPRESSIONS"}	2011-01-01 18:54:31.002918	2011-01-01 18:54:31.047899
190		Black	EdgeBand	{"price":".375","width_units":"mm","color":"Black","price_units":"ft","width":"29"}	2011-01-05 21:30:50.866499	2011-01-05 21:30:50.866499
43	907	CHOCOLATE APPLE	Color	{"color": "CHOCOLATE APPLE"}	2011-01-01 18:54:31.467425	2011-01-01 18:54:31.485711
44	910	HARDROCK MAPLE	Color	{"color": "HARDROCK MAPLE"}	2011-01-01 18:54:31.968845	2011-01-01 18:54:31.996223
45	909	WINDSWEPT PEWTER	Color	{"color": "WINDSWEPT PEWTER"}	2011-01-01 18:54:32.472925	2011-01-01 18:54:32.486334
46	908	WINDSWEPT BRONZE	Color	{"color": "WINDSWEPT BRONZE"}	2011-01-01 18:54:32.953556	2011-01-01 18:54:33.049523
167	\N	DR8/DRS131/KB732/DR1/JR7/Filler A/DBQ816/AMS329: Slab DF,Door,471,472 Option Surcharge	Surcharge	{"price": 0.00}	2011-01-02 03:40:59.613554	2011-01-02 03:40:59.613554
168	\N	DR8/AMS329/JR7/DR1/DRS131: Routed DF Option Surcharge	Surcharge	{"price": 5.00}	2011-01-02 03:41:00.443729	2011-01-02 03:41:00.443729
58	009	Windswept Pewter	Material	{"price":".9538","thickness":".25","waste_factor":".15","price_units":"ft","color":"Windswept Pewter","thickness_units":"in"}	2011-01-01 20:39:20.296068	2011-01-02 17:23:47.921032
60	001	White	Material	{"price":".3453","thickness":".25","waste_factor":".1","price_units":"ft","color":"White","thickness_units":"in"}	2011-01-01 20:39:20.338942	2011-01-02 17:23:47.963921
61	002	Antique White	Material	{"price":".4313","thickness":".25","waste_factor":".15","price_units":"ft","color":"Antique White","thickness_units":"in"}	2011-01-01 20:39:20.351948	2011-01-02 17:23:47.983571
59	010	Hardrock Maple	Material	{"price":".4100","thickness":".25","waste_factor":".1","price_units":"ft","color":"Hardrock Maple","thickness_units":"in"}	2011-01-01 20:39:20.325647	2011-01-04 03:40:54.443388
71	003	Folk Gray Edge 19mm	EdgeBand	{"price":".0420","width_units":"mm","price_units":"ft","color":"Folkstone Gray","width":"19"}	2011-01-01 23:13:34.896653	2011-01-02 00:03:23.466643
2	002	ANTIQUE WHITE	Color	{"color": "ANTIQUE WHITE"}	2011-01-01 18:53:38.899741	2011-01-11 23:17:31.95688
6	006	MAHOGANY IMPRESSIONS	Color	{"color": "MAHOGANY IMPRESSIONS"}	2011-01-01 18:53:38.985069	2011-01-11 23:17:32.063143
11	010	HARDROCK MAPLE	Color	{"color": "HARDROCK MAPLE"}	2011-01-01 18:53:57.262055	2011-01-11 23:17:32.080827
205		60	Margin	{"factor":".60"}	2011-01-12 03:28:24.980981	2011-01-12 03:28:24.980981
47	008	Windswept Bronze	Material	{"price":"1.000","waste_factor":".1","thickness":".75","price_units":"ft","color":"Windswept Bronze","thickness_units":"in"}	2011-01-01 19:43:30.167045	2011-01-12 03:33:03.948768
48	009	Windswept Pewter	Material	{"price":"1.0300","waste_factor":".1","thickness":".75","price_units":"ft","color":"Windswept Pewter","thickness_units":"in"}	2011-01-01 19:43:30.187892	2011-01-12 03:33:03.952841
49	010	Hardrock Maple	Material	{"price":".7834","waste_factor":".08","thickness":".75","price_units":"ft","color":"Hardrock Maple","thickness_units":"in"}	2011-01-01 19:43:30.20049	2011-01-12 03:33:03.956848
291		95	Margin	{"factor":".95"}	2011-01-14 19:34:02.351887	2011-01-14 19:34:02.351887
54	005	Wild Apple	Material	{"price":".8944","waste_factor":".1","thickness":".75","price_units":"ft","color":"Wild Apple","thickness_units":"in"}	2011-01-01 19:43:30.261504	2011-01-12 03:33:03.97764
236	001	White	Material	{"price":"0.8350","waste_factor":".1","thickness":"1","price_units":"ft","color":"White","thickness_units":"in"}	2011-01-13 01:26:23.740628	2011-01-13 01:28:14.492695
257		47.5	Margin	{"factor":".475"}	2011-01-13 05:16:50.460457	2011-01-13 05:16:50.460457
281		0-36" 1 qty	RangedValue	{"max":"36","variable_units":"in","value":"1","min":"","variable":"height"}	2011-01-13 21:28:34.934151	2011-01-13 21:28:34.934151
282		36+" 2 qty	RangedValue	{"max":"","variable_units":"in","value":"2","min":"36","variable":"height"}	2011-01-13 21:28:34.957611	2011-01-13 21:28:34.957611
50	001	White	Material	{"price":".6109","waste_factor":".08","thickness":".75","price_units":"ft","color":"White","thickness_units":"in"}	2011-01-01 19:43:30.212786	2011-01-13 21:40:02.733203
284		48	Margin	{"factor":".48"}	2011-01-13 21:58:50.079931	2011-01-13 21:58:50.079931
290		85	Margin	{"factor":".85"}	2011-01-14 18:31:06.550889	2011-01-14 18:31:06.550889
292		90	Margin	{"factor":".90"}	2011-01-14 19:35:38.70293	2011-01-14 19:35:38.70293
92	\N	Crown Molding: 3-3/4", 423-8 Folkstone Grey Door Material	Material	{"color": "Folkstone Grey", "thickness": 0, "thickness_units": "mm", "price": 15.6, "price_units": "ft"}	2011-01-02 01:57:58.696916	2011-01-02 01:57:58.696916
72	004	Carmel Apple Edge 19mm	EdgeBand	{"price":".0640","width_units":"mm","price_units":"ft","color":"Carmel Apple","width":"19"}	2011-01-01 23:13:34.910417	2011-01-02 00:03:23.47424
73	005	Wild Apple Edge 19mm	EdgeBand	{"price":".0450","width_units":"mm","price_units":"ft","color":"Wild Apple","width":"19"}	2011-01-01 23:13:34.924418	2011-01-02 00:03:23.484146
74	007	Choc Apple Edge 19mm	EdgeBand	{"price":".0450","width_units":"mm","price_units":"ft","color":"Chocolate Apple","width":"19"}	2011-01-01 23:13:34.938432	2011-01-02 00:03:23.487934
80	001	DRS131/DR1 White Door Material	Material	{"price":"10.6","thickness":"0","price_units":"ft","color":"White","thickness_units":"mm"}	2011-01-02 01:57:56.968172	2011-01-02 03:01:21.513984
86	\N	Crown Molding: 3-3/4", 423-8 Ruston Maple Door Material	Material	{"color": "Ruston Maple", "thickness": 0, "thickness_units": "mm", "price": 19.15, "price_units": "ft"}	2011-01-02 01:57:58.35908	2011-01-02 01:57:58.35908
87	\N	Crown Molding: 3-3/4", 423-8 Sable Glow Door Material	Material	{"color": "Sable Glow", "thickness": 0, "thickness_units": "mm", "price": 19.15, "price_units": "ft"}	2011-01-02 01:57:58.373572	2011-01-02 01:57:58.373572
88	\N	Crown Molding: 3-3/4", 423-8 White Door Material	Material	{"color": "White", "thickness": 0, "thickness_units": "mm", "price": 14.5, "price_units": "ft"}	2011-01-02 01:57:58.387236	2011-01-02 01:57:58.387236
89	\N	Crown Molding: 3-3/4", 423-8 Mahogany Impressions Door Material	Material	{"color": "Mahogany Impressions", "thickness": 0, "thickness_units": "mm", "price": 19.15, "price_units": "ft"}	2011-01-02 01:57:58.487622	2011-01-02 01:57:58.487622
90	\N	Crown Molding: 3-3/4", 423-8 Autumn Glow Door Material	Material	{"color": "Autumn Glow", "thickness": 0, "thickness_units": "mm", "price": 19.15, "price_units": "ft"}	2011-01-02 01:57:58.576242	2011-01-02 01:57:58.576242
91	\N	Crown Molding: 3-3/4", 423-8 Desert Glow Door Material	Material	{"color": "Desert Glow", "thickness": 0, "thickness_units": "mm", "price": 19.15, "price_units": "ft"}	2011-01-02 01:57:58.65665	2011-01-02 01:57:58.65665
81	006	DRS131/DR1 Mahogany Impressions Door Material	Material	{"price":"13.2","thickness":"0","price_units":"ft","color":"Mahogany Impressions","thickness_units":"mm"}	2011-01-02 01:57:57.169508	2011-01-02 03:01:21.518095
82	005	DRS131/DR1 Autumn Glow Door Material	Material	{"price":"13.2","thickness":"0","price_units":"ft","color":"Autumn Glow","thickness_units":"mm"}	2011-01-02 01:57:57.185669	2011-01-02 03:01:21.5225
83	004	DRS131/DR1 Desert Glow Door Material	Material	{"price":"13.2","thickness":"0","price_units":"ft","color":"Desert Glow","thickness_units":"mm"}	2011-01-02 01:57:57.347637	2011-01-02 03:01:21.52661
84	003	DRS131/DR1 Folkstone Grey Door Material	Material	{"price":"12.0","thickness":"0","price_units":"ft","color":"Folkstone Grey","thickness_units":"mm"}	2011-01-02 01:57:57.498395	2011-01-02 03:01:21.530366
85	002	DRS131/DR1 Antique White Door Material	Material	{"price":"12.0","thickness":"0","price_units":"ft","color":"Antique White","thickness_units":"mm"}	2011-01-02 01:57:57.667965	2011-01-02 03:01:21.534068
62	003	Folkstone Gray	Material	{"price":".4866","thickness":".25","waste_factor":".15","price_units":"ft","color":"Folkstone Gray","thickness_units":"in"}	2011-01-01 20:39:20.423457	2011-01-02 17:23:47.990084
63	004	Carmel Apple	Material	{"price":".4466","thickness":".25","waste_factor":".15","price_units":"ft","color":"Carmel Apple","thickness_units":"in"}	2011-01-01 20:39:20.437403	2011-01-02 17:23:47.994297
64	005	Wild Apple	Material	{"price":".4466","thickness":".25","waste_factor":".15","price_units":"ft","color":"Wild Apple","thickness_units":"in"}	2011-01-01 20:39:20.45073	2011-01-02 17:23:47.99831
65	007	Chocolate Apple	Material	{"price":".4466","thickness":".25","waste_factor":".15","price_units":"ft","color":"Chocolate Apple","thickness_units":"in"}	2011-01-01 20:39:20.494798	2011-01-02 17:23:48.002446
93	\N	Crown Molding: 3-3/4", 423-8 Antique White Door Material	Material	{"color": "Antique White", "thickness": 0, "thickness_units": "mm", "price": 15.6, "price_units": "ft"}	2011-01-02 01:57:58.804811	2011-01-02 01:57:58.804811
106	005	DR8/KB732/DRS131/DR1/DBQ816/AMS329/JR7: Slab DF Autumn Glow Door Material	Material	{"price":"10.25","thickness":"0","waste_factor":"","price_units":"ft","color":"Autumn Glow","thickness_units":"mm"}	2011-01-02 01:57:59.226407	2011-01-04 05:10:24.760353
107	004	DR8/KB732/DRS131/DR1/DBQ816/AMS329/JR7: Slab DF Desert Glow Door Material	Material	{"price":"10.25","thickness":"0","waste_factor":"","price_units":"ft","color":"Desert Glow","thickness_units":"mm"}	2011-01-02 01:57:59.246316	2011-01-04 05:10:24.76435
102	010	DR8/KB732/DRS131/DR1/DBQ816/AMS329/JR7: Slab DF Ruston Maple Door Material	Material	{"price":"10.25","thickness":"0","waste_factor":"","price_units":"ft","color":"Ruston Maple","thickness_units":"mm"}	2011-01-02 01:57:59.165751	2011-01-04 05:10:24.776055
104	001	DR8/KB732/DRS131/DR1/DBQ816/AMS329/JR7: Slab DF White Door Material	Material	{"price":"7.6","thickness":"0","waste_factor":"","price_units":"ft","color":"White","thickness_units":"mm"}	2011-01-02 01:57:59.192076	2011-01-04 05:10:24.783992
111	\N	Scribe Molding: 1", 428-8 Sable Glow Door Material	Material	{"color": "Sable Glow", "thickness": 0, "thickness_units": "mm", "price": 7.65, "price_units": "ft"}	2011-01-02 01:57:59.36607	2011-01-02 01:57:59.36607
112	\N	Scribe Molding: 1", 428-8 White Door Material	Material	{"color": "White", "thickness": 0, "thickness_units": "mm", "price": 5.85, "price_units": "ft"}	2011-01-02 01:57:59.477494	2011-01-02 01:57:59.477494
113	\N	Scribe Molding: 1", 428-8 Mahogany Impressions Door Material	Material	{"color": "Mahogany Impressions", "thickness": 0, "thickness_units": "mm", "price": 7.65, "price_units": "ft"}	2011-01-02 01:57:59.535936	2011-01-02 01:57:59.535936
114	\N	Scribe Molding: 1", 428-8 Autumn Glow Door Material	Material	{"color": "Autumn Glow", "thickness": 0, "thickness_units": "mm", "price": 7.65, "price_units": "ft"}	2011-01-02 01:57:59.677981	2011-01-02 01:57:59.677981
115	\N	Scribe Molding: 1", 428-8 Desert Glow Door Material	Material	{"color": "Desert Glow", "thickness": 0, "thickness_units": "mm", "price": 7.65, "price_units": "ft"}	2011-01-02 01:57:59.755815	2011-01-02 01:57:59.755815
116	\N	Scribe Molding: 1", 428-8 Folkstone Grey Door Material	Material	{"color": "Folkstone Grey", "thickness": 0, "thickness_units": "mm", "price": 6.25, "price_units": "ft"}	2011-01-02 01:57:59.895964	2011-01-02 01:57:59.895964
117	\N	Scribe Molding: 1", 428-8 Antique White Door Material	Material	{"color": "Antique White", "thickness": 0, "thickness_units": "mm", "price": 6.25, "price_units": "ft"}	2011-01-02 01:57:59.986389	2011-01-02 01:57:59.986389
118	\N	Crown Molding: 4-1/2", 424-8 Ruston Maple Door Material	Material	{"color": "Ruston Maple", "thickness": 0, "thickness_units": "mm", "price": 21.5, "price_units": "ft"}	2011-01-02 01:58:00.103157	2011-01-02 01:58:00.103157
119	\N	Crown Molding: 4-1/2", 424-8 Sable Glow Door Material	Material	{"color": "Sable Glow", "thickness": 0, "thickness_units": "mm", "price": 21.5, "price_units": "ft"}	2011-01-02 01:58:00.205961	2011-01-02 01:58:00.205961
75		40	Margin	{"factor":".4"}	2011-01-02 00:55:53.874657	2011-01-12 02:27:17.145266
192		30	Margin	{"factor":".3"}	2011-01-06 06:19:35.946848	2011-01-12 02:30:08.250216
76		43	Margin	{"factor":".43"}	2011-01-02 01:02:53.907359	2011-01-12 02:30:33.774274
193		31	Margin	{"factor":".31"}	2011-01-06 06:20:44.56875	2011-01-12 02:30:53.568952
77		55	Margin	{"factor":".55"}	2011-01-02 01:30:17.284763	2011-01-12 02:31:20.055517
52	003	Folkstone Gray	Material	{"price":".7053","waste_factor":".08","thickness":".75","price_units":"ft","color":"Folkstone Gray","thickness_units":"in"}	2011-01-01 19:43:30.237124	2011-01-12 03:33:03.969341
206		34	Margin	{"factor":".34"}	2011-01-12 04:43:47.343358	2011-01-12 04:43:47.343358
207		51	Margin	{"factor":".51"}	2011-01-12 05:26:41.906801	2011-01-12 05:26:41.906801
220		Hardware 30%	Margin	{"factor":"1.902"}	2011-01-12 19:15:01.481366	2011-01-12 19:15:01.481366
120	\N	Crown Molding: 4-1/2", 424-8 White Door Material	Material	{"color": "White", "thickness": 0, "thickness_units": "mm", "price": 14.0, "price_units": "ft"}	2011-01-02 01:58:00.318447	2011-01-02 01:58:00.318447
121	\N	Crown Molding: 4-1/2", 424-8 Mahogany Impressions Door Material	Material	{"color": "Mahogany Impressions", "thickness": 0, "thickness_units": "mm", "price": 21.5, "price_units": "ft"}	2011-01-02 01:58:00.386195	2011-01-02 01:58:00.386195
122	\N	Crown Molding: 4-1/2", 424-8 Autumn Glow Door Material	Material	{"color": "Autumn Glow", "thickness": 0, "thickness_units": "mm", "price": 21.5, "price_units": "ft"}	2011-01-02 01:58:00.563941	2011-01-02 01:58:00.563941
123	\N	Crown Molding: 4-1/2", 424-8 Desert Glow Door Material	Material	{"color": "Desert Glow", "thickness": 0, "thickness_units": "mm", "price": 21.5, "price_units": "ft"}	2011-01-02 01:58:00.747793	2011-01-02 01:58:00.747793
124	\N	Crown Molding: 4-1/2", 424-8 Folkstone Grey Door Material	Material	{"color": "Folkstone Grey", "thickness": 0, "thickness_units": "mm", "price": 15.9, "price_units": "ft"}	2011-01-02 01:58:00.965845	2011-01-02 01:58:00.965845
125	\N	Crown Molding: 4-1/2", 424-8 Antique White Door Material	Material	{"color": "Antique White", "thickness": 0, "thickness_units": "mm", "price": 15.9, "price_units": "ft"}	2011-01-02 01:58:00.983957	2011-01-02 01:58:00.983957
126	\N	Filler A Ruston Maple Door Material	Material	{"color": "Ruston Maple", "thickness": 0, "thickness_units": "mm", "price": 10.6, "price_units": "ft"}	2011-01-02 01:58:01.074783	2011-01-02 01:58:01.074783
127	\N	Filler A Sable Glow Door Material	Material	{"color": "Sable Glow", "thickness": 0, "thickness_units": "mm", "price": 10.6, "price_units": "ft"}	2011-01-02 01:58:01.15695	2011-01-02 01:58:01.15695
128	\N	Filler A White Door Material	Material	{"color": "White", "thickness": 0, "thickness_units": "mm", "price": 8.1, "price_units": "ft"}	2011-01-02 01:58:01.267662	2011-01-02 01:58:01.267662
94	010	DR8/DBQ816/KB732 Ruston Maple Door Material	Material	{"price":"8.15","thickness":"0","price_units":"ft","color":"Ruston Maple","thickness_units":"mm"}	2011-01-02 01:57:59.02372	2011-01-02 03:02:51.944025
95	007	DR8/DBQ816/KB732 Sable Glow Door Material	Material	{"price":"8.15","thickness":"0","price_units":"ft","color":"Sable Glow","thickness_units":"mm"}	2011-01-02 01:57:59.043058	2011-01-02 03:02:52.013895
100	003	DR8/DBQ816/KB732 Folkstone Grey Door Material	Material	{"price":"6.65","thickness":"0","price_units":"ft","color":"Folkstone Grey","thickness_units":"mm"}	2011-01-02 01:57:59.106002	2011-01-02 03:02:52.044127
96	001	DR8/DBQ816/KB732 White Door Material	Material	{"price":"6.0","thickness":"0","price_units":"ft","color":"White","thickness_units":"mm"}	2011-01-02 01:57:59.055659	2011-01-02 03:02:52.070732
101	002	DR8/DBQ816/KB732 Antique White Door Material	Material	{"price":"6.65","thickness":"0","price_units":"ft","color":"Antique White","thickness_units":"mm"}	2011-01-02 01:57:59.118327	2011-01-02 03:02:52.134123
97	006	DR8/DBQ816/KB732 Mahogany Impressions Door Material	Material	{"price":"8.15","thickness":"0","price_units":"ft","color":"Mahogany Impressions","thickness_units":"mm"}	2011-01-02 01:57:59.068377	2011-01-02 03:02:52.145201
98	005	DR8/DBQ816/KB732 Autumn Glow Door Material	Material	{"price":"8.15","thickness":"0","price_units":"ft","color":"Autumn Glow","thickness_units":"mm"}	2011-01-02 01:57:59.081279	2011-01-02 03:02:52.15324
129	\N	Filler A Mahogany Impressions Door Material	Material	{"color": "Mahogany Impressions", "thickness": 0, "thickness_units": "mm", "price": 10.6, "price_units": "ft"}	2011-01-02 01:58:01.467382	2011-01-02 01:58:01.467382
130	\N	Filler A Autumn Glow Door Material	Material	{"color": "Autumn Glow", "thickness": 0, "thickness_units": "mm", "price": 10.6, "price_units": "ft"}	2011-01-02 01:58:01.531505	2011-01-02 01:58:01.531505
131	\N	Filler A Desert Glow Door Material	Material	{"color": "Desert Glow", "thickness": 0, "thickness_units": "mm", "price": 10.6, "price_units": "ft"}	2011-01-02 01:58:01.658007	2011-01-02 01:58:01.658007
132	\N	Filler A Folkstone Grey Door Material	Material	{"color": "Folkstone Grey", "thickness": 0, "thickness_units": "mm", "price": 9.0, "price_units": "ft"}	2011-01-02 01:58:01.6974	2011-01-02 01:58:01.6974
133	\N	Filler A Antique White Door Material	Material	{"color": "Antique White", "thickness": 0, "thickness_units": "mm", "price": 9.0, "price_units": "ft"}	2011-01-02 01:58:01.714769	2011-01-02 01:58:01.714769
134	\N	Fluted Molding: 3-1/2", 431-8 Ruston Maple Door Material	Material	{"color": "Ruston Maple", "thickness": 0, "thickness_units": "mm", "price": 21.55, "price_units": "ft"}	2011-01-02 01:58:01.730567	2011-01-02 01:58:01.730567
135	\N	Fluted Molding: 3-1/2", 431-8 Sable Glow Door Material	Material	{"color": "Sable Glow", "thickness": 0, "thickness_units": "mm", "price": 21.55, "price_units": "ft"}	2011-01-02 01:58:01.743685	2011-01-02 01:58:01.743685
136	\N	Fluted Molding: 3-1/2", 431-8 White Door Material	Material	{"color": "White", "thickness": 0, "thickness_units": "mm", "price": 18.85, "price_units": "ft"}	2011-01-02 01:58:01.770237	2011-01-02 01:58:01.770237
137	\N	Fluted Molding: 3-1/2", 431-8 Mahogany Impressions Door Material	Material	{"color": "Mahogany Impressions", "thickness": 0, "thickness_units": "mm", "price": 21.55, "price_units": "ft"}	2011-01-02 01:58:01.78452	2011-01-02 01:58:01.78452
138	\N	Fluted Molding: 3-1/2", 431-8 Autumn Glow Door Material	Material	{"color": "Autumn Glow", "thickness": 0, "thickness_units": "mm", "price": 21.55, "price_units": "ft"}	2011-01-02 01:58:01.844972	2011-01-02 01:58:01.844972
109	002	DR8/KB732/DRS131/DR1/DBQ816/AMS329/JR7: Slab DF Antique White Door Material	Material	{"price":"8.4","thickness":"0","waste_factor":"","price_units":"ft","color":"Antique White","thickness_units":"mm"}	2011-01-02 01:57:59.294033	2011-01-04 05:10:24.772069
139	\N	Fluted Molding: 3-1/2", 431-8 Desert Glow Door Material	Material	{"color": "Desert Glow", "thickness": 0, "thickness_units": "mm", "price": 21.55, "price_units": "ft"}	2011-01-02 01:58:02.08626	2011-01-02 01:58:02.08626
140	\N	Fluted Molding: 3-1/2", 431-8 Folkstone Grey Door Material	Material	{"color": "Folkstone Grey", "thickness": 0, "thickness_units": "mm", "price": 19.75, "price_units": "ft"}	2011-01-02 01:58:02.106451	2011-01-02 01:58:02.106451
141	\N	Fluted Molding: 3-1/2", 431-8 Antique White Door Material	Material	{"color": "Antique White", "thickness": 0, "thickness_units": "mm", "price": 19.75, "price_units": "ft"}	2011-01-02 01:58:02.295798	2011-01-02 01:58:02.295798
150	\N	Base Molding: 2-1/2", 426-8 Ruston Maple Door Material	Material	{"color": "Ruston Maple", "thickness": 0, "thickness_units": "mm", "price": 12.55, "price_units": "ft"}	2011-01-02 01:58:03.030424	2011-01-02 01:58:03.030424
151	\N	Base Molding: 2-1/2", 426-8 Sable Glow Door Material	Material	{"color": "Sable Glow", "thickness": 0, "thickness_units": "mm", "price": 12.55, "price_units": "ft"}	2011-01-02 01:58:03.043921	2011-01-02 01:58:03.043921
152	\N	Base Molding: 2-1/2", 426-8 White Door Material	Material	{"color": "White", "thickness": 0, "thickness_units": "mm", "price": 9.3, "price_units": "ft"}	2011-01-02 01:58:03.097883	2011-01-02 01:58:03.097883
153	\N	Base Molding: 2-1/2", 426-8 Mahogany Impressions Door Material	Material	{"color": "Mahogany Impressions", "thickness": 0, "thickness_units": "mm", "price": 12.55, "price_units": "ft"}	2011-01-02 01:58:03.209469	2011-01-02 01:58:03.209469
154	\N	Base Molding: 2-1/2", 426-8 Autumn Glow Door Material	Material	{"color": "Autumn Glow", "thickness": 0, "thickness_units": "mm", "price": 12.55, "price_units": "ft"}	2011-01-02 01:58:03.30641	2011-01-02 01:58:03.30641
155	\N	Base Molding: 2-1/2", 426-8 Desert Glow Door Material	Material	{"color": "Desert Glow", "thickness": 0, "thickness_units": "mm", "price": 12.55, "price_units": "ft"}	2011-01-02 01:58:03.320249	2011-01-02 01:58:03.320249
156	\N	Base Molding: 2-1/2", 426-8 Folkstone Grey Door Material	Material	{"color": "Folkstone Grey", "thickness": 0, "thickness_units": "mm", "price": 10.05, "price_units": "ft"}	2011-01-02 01:58:03.332886	2011-01-02 01:58:03.332886
195		20	Margin	{"factor":".2"}	2011-01-06 07:27:37.538169	2011-01-12 02:32:14.271898
258		49	Margin	{"factor":".49"}	2011-01-13 05:27:35.62733	2011-01-13 05:27:35.62733
1	001	WHITE	Color	{"color": "WHITE"}	2011-01-01 18:53:38.869436	2011-01-11 23:17:31.947428
265		0-30" 38 qty	RangedValue	{"max":"30","variable_units":"in","value":"38","min":"","variable":"width"}	2011-01-13 14:53:34.499727	2011-01-13 14:53:34.499727
266		30+" 39 qty	RangedValue	{"max":"","variable_units":"in","value":"39","min":"30","variable":"width"}	2011-01-13 14:53:34.51526	2011-01-13 14:53:34.51526
8	100	Polished Chrome	Color	{"color": "Polished Chrome"}	2011-01-01 18:53:51.005597	2011-01-01 18:53:51.047561
9	200	Matte Nickel	Color	{"color": "Matte Nickel"}	2011-01-01 18:53:51.134188	2011-01-01 18:53:51.20192
10	300	Oil Rubbed Bronze	Color	{"color": "Oil Rubbed Bronze"}	2011-01-01 18:53:51.25903	2011-01-01 18:53:51.279624
14	011	POWDER COAT RED	Color	{"color":"POWDER COAT RED"}	2011-01-01 18:54:06.999487	2011-01-01 19:45:43.964086
15	012	POWDER COAT GRANITE	Color	{"color":"POWDER COAT GRANITE"}	2011-01-01 18:54:07.199988	2011-01-01 19:45:44.003822
283		50.5	Margin	{"factor":".505"}	2011-01-13 21:33:47.843146	2011-01-13 21:36:41.163226
240	005	Wild Apple	Material	{"price":"1.13","waste_factor":".1","thickness":"1","price_units":"ft","color":"Wild Apple","thickness_units":"in"}	2011-01-13 02:52:08.231369	2011-01-14 20:10:11.961291
16	301	Laminate 1573 Frosty White	Color	{"color": "Laminate 1573 Frosty White"}	2011-01-01 18:54:11.824512	2011-01-01 18:54:11.847407
17	302	Laminate 1595 Black	Color	{"color": "Laminate 1595 Black"}	2011-01-01 18:54:11.894853	2011-01-01 18:54:11.932143
18	303	Laminate 4552 Ebony Star	Color	{"color": "Laminate 4552 Ebony Star"}	2011-01-01 18:54:11.958614	2011-01-01 18:54:11.976511
19	304	Laminate 4781 Sunstone	Color	{"color": "Laminate 4781 Sunstone"}	2011-01-01 18:54:12.086803	2011-01-01 18:54:12.137005
20	305	Laminate 4789 Limestone	Color	{"color": "Laminate 4789 Limestone"}	2011-01-01 18:54:12.164497	2011-01-01 18:54:12.206244
21	306	Laminate 4790 Greystone	Color	{"color": "Laminate 4790 Greystone"}	2011-01-01 18:54:12.335465	2011-01-01 18:54:12.416697
22	307	Laminate 4791 Willowstone	Color	{"color": "Laminate 4791 Willowstone"}	2011-01-01 18:54:12.434278	2011-01-01 18:54:12.449309
23	308	Laminate 4794 Windswept Bronze	Color	{"color": "Laminate 4794 Windswept Bronze"}	2011-01-01 18:54:12.495119	2011-01-01 18:54:12.67363
24	309	Laminate 4795 Windswept Pewter	Color	{"color": "Laminate 4795 Windswept Pewter"}	2011-01-01 18:54:12.832563	2011-01-01 18:54:12.88897
25	310	Laminate 4882 Oiled Soapstone	Color	{"color": "Laminate 4882 Oiled Soapstone"}	2011-01-01 18:54:12.915153	2011-01-01 18:54:12.932999
26	311	Laminate 4883 Sable Soapstone	Color	{"color": "Laminate 4883 Sable Soapstone"}	2011-01-01 18:54:12.965078	2011-01-01 18:54:13.022269
27	312	Laminate 4884 Flame Soapstone	Color	{"color": "Laminate 4884 Flame Soapstone"}	2011-01-01 18:54:13.164689	2011-01-01 18:54:13.21624
28	313	Laminate 4885 Green Soapstone	Color	{"color": "Laminate 4885 Green Soapstone"}	2011-01-01 18:54:13.355059	2011-01-01 18:54:13.466738
29	314	Laminate 4886 Pearl Soapstone	Color	{"color": "Laminate 4886 Pearl Soapstone"}	2011-01-01 18:54:13.614368	2011-01-01 18:54:13.675325
5	005	WILD APPLE	Color	{"color": "WILD APPLE"}	2011-01-01 18:53:38.964206	2011-01-11 23:17:32.052081
7	007	CHOCOLATE APPLE	Color	{"color": "CHOCOLATE APPLE"}	2011-01-01 18:53:39.005412	2011-01-11 23:17:32.072177
12	009	WINDSWEPT PEWTER	Color	{"color": "WINDSWEPT PEWTER"}	2011-01-01 18:53:57.440814	2011-01-11 23:17:32.090432
13	008	WINDSWEPT BRONZE	Color	{"color": "WINDSWEPT BRONZE"}	2011-01-01 18:53:57.549276	2011-01-11 23:17:32.098877
196		23	Margin	{"factor":".23"}	2011-01-06 07:31:18.829202	2011-01-12 03:11:02.519949
208		12 inch	Depth	{"linear_units":"in","depth":"(((D > 13.5)*(D<=15.5)) ? 1 : 0)"}	2011-01-12 13:56:56.511038	2011-01-12 13:56:56.511038
222	008	WS Bronze Edge 25mm	EdgeBand	{"price":"0.1186","width_units":"mm","color":"Windswept Bronze","price_units":"ft","width":"25"}	2011-01-12 19:40:28.334653	2011-01-12 19:40:28.334653
223	009	WS Pewter Edge 25mm	EdgeBand	{"price":"0.1180","width_units":"mm","color":"Windswept Pewter","price_units":"ft","width":"25"}	2011-01-12 19:40:28.358856	2011-01-12 19:40:28.358856
224	010	HR Maple Edge 25mm	EdgeBand	{"price":"0.0897","width_units":"mm","color":"Hardrock Maple","price_units":"ft","width":"25"}	2011-01-12 19:40:28.373546	2011-01-12 19:40:28.373546
225	002	Ant White Edge 25mm	EdgeBand	{"price":"0.1060","width_units":"mm","color":"Antique White","price_units":"ft","width":"25"}	2011-01-12 19:40:28.388062	2011-01-12 19:40:28.388062
226	003	Folk Gray Edge 25mm	EdgeBand	{"price":"0.1060","width_units":"mm","color":"Folkstone Gray","price_units":"ft","width":"25"}	2011-01-12 19:40:28.403451	2011-01-12 19:40:28.403451
227	004	Carmel Apple Edge 25mm	EdgeBand	{"price":"0.1060","width_units":"mm","color":"Carmel Apple","price_units":"ft","width":"25"}	2011-01-12 19:40:28.419187	2011-01-12 19:40:28.419187
228	005	Wild Apple Edge 25mm	EdgeBand	{"price":"0.1060","width_units":"mm","color":"Wild Apple","price_units":"ft","width":"25"}	2011-01-12 19:40:28.434545	2011-01-12 19:40:28.434545
229	007	Choc Apple Edge 25mm	EdgeBand	{"price":"0.1060","width_units":"mm","color":"Chocolate Apple","price_units":"ft","width":"25"}	2011-01-12 19:40:28.462357	2011-01-12 19:40:28.462357
33	318	Laminate 7948 Mambo	Color	{"color": "Laminate 7948 Mambo"}	2011-01-01 18:54:14.30295	2011-01-01 18:54:14.447964
238	003	Folkstone Gray	Material	{"price":"0.9640","waste_factor":".1","thickness":"1","price_units":"ft","color":"Folkstone Gray","thickness_units":"in"}	2011-01-13 01:32:38.610749	2011-01-13 02:52:08.312546
242	008	Windswept Bronze	Material	{"price":"1.10","waste_factor":".1","thickness":"1","price_units":"ft","color":"Windswept Bronze","thickness_units":"in"}	2011-01-13 02:52:08.265909	2011-01-14 20:12:02.615157
259		0-30" 22 qty	RangedValue	{"max":"30","variable_units":"in","value":"22","min":"","variable":"width"}	2011-01-13 14:12:45.832527	2011-01-13 14:12:45.832527
260		30+" 23 qty	RangedValue	{"max":"","variable_units":"in","value":"23","min":"30","variable":"width"}	2011-01-13 14:12:45.856931	2011-01-13 14:12:45.856931
241	007	Chocolate Apple	Material	{"price":"1.13","waste_factor":".1","thickness":"1","price_units":"ft","color":"Chocolate Apple","thickness_units":"in"}	2011-01-13 02:52:08.250763	2011-01-14 20:10:11.965674
239	004	Carmel Apple	Material	{"price":"1.13","waste_factor":".1","thickness":"1","price_units":"ft","color":"Carmel Apple","thickness_units":"in"}	2011-01-13 01:32:38.639668	2011-01-14 20:12:02.604601
243	009	Windswept Pewter	Material	{"price":"1.13","waste_factor":".1","thickness":"1","price_units":"ft","color":"Windswept Pewter","thickness_units":"in"}	2011-01-13 02:52:08.282131	2011-01-14 20:12:02.619572
244	010	Hardrock Maple	Material	{"price":"1.02","waste_factor":".1","thickness":"1","price_units":"ft","color":"Hardrock Maple","thickness_units":"in"}	2011-01-13 02:52:08.29689	2011-01-14 20:12:02.624668
197		22	Margin	{"factor":".22"}	2011-01-06 07:32:48.411856	2011-01-12 03:11:26.986673
51	002	Antique White	Material	{"price":".8000","waste_factor":".08","thickness":".75","price_units":"ft","color":"Antique White","thickness_units":"in"}	2011-01-01 19:43:30.224966	2011-01-12 03:33:03.964899
53	004	Carmel Apple	Material	{"price":".8944","waste_factor":".1","thickness":".75","price_units":"ft","color":"Carmel Apple","thickness_units":"in"}	2011-01-01 19:43:30.249309	2011-01-12 03:33:03.973579
210		70	Margin	{"factor":".7"}	2011-01-12 16:51:32.176998	2011-01-12 16:51:32.176998
209		Hardware 10%	Margin	{"factor":"2.445"}	2011-01-12 16:24:30.175447	2011-01-12 17:14:29.236891
245		Hardware 1%	Margin	{"factor":"4.0"}	2011-01-13 03:50:05.715225	2011-01-13 03:50:05.715225
250		0-15" 12 cams	RangedValue	{"max":"15","variable_units":"in","value":"12","min":"","variable":"depth"}	2011-01-13 04:06:20.763377	2011-01-13 04:06:20.763377
246		0-15" 12 pins	RangedValue	{"max":"15","variable_units":"in","value":"12","min":"","variable":"depth"}	2011-01-13 03:53:21.713188	2011-01-13 04:07:13.51097
247		15+" 16 pins	RangedValue	{"max":"","variable_units":"in","value":"16","min":"15","variable":"depth"}	2011-01-13 03:53:21.744399	2011-01-13 04:07:13.612026
261		0-15" 8 qty	RangedValue	{"max":"15","variable_units":"in","value":"8","min":"","variable":"depth"}	2011-01-13 14:19:06.715943	2011-01-13 14:19:06.715943
262		15+" 12 qty	RangedValue	{"max":"","variable_units":"in","value":"","min":"15","variable":"depth"}	2011-01-13 14:19:06.737806	2011-01-13 14:19:06.737806
263		0-30" 30 qty	RangedValue	{"max":"30","variable_units":"in","value":"30","min":"","variable":"width"}	2011-01-13 14:35:44.407241	2011-01-13 14:35:44.407241
264		30+" 31 qty	RangedValue	{"max":"","variable_units":"in","value":"31","min":"30","variable":"width"}	2011-01-13 14:35:44.42198	2011-01-13 14:35:44.42198
251		15+" 14 cams	RangedValue	{"max":"","variable_units":"in","value":"14","min":"15","variable":"depth"}	2011-01-13 04:06:20.848661	2011-01-13 14:41:50.333798
230		0-15" 8 qty	RangedValue	{"max":"15","variable_units":"in","value":"8","min":"","variable":"depth"}	2011-01-12 23:05:02.546819	2011-01-13 16:51:45.327194
231		15+" 12 qty	RangedValue	{"max":"","variable_units":"in","value":"12","min":"15","variable":"depth"}	2011-01-12 23:05:02.574939	2011-01-13 16:51:45.331559
285		36	Margin	{"factor":".36"}	2011-01-13 22:26:09.786481	2011-01-13 22:26:09.786481
211	001	White	Material	{"price":".3453","waste_factor":".1","thickness":".25","price_units":"ft","color":"White","thickness_units":"in"}	2011-01-12 17:51:38.749889	2011-01-12 17:54:16.727233
198		PB19	Material	{"price":".44","waste_factor":".03","thickness":".75","price_units":"ft","color":"White","thickness_units":"in"}	2011-01-06 15:18:17.157484	2011-01-12 20:32:01.303823
199		5"	Width	{"linear_units":"in","width":"5"}	2011-01-06 15:19:25.805434	2011-01-12 20:33:59.887652
232		Hardware 35%	Margin	{"factor":"1.767"}	2011-01-13 00:19:29.504793	2011-01-13 00:22:42.270138
233			Margin	{"factor":""}	2011-01-13 00:19:29.525505	2011-01-13 00:22:42.274478
248		0-30" 4 screws	RangedValue	{"max":"30","variable_units":"in","value":"4","min":"","variable":"width"}	2011-01-13 04:02:16.572657	2011-01-13 04:02:16.572657
249		30+" 6 screws	RangedValue	{"max":"","variable_units":"in","value":"6","min":"30","variable":"width"}	2011-01-13 04:02:16.804893	2011-01-13 04:02:16.804893
267		0-15" 14 qty	RangedValue	{"max":"15","variable_units":"in","value":"14","min":"","variable":"depth"}	2011-01-13 15:16:44.901517	2011-01-13 15:16:44.901517
268		15+" 18 qty	RangedValue	{"max":"","variable_units":"in","value":"18","min":"15","variable":"depth"}	2011-01-13 15:16:44.922613	2011-01-13 15:16:44.922613
269		0-30" 7 qty	RangedValue	{"max":"30","variable_units":"in","value":"7","min":"","variable":"width"}	2011-01-13 15:22:53.971555	2011-01-13 15:22:53.971555
270		30+" 9 qty	RangedValue	{"max":"","variable_units":"in","value":"9","min":"30","variable":"width"}	2011-01-13 15:22:53.98578	2011-01-13 15:22:53.98578
273		0-30" 2 qty	RangedValue	{"max":"30","variable_units":"in","value":"2","min":"","variable":"width"}	2011-01-13 16:14:54.010842	2011-01-13 16:14:54.010842
274		30+" 3 qty	RangedValue	{"max":"","variable_units":"in","value":"3","min":"30","variable":"width"}	2011-01-13 16:14:54.026485	2011-01-13 16:14:54.026485
275		0-30" 34 qty	RangedValue	{"max":"30","variable_units":"in","value":"34","min":"","variable":"width"}	2011-01-13 16:32:18.563143	2011-01-13 16:32:18.563143
276		30+" 35 qty	RangedValue	{"max":"","variable_units":"in","value":"35","min":"30","variable":"width"}	2011-01-13 16:32:18.578775	2011-01-13 16:32:18.578775
277		0-30" 6 qty	RangedValue	{"max":"30","variable_units":"in","value":"6","min":"","variable":"width"}	2011-01-13 17:00:14.000463	2011-01-13 17:00:14.000463
278		30+" 8 qty	RangedValue	{"max":"","variable_units":"in","value":"8","min":"30","variable":"width"}	2011-01-13 17:00:14.014602	2011-01-13 17:00:14.014602
286		0-40" 0 qty	RangedValue	{"max":"40","variable_units":"in","value":"0","min":"","variable":"height"}	2011-01-14 00:05:22.727751	2011-01-14 00:05:22.727751
287		40+" 2 qty	RangedValue	{"max":"","variable_units":"in","value":"2","min":"40","variable":"height"}	2011-01-14 00:05:22.749188	2011-01-14 00:05:22.749188
110	\N	Scribe Molding: 1", 428-8 Ruston Maple Door Material	Material	{"color": "Ruston Maple", "thickness": 0, "thickness_units": "mm", "price": 7.65, "price_units": "ft"}	2011-01-02 01:57:59.333215	2011-01-02 01:57:59.333215
200		62mm	Width	{"linear_units":"in","width":"2.441"}	2011-01-07 07:04:48.446713	2011-01-07 07:04:48.446713
176		35	Margin	{"factor":".35"}	2011-01-03 03:54:21.733384	2011-01-12 02:28:08.283362
212		27	Margin	{"factor":".27"}	2011-01-12 18:01:16.983544	2011-01-12 18:01:16.983544
213		28	Margin	{"factor":".28"}	2011-01-12 18:02:30.253861	2011-01-12 18:02:30.253861
221		Hardware 30%	Margin	{"factor":"1.902"}	2011-01-12 19:15:01.496112	2011-01-13 00:41:10.755622
252		0-40" 2 qty	RangedValue	{"max":"40","variable_units":"in","value":"2","min":"","variable":"height"}	2011-01-13 04:34:39.594088	2011-01-13 04:34:39.594088
253		40+" 4 qty	RangedValue	{"max":"","variable_units":"in","value":"4","min":"40","variable":"height"}	2011-01-13 04:34:39.897328	2011-01-13 04:34:39.897328
271		0-15" 10 qty	RangedValue	{"max":"15","variable_units":"in","value":"10","min":"","variable":"depth"}	2011-01-13 16:04:59.779192	2011-01-13 16:04:59.779192
272		15+" 12 qty	RangedValue	{"max":"","variable_units":"in","value":"12","min":"15","variable":"depth"}	2011-01-13 16:04:59.800798	2011-01-13 16:04:59.800798
288		0-40" 0 qty	RangedValue	{"max":"40","variable_units":"in","value":"0","min":"","variable":"height"}	2011-01-14 00:05:22.749996	2011-01-14 00:05:22.749996
289		40+" 2 qty	RangedValue	{"max":"","variable_units":"in","value":"2","min":"40","variable":"height"}	2011-01-14 00:05:22.773502	2011-01-14 00:05:22.773502
157	\N	Base Molding: 2-1/2", 426-8 Antique White Door Material	Material	{"color": "Antique White", "thickness": 0, "thickness_units": "mm", "price": 10.05, "price_units": "ft"}	2011-01-02 01:58:03.344799	2011-01-02 01:58:03.344799
160	001	AMS329 White Door Material	Material	{"price":"13.3","thickness":"0","price_units":"ft","color":"White","thickness_units":"mm"}	2011-01-02 01:58:03.776735	2011-01-02 02:59:19.277074
161	006	AMS329 Mahogany Impressions Door Material	Material	{"price":"15.95","thickness":"0","price_units":"ft","color":"Mahogany Impressions","thickness_units":"mm"}	2011-01-02 01:58:03.81454	2011-01-02 02:59:19.281859
162	005	AMS329 Autumn Glow Door Material	Material	{"price":"15.95","thickness":"0","price_units":"ft","color":"Autumn Glow","thickness_units":"mm"}	2011-01-02 01:58:03.827819	2011-01-02 02:59:19.285953
163	004	AMS329 Desert Glow Door Material	Material	{"price":"15.95","thickness":"0","price_units":"ft","color":"Desert Glow","thickness_units":"mm"}	2011-01-02 01:58:03.845947	2011-01-02 02:59:19.289945
164	003	AMS329 Folkstone Grey Door Material	Material	{"price":"14.1","thickness":"0","price_units":"ft","color":"Folkstone Grey","thickness_units":"mm"}	2011-01-02 01:58:03.85805	2011-01-02 02:59:19.314598
165	002	AMS329 Antique White Door Material	Material	{"price":"14.1","thickness":"0","price_units":"ft","color":"Antique White","thickness_units":"mm"}	2011-01-02 01:58:03.870263	2011-01-02 02:59:19.318725
158	010	AMS329 Ruston Maple Door Material	Material	{"price":"15.95","thickness":"0","price_units":"ft","color":"Ruston Maple","thickness_units":"mm"}	2011-01-02 01:58:03.593594	2011-01-02 02:59:19.322789
159	007	AMS329 Sable Glow Door Material	Material	{"price":"15.95","thickness":"0","price_units":"ft","color":"Sable Glow","thickness_units":"mm"}	2011-01-02 01:58:03.713967	2011-01-02 02:59:19.326736
99	004	DR8/DBQ816/KB732 Desert Glow Door Material	Material	{"price":"8.15","thickness":"0","price_units":"ft","color":"Desert Glow","thickness_units":"mm"}	2011-01-02 01:57:59.093828	2011-01-02 03:02:51.914847
149	002	JR7 Antique White Door Material	Material	{"price":"10.45","thickness":"0","price_units":"ft","color":"Antique White","thickness_units":"mm"}	2011-01-02 01:58:02.879111	2011-01-02 03:03:44.458579
142	010	JR7 Ruston Maple Door Material	Material	{"price":"12.3","thickness":"0","price_units":"ft","color":"Ruston Maple","thickness_units":"mm"}	2011-01-02 01:58:02.543165	2011-01-02 03:03:44.483784
143	007	JR7 Sable Glow Door Material	Material	{"price":"12.3","thickness":"0","price_units":"ft","color":"Sable Glow","thickness_units":"mm"}	2011-01-02 01:58:02.596498	2011-01-02 03:03:44.488206
144	001	JR7 White Door Material	Material	{"price":"9.65","thickness":"0","price_units":"ft","color":"White","thickness_units":"mm"}	2011-01-02 01:58:02.697866	2011-01-02 03:03:44.492198
145	006	JR7 Mahogany Impressions Door Material	Material	{"price":"12.3","thickness":"0","price_units":"ft","color":"Mahogany Impressions","thickness_units":"mm"}	2011-01-02 01:58:02.723188	2011-01-02 03:03:44.496127
146	005	JR7 Autumn Glow Door Material	Material	{"price":"12.3","thickness":"0","price_units":"ft","color":"Autumn Glow","thickness_units":"mm"}	2011-01-02 01:58:02.807216	2011-01-02 03:03:44.501613
147	004	JR7 Desert Glow Door Material	Material	{"price":"12.3","thickness":"0","price_units":"ft","color":"Desert Glow","thickness_units":"mm"}	2011-01-02 01:58:02.853236	2011-01-02 03:03:44.505792
148	003	JR7 Folkstone Grey Door Material	Material	{"price":"10.45","thickness":"0","price_units":"ft","color":"Folkstone Grey","thickness_units":"mm"}	2011-01-02 01:58:02.86636	2011-01-02 03:03:44.514687
166	\N	JR7/AMS329/DRS131/KB732/DBQ816/DR8/Filler A/DR1: Cut for Glass,469 Option Surcharge	Surcharge	{"price": 15.00}	2011-01-02 03:40:59.385121	2011-01-02 03:40:59.385121
169	\N	DRS131/DBQ816/KB732/JR7/DR8/AMS329/DR1: French Lite Door Option Surcharge	Surcharge	{"price": 7.50}	2011-01-02 03:41:00.623873	2011-01-02 03:41:00.623873
170	\N	Base Molding/Crown Molding/Fluted Molding/Scribe Molding Option Surcharge	Surcharge	{"price": 10.00}	2011-01-02 03:41:00.672279	2011-01-02 03:41:00.672279
171	\N	DRS131/DR8/Base Molding/Crown Molding/DBQ816/KB732/JR7/Fluted Molding/AMS329/DR1/Scribe Molding: French Lite Door,Slab DF,Routed DF,2-1/2", 426-8,4-1/2", 424-8,Door,Cut for Glass,3-1/2", 431-8,1", 428-8,3-3/4", 423-8 Handling Surcharge	Surcharge	{"price": 0.25}	2011-01-02 03:41:20.548808	2011-01-02 03:41:20.548808
172	\N	Filler A Handling Surcharge	Surcharge	{"price": 10.00}	2011-01-02 03:41:20.623871	2011-01-02 03:41:20.623871
57	008	Windswept Bronze	Material	{"price":".9194","thickness":".25","waste_factor":".15","price_units":"ft","color":"Windswept Bronze","thickness_units":"in"}	2011-01-01 20:39:20.274224	2011-01-02 17:23:47.824237
175		2:3 Corner Cabinet Side Ratio	ScalingFactor	{"factor":"0.6666667"}	2011-01-02 20:24:08.214946	2011-01-02 20:24:08.214946
179		11	Height	{"linear_units":"mm","height":"272"}	2011-01-03 23:55:40.425921	2011-01-03 23:55:40.425921
180		11	Height	{"linear_units":"mm","height":"272"}	2011-01-03 23:55:40.569267	2011-01-03 23:55:40.569267
185		9.5	Height	{"linear_units":"mm","height":"241.3"}	2011-01-04 00:02:54.683687	2011-01-04 00:02:54.683687
182		2.5	Height	{"linear_units":"mm","height":"63.5"}	2011-01-03 23:58:37.599909	2011-01-04 00:05:07.5447
183		4.5	Height	{"linear_units":"mm","height":"114.3"}	2011-01-03 23:59:49.581027	2011-01-04 00:05:45.212028
184		7	Height	{"linear_units":"mm","height":"177.8"}	2011-01-04 00:01:18.763897	2011-01-04 00:07:21.340788
202	010	Hardrock Maple	Material	{"price":".7206","waste_factor":".08","thickness":".75","price_units":"ft","color":"Hardrock Maple","thickness_units":"in"}	2011-01-07 18:04:26.721687	2011-01-12 19:12:05.394465
187		Standard	Surcharge	{"price":".25"}	2011-01-04 00:41:12.72029	2011-01-04 00:41:12.72029
177		38	Margin	{"factor":".38"}	2011-01-03 03:58:00.414489	2011-01-12 02:28:29.003585
181	051	White	Material	{"price":".5","thickness":".5","waste_factor":"0","price_units":"ft","color":"White","thickness_units":"in"}	2011-01-03 23:57:34.312045	2011-01-06 07:08:24.873823
178		25	Margin	{"factor":".25"}	2011-01-03 04:07:22.596133	2011-01-12 02:28:56.371622
186		32	Margin	{"factor":".32"}	2011-01-04 00:16:46.715729	2011-01-12 02:29:15.904882
188		46	Margin	{"factor":".46"}	2011-01-04 04:05:21.30637	2011-01-12 02:31:39.421884
173	001	White	EdgeBand	{"price":".05","width_units":"mm","price_units":"ft","color":"White","width":"25"}	2011-01-02 16:38:58.687043	2011-01-12 19:18:32.055155
215	005	Wild Apple	Material	{"price":".8944","waste_factor":".1","thickness":".75","price_units":"ft","color":"Wild Apple","thickness_units":"in"}	2011-01-12 18:33:39.885205	2011-01-12 18:59:07.918056
216	003	Folkstone Gray	Material	{"price":".7053","waste_factor":".1","thickness":".75","price_units":"ft","color":"Folkstone Gray","thickness_units":"in"}	2011-01-12 18:33:39.901835	2011-01-12 18:59:07.922847
217	002	Antique White	Material	{"price":".8000","waste_factor":".1","thickness":".75","price_units":"ft","color":"Antique White","thickness_units":"in"}	2011-01-12 18:33:39.919074	2011-01-12 18:59:07.927068
218	004	Carmel Apple	Material	{"price":".8944","waste_factor":".1","thickness":".75","price_units":"ft","color":"Carmel Apple","thickness_units":"in"}	2011-01-12 18:33:39.935701	2011-01-12 18:59:07.931501
214	007	Chocolate Apple	Material	{"price":".8944","waste_factor":".1","thickness":".75","price_units":"ft","color":"Chocolate Apple","thickness_units":"in"}	2011-01-12 18:33:39.861336	2011-01-12 18:59:07.94214
204	009	Windswept Pewter	Material	{"price":".865","waste_factor":".08","thickness":".75","price_units":"ft","color":"Windswept Pewter","thickness_units":"in"}	2011-01-07 18:04:26.747598	2011-01-12 19:12:05.373496
174	001	White Edge 25mm	EdgeBand	{"price":".05","width_units":"mm","price_units":"ft","color":"White","width":"25"}	2011-01-02 16:38:59.016062	2011-01-12 19:40:28.478699
254		41.5	Margin	{"factor":".415"}	2011-01-13 05:00:23.931079	2011-01-13 05:00:23.931079
255		42	Margin	{"factor":".42"}	2011-01-13 05:05:01.914053	2011-01-13 05:05:01.914053
\.


--
-- Data for Name: roles; Type: TABLE DATA; Schema: public; Owner: pg_orders
--

COPY roles (id, name) FROM stdin;
\.


--
-- Data for Name: schema_migrations; Type: TABLE DATA; Schema: public; Owner: pg_orders
--

COPY schema_migrations (version) FROM stdin;
20101211051916
20110102162841
20110107203559
\.


--
-- Data for Name: user_roles; Type: TABLE DATA; Schema: public; Owner: pg_orders
--

COPY user_roles (id, user_id, role_id, created_at, updated_at) FROM stdin;
\.


--
-- Data for Name: users; Type: TABLE DATA; Schema: public; Owner: pg_orders
--

COPY users (id, title, first_name, last_name, phone, phone2, fax, email, encrypted_password, password_salt, reset_password_token, remember_token, remember_created_at, sign_in_count, current_sign_in_at, last_sign_in_at, current_sign_in_ip, last_sign_in_ip, created_at, updated_at) FROM stdin;
6	\N	\N	\N	\N	\N	\N	edmonton@premiergarage.com	$2a$10$OrkoskFX4d6SGt87YMnTUek6xDDti3LDv1mAZkEbCQwLA.xNr8S.u	$2a$10$OrkoskFX4d6SGt87YMnTUe	\N	\N	\N	0	\N	\N	\N	\N	2011-01-01 18:53:32.602729	2011-01-01 18:53:32.602729
8	\N	\N	\N	\N	\N	\N	info@premiergarage.com	$2a$10$6H.t.QLZ45niz9hQ5kURquygJEv7JB9henRgyN5DtJfZEOBptLerq	$2a$10$6H.t.QLZ45niz9hQ5kURqu	\N	\N	\N	0	\N	\N	\N	\N	2011-01-01 18:53:32.919109	2011-01-01 18:53:32.919109
9	\N	\N	\N	\N	\N	\N	Jkscheschuk@Closetailors.com	$2a$10$EwG19ZJRG1cXQozpnyXVieFF6HGo/cvSIxl4fd5rOjqYTqVODlH3.	$2a$10$EwG19ZJRG1cXQozpnyXVie	\N	\N	\N	0	\N	\N	\N	\N	2011-01-01 18:53:33.043335	2011-01-01 18:53:33.043335
10	\N	\N	\N	512-966-6736	\N	\N	bperry@tailoredliving.com	$2a$10$AyMthqiy1AuWlwgcnyFYM.o8xpE8ZFLuLNCVLYmor0pWBeC1qambi	$2a$10$AyMthqiy1AuWlwgcnyFYM.	\N	\N	\N	0	\N	\N	\N	\N	2011-01-01 18:53:33.181217	2011-01-01 18:53:33.181217
12	\N	\N	\N	(281) 748-7403	\N	\N	kdgarrett@tailoredliving.com	$2a$10$gOjpo9./o1TwpFyzb.aD/uyPFihV7Y1dZAJvZ0NRmnBeeUyMw96Cu	$2a$10$gOjpo9./o1TwpFyzb.aD/u	\N	\N	\N	0	\N	\N	\N	\N	2011-01-01 18:53:33.430408	2011-01-01 18:53:33.430408
14	\N	\N	\N	250-248-7768	\N	\N	cgoldney@tailoredliving.com	$2a$10$b.1cDwaeYxuYnc.FiUv15O0wzYVU//a018RJ.z0eEhbMi84ScJ9ga	$2a$10$b.1cDwaeYxuYnc.FiUv15O	\N	\N	\N	0	\N	\N	\N	\N	2011-01-01 18:53:33.681165	2011-01-01 18:53:33.681165
21	\N	\N	\N	\N	\N	\N	jfriesen@talioredliving.com	$2a$10$HU36VMIJrA9ldEVsHfDwt.ZMgj/nHp3dbmdmRWHllX/4LXPg3pKvi	$2a$10$HU36VMIJrA9ldEVsHfDwt.	\N	\N	\N	0	\N	\N	\N	\N	2011-01-01 18:53:34.704213	2011-01-01 18:53:34.704213
24	\N	\N	\N	\N	\N	\N	ctsa@tailoredliving.com	$2a$10$mtFMxowqxZnQM54I5Idbtuc3lm/e.WrBAH/GIT7AWU6ctHIDHpc66	$2a$10$mtFMxowqxZnQM54I5Idbtu	\N	\N	\N	0	\N	\N	\N	\N	2011-01-01 18:53:35.17419	2011-01-01 18:53:35.17419
5	Mr.	Todd	Carter	(703) 707-0009	(703) 217-8217	(703) 889-5133	tcarter@closettailors.com	$2a$10$GOqidUDN2u.uu8GWUZFtZO606oHbKkAwm7NnXIjJUy2MTAc0QH...	$2a$10$GOqidUDN2u.uu8GWUZFtZO	\N	\N	\N	0	\N	\N	\N	\N	2011-01-01 18:53:32.475866	2011-01-01 18:53:35.566961
28	Ms.	Tiffany	Travis	(703) 707-0009		(703) 889-5133	ttravis@closettrailors.com	$2a$10$iCfva.Tv4seNOft6LTZmMu4jR5zm5bbhIsUfmwj8vqUR6.S4lgs16	$2a$10$iCfva.Tv4seNOft6LTZmMu	\N	\N	\N	0	\N	\N	\N	\N	2011-01-01 18:53:35.671535	2011-01-01 18:53:35.691498
4	Mr.	Tim	Wollen	(608) 318-1667	(608) 345-3967	(608) 318-0665	twoollen@tkwstorage.com	$2a$10$lIJj7BKOP5bEEIyy8Z6/8usbEFefgRqdBc9Kjwkvx4OeZc0ApcPIy	$2a$10$lIJj7BKOP5bEEIyy8Z6/8u	\N	\N	\N	0	\N	\N	\N	\N	2011-01-01 18:53:32.256749	2011-01-01 18:53:35.751186
29	Ms.	Mary Beth	Lorenz	(608) 318-1667		(608) 318-0665	ctmadison@closettailors.com	$2a$10$OHOoEpiikKAW3Jlhm.3FQeRak.JlPGt8Cx/eOR0GcYB1B46v9SBDu	$2a$10$OHOoEpiikKAW3Jlhm.3FQe	\N	\N	\N	0	\N	\N	\N	\N	2011-01-01 18:53:35.854706	2011-01-01 18:53:35.887619
3	Mr.	Mike	Lyon	(253) 261-4253		(253) 447-4575	mlyon@closettailors.com	$2a$10$yVUlopt9Ez15j56pG9gxVuF5ehGd2jYVPyv2VnfaarEH0doAUrMSm	$2a$10$yVUlopt9Ez15j56pG9gxVu	\N	\N	\N	0	\N	\N	\N	\N	2011-01-01 18:53:32.127395	2011-01-01 18:53:35.900037
30	Ms.	Estela	Estrada	(714) 637-2100		(714) 998-8901	estela@homefranchiseeconcepts.com	$2a$10$cFthe26Eeb2RAC4Lj2MJ8edHzNF0SnQ5cd6EmJWJLcT57he/MLCU.	$2a$10$cFthe26Eeb2RAC4Lj2MJ8e	\N	\N	\N	0	\N	\N	\N	\N	2011-01-01 18:53:36.124513	2011-01-01 18:53:36.130825
2	Mr.	Vince	Hunter	(250) 452-9575	(250) 878-2790	(250) 764-9576	lvhunter@closettailors.com	$2a$10$8dtzeTjVukPkXVnrZoUsBODyg1uzt8N5MNdRRNjzO4XaNFKvTANyK	$2a$10$8dtzeTjVukPkXVnrZoUsBO	\N	\N	\N	0	\N	\N	\N	\N	2011-01-01 18:53:32.001854	2011-01-01 18:53:36.009949
1	Mr.	Scott	Barnes	(714) 637-2100 Ext 6402	(714) 200-5479	(714) 637-1400	scott@closettailors.com	$2a$10$OGaSkzQK5YsqvXaR23Pumus5o3O3iqlWsayYM3QKzFlPiJ.a8umcu	$2a$10$OGaSkzQK5YsqvXaR23Pumu	\N	\N	\N	0	\N	\N	\N	\N	2011-01-01 18:53:31.856627	2011-01-01 18:53:36.019719
31	Mrs.	Jodi	Duchesne		(780 983-5522	(780) 444-4344	duchesne@premiergarage.com	$2a$10$ItyHXTKCzDIU3twhiNzSSOaEQpF5Oo.xFrQUPaOQO5Spfk521hXTK	$2a$10$ItyHXTKCzDIU3twhiNzSSO	\N	\N	\N	0	\N	\N	\N	\N	2011-01-01 18:53:36.240116	2011-01-01 18:53:36.245575
7	Mr.	Kenny	Kinney	(480) 298-5200	(480) 298-5200	(480) 614-9414	kkinney@closettailors.com	$2a$10$QpTM3W/kVHD9RkjKJud/3u99UR.pHxwQSQiIuBRj8KzPhTuOlAo2W	$2a$10$QpTM3W/kVHD9RkjKJud/3u	\N	\N	\N	0	\N	\N	\N	\N	2011-01-01 18:53:32.727983	2011-01-01 18:53:36.258178
34	Mrs.	Yolanda	Quihuis	623-792-2308		(480) 483-7895	yquihuis@premiergarage.com	$2a$10$vBA3tUd8vfVUlNS4Hkpkj.CZCaYEp78VWlmV51sWT5l553AILLrlW	$2a$10$vBA3tUd8vfVUlNS4Hkpkj.	\N	\N	\N	0	\N	\N	\N	\N	2011-01-01 18:53:36.603664	2011-01-01 18:53:36.609604
33	Mrs.	Kali	Scheschuk	(972) 740-9944	(972) 767-4301	(972) 767-4301	jkscheschuk@closettailors.com	$2a$10$ITJrEbK2U7fusANmHpG3M.7a3NxUmIDjsm4CCHPD0megx3rntyzDu	$2a$10$ITJrEbK2U7fusANmHpG3M.	\N	\N	\N	0	\N	\N	\N	\N	2011-01-01 18:53:36.479944	2011-01-01 18:53:36.499158
36	Mr.	Dave	Angers	(714) 279-2481	(714) 496-0868	(714) 637-1400	davea@closettailors.com	$2a$10$OORvDmlrNl7BQ0hEUUvAtu5pn5oG10JHpOF/gMf/0F9HGTTpV/nDG	$2a$10$OORvDmlrNl7BQ0hEUUvAtu	\N	\N	\N	0	\N	\N	\N	\N	2011-01-01 18:53:36.829115	2011-01-01 18:53:36.834309
37	Mr.	Chip	Tighe		(949) 244-5610		chip@closettailors.com	$2a$10$YkZlH18yTyYQSEfmK7tVAumDAIGk.BpBO8EU8zrIaMcB1U/DWQo5G	$2a$10$YkZlH18yTyYQSEfmK7tVAu	\N	\N	\N	0	\N	\N	\N	\N	2011-01-01 18:53:36.94091	2011-01-01 18:53:36.946622
38	Mr.	Devon	Carr				devon@homefranchiseconcepts.com	$2a$10$e74IahaUOLGEFcpPDLqgtu1f7QyhBddcrxnM9inPcpxGeRlvyyHhO	$2a$10$e74IahaUOLGEFcpPDLqgtu	\N	\N	\N	0	\N	\N	\N	\N	2011-01-01 18:53:37.053048	2011-01-01 18:53:37.059676
13	Mr.	Eddie	Stribling	(713) 996-8510	(281) 381-7866	(713) 996-8511	shouston@premiergarage.com	$2a$10$JqQHISqurk4SunroQ2liteNAVphnh3sWtZwWIbHEDt9OjOFySfFHK	$2a$10$JqQHISqurk4SunroQ2lite	\N	\N	\N	0	\N	\N	\N	\N	2011-01-01 18:53:33.554435	2011-01-01 18:53:37.64411
15	Mr.	Dan	Kerth	(859) 488-0078	(859) 866-8266	(859) 488-0079	dckerth@tailoredliving.com	$2a$10$Hc1L6cntU5xGuA7OXkkcre8k5ZfkqmQEd1SJd/bP0LgpcpxzaoXXO	$2a$10$Hc1L6cntU5xGuA7OXkkcre	\N	\N	\N	0	\N	\N	\N	\N	2011-01-01 18:53:33.810296	2011-01-01 18:53:37.77011
16	Mr.	Bob	Nakamura	(760) 931-1160	(760) 522-7017	(760) 931-1105	rnakamura@tailoredliving.com	$2a$10$1MIk8sgcGMPPvRiYpWTbquqeT5efhNlr2gbtn6wRlKvAbMfVkIpI2	$2a$10$1MIk8sgcGMPPvRiYpWTbqu	\N	\N	\N	0	\N	\N	\N	\N	2011-01-01 18:53:33.935232	2011-01-01 18:53:37.783566
17	Mr.	Peter	Selwyn	(613) 256-9898			pwselwyn@tailoredliving.com	$2a$10$gsryqUyx.prgVBIIDaTften4zrdbWJL0Ij0l4qN.h7YCfGH5EsOeS	$2a$10$gsryqUyx.prgVBIIDaTfte	\N	\N	\N	0	\N	\N	\N	\N	2011-01-01 18:53:34.153324	2011-01-01 18:53:37.793447
19	Mr.	Chris	Poehlman	(949) 297-3951	(949) 297-3953	(949) 297-3953	cpoehlman@tailoredliving.com	$2a$10$b4Wb8VuxCR2rBXr3LGVaaOgm880NKOLW/MclYJGGw5dztHeNnzxqa	$2a$10$b4Wb8VuxCR2rBXr3LGVaaO	\N	\N	\N	0	\N	\N	\N	\N	2011-01-01 18:53:34.410377	2011-01-01 18:53:37.858211
20	Mr.	Jeffery	Vlasak	(262) 633-8850	(262) 488-3826	(262) 866-2093	jvlasak@tailoredliving.com	$2a$10$2KLiZ45dLiWlzWbZV91h1./6ldZsoJoWdwE614wfOrz7iaiW6YBZq	$2a$10$2KLiZ45dLiWlzWbZV91h1.	\N	\N	\N	0	\N	\N	\N	\N	2011-01-01 18:53:34.535755	2011-01-01 18:53:37.987336
22	Mr.	Tim	Blin	(904) 645-0885	(904) 234-1699		tblin@tailoredliving.com	$2a$10$iv4FtedNi2HnCXyfLWVNQujR.dpQXtEkoPTy97h51xghkxJD.5ymq	$2a$10$iv4FtedNi2HnCXyfLWVNQu	\N	\N	\N	0	\N	\N	\N	\N	2011-01-01 18:53:34.831371	2011-01-01 18:53:38.422734
25	Mr.	Harrison	Rushton	(423) 517-0303	(423) 322-3629	(423) 517-0531	harushton@tailoredliving.com	$2a$10$fKQNC19eymJWVgxkWe627eRKSJERPDZTjost2nbyBj3ArehXQq62m	$2a$10$fKQNC19eymJWVgxkWe627e	\N	\N	\N	0	\N	\N	\N	\N	2011-01-01 18:53:35.298971	2011-01-01 18:53:38.558542
26	Mr.	Calvin	Connell	(208) 733-6768	(208) 280-0880	(208) 733-6768	cconnell@tailoredliving.com	$2a$10$Sg2gTQP/.U3qBNaFYgJSvut1DsIUSHopjgsXzZvg/FSv5lI6cxg6y	$2a$10$Sg2gTQP/.U3qBNaFYgJSvu	\N	\N	\N	0	\N	\N	\N	\N	2011-01-01 18:53:35.426306	2011-01-01 18:53:38.571017
35	Mr.	Peter	Saal		303 578-9085	(480) 483-7895	peter.saal@gmail.com	$2a$10$7QFLiXTxH6DmB6mayn6LcOQJiHc28/SqUZ6La3HS34afVrm01fzYu	$2a$10$7QFLiXTxH6DmB6mayn6LcO	\N	YYquE8f4wkiw8LLEAmtN	2011-01-10 23:05:38.471907	3	2011-01-12 02:20:22.491419	2011-01-11 21:32:52.926616	68.3.127.48	198.202.202.21	2011-01-01 18:53:36.717099	2011-01-12 02:20:22.492989
39	Mr.	Kyle	Teramoto				kyle@homefranchiseconcepts.com	$2a$10$/zKASx3VkjXXBlUrG7eZU.abYz/FDMkrScuutDuuk8ewleuCQvAiq	$2a$10$/zKASx3VkjXXBlUrG7eZU.	\N	\N	\N	0	\N	\N	\N	\N	2011-01-01 18:53:37.167078	2011-01-01 18:53:37.172416
40	Mr.	Don	Shultz	(623) 792-2227	(602) 763-0344	(480) 483-7895	dshultz@premiergarage.com	$2a$10$4cqX6eW7JcKgfUvHV8yy8.7355R5qXDUYS3jdrSUAuy7kg.Qdx2Gy	$2a$10$4cqX6eW7JcKgfUvHV8yy8.	\N	\N	\N	0	\N	\N	\N	\N	2011-01-01 18:53:37.279262	2011-01-01 18:53:37.284672
41	Mr.	Brian	Perry	(512) 918-9911	(512) 966-6736	(512) 986-5892	austin@premiergarage.com	$2a$10$TxXlOhBehh1OVo1h2iIq5OJd/auLbb7cOzOvXohRbEfv7U2C.Tnbu	$2a$10$TxXlOhBehh1OVo1h2iIq5O	\N	\N	\N	0	\N	\N	\N	\N	2011-01-01 18:53:37.391113	2011-01-01 18:53:37.396672
42	Mr.	Steve	Bisch	(636) 399-8262		(314)434-1976	sbisch@tailoredliving.com	$2a$10$Mdk6dlRvAbitZLmdSiujF.KveQe3BqBYj.7ZliblzgpiOl2fxPUma	$2a$10$Mdk6dlRvAbitZLmdSiujF.	\N	\N	\N	0	\N	\N	\N	\N	2011-01-01 18:53:37.503767	2011-01-01 18:53:37.509365
11	Mrs.	Meri Lynn	Bisch	(636) 728-0333	(636) 399-9529	(314)434-1976	stlouis@premiergarage.com	$2a$10$s3Bp2.8CFFhCR0mShFxT4eTXqJWmXPE.8uaoI4i1gcaulvgP8GJlC	$2a$10$s3Bp2.8CFFhCR0mShFxT4e	\N	\N	\N	0	\N	\N	\N	\N	2011-01-01 18:53:33.30654	2011-01-01 18:53:37.52284
43	Mr.	Keith	Garrett	(281)292-3346	(281) 748-7403	(281 292-3300	nhouston@premiergarage.com	$2a$10$BmwHI48pLcikIMj1E.XXAOC4ArlAwFmqnMFULadigdGpERpxm.C6.	$2a$10$BmwHI48pLcikIMj1E.XXAO	\N	\N	\N	0	\N	\N	\N	\N	2011-01-01 18:53:37.626428	2011-01-01 18:53:37.631792
44	Mr.	Cory	Goldney	(866) 947-9427	(250) 228-7768	(250)947-9428	vancouverisland@premiergarage.com	$2a$10$mZT9ezZEUyM2zuic2wkvuuCIYDyXAKSJGGBWMByctekJhbYsWtUy.	$2a$10$mZT9ezZEUyM2zuic2wkvuu	\N	\N	\N	0	\N	\N	\N	\N	2011-01-01 18:53:37.748043	2011-01-01 18:53:37.754865
45	Ms.	Jackie	Poehlman	(949) 831-3244	(949)939-6845	(949) 297-3953	jpoehlman@tailoredliving.com	$2a$10$WX6GoHTQHjVNesHiRHKMROWFZ.4uQdOeKBCN6uRld/ICsgOWWa3pG	$2a$10$WX6GoHTQHjVNesHiRHKMRO	\N	\N	\N	0	\N	\N	\N	\N	2011-01-01 18:53:37.963796	2011-01-01 18:53:37.974832
46	Mr.	Jim	Friesen	(503) 390-0522	(503) 302-6029		jfriesen@tailoredliving.com	$2a$10$5sV45ONMLV3BkqgVAVpHCe22efK/k8gE4Ly6fMvc2kfaZ.81LJtdq	$2a$10$5sV45ONMLV3BkqgVAVpHCe	\N	\N	\N	0	\N	\N	\N	\N	2011-01-01 18:53:38.091546	2011-01-01 18:53:38.174789
47	Mr.	David	Stauber	(503) 390-0522	(503) 302-9473		dstauber@livingtailored.com	$2a$10$v2ODLxkKYSmlDTuAgKg6R.jvRGiDQfA1VhgE5G9sqemO1MZXtCSa2	$2a$10$v2ODLxkKYSmlDTuAgKg6R.	\N	\N	\N	0	\N	\N	\N	\N	2011-01-01 18:53:38.282367	2011-01-01 18:53:38.40561
23	Mr.	Ron	Blaski	(805) 462-8133	(805) 610-3358	(805) 466-4642	rblaski@tailoredliving.com	$2a$10$xy7AywGy7mafASpjkxrKKOGGp/RlPRYWPiQKYFyvxhOvHcgxy5s46	$2a$10$xy7AywGy7mafASpjkxrKKO	\N	\N	\N	0	\N	\N	\N	\N	2011-01-01 18:53:35.048918	2011-01-01 18:53:38.43325
48	Mr.	Travis	Leduc	(403) 315-0323		(403) 257-5012	ctsa@tailoredlving.com	$2a$10$yCpq6r/scwz8JUz3XBhO.e55OnfAYV.g/bnmAKv9qQoPjMyN6Rzga	$2a$10$yCpq6r/scwz8JUz3XBhO.e	\N	\N	\N	0	\N	\N	\N	\N	2011-01-01 18:53:38.537552	2011-01-01 18:53:38.544167
18	Ms.	Kathy	Graham	(760) 320-1914			kgraham@tailoredliving.com	$2a$10$KH2z1ueXwgUGP9KXYzoW1e4Xv9gOA0OdUxPYbvHOuMiF3P/1Gq7ti	$2a$10$KH2z1ueXwgUGP9KXYzoW1e	\N	\N	\N	0	\N	\N	\N	\N	2011-01-01 18:53:34.284249	2011-01-01 18:53:38.59201
27	Mr.	William	Welborn	(972) 247-3030	(214) 251-9736		dallas@premiergarage.com	$2a$10$DFnI.5P9MkRoJUsNExSD/uP1FqMTc3pXe3yFv2u.tjJmK2d/SwRv.	$2a$10$DFnI.5P9MkRoJUsNExSD/u	\N	\N	\N	0	\N	\N	\N	\N	2011-01-01 18:53:35.546803	2011-01-01 18:53:38.611661
49	\N	\N	\N	\N	\N	\N	kris@hylotech.com	$2a$10$stbPQKL64gMgsRaP7F8XneewfofYa.GsHvhoYX0bXCF75NlXZK526	$2a$10$stbPQKL64gMgsRaP7F8Xne	\N	QtkSAaRzcuDI_TFB8yBv	2011-01-01 19:06:48.856895	10	2011-01-14 20:55:28.114092	2011-01-12 05:30:36.666832	67.217.228.116	98.245.88.239	2011-01-01 19:06:38.040379	2011-01-14 20:55:28.11483
51	\N	\N	\N	\N	\N	\N	ddillman@premiergarage.com	$2a$10$yfdnXMdmbBhOpFlQrhkIQuBZkP/n8IR6GQpo6f0C7146Xjsmdx1eC	$2a$10$yfdnXMdmbBhOpFlQrhkIQu	\N	kohVni58Zgp9A86FX8sT	2011-01-06 23:45:05.988759	2	2011-01-10 21:29:18.348584	2011-01-06 23:45:05.995657	71.196.137.193	174.79.54.230	2011-01-06 23:44:42.653941	2011-01-10 21:29:18.349307
32	Mr.	Eric	Hunt	(623) 792-2289	(602) 763-2228	(480) 483-7895	trimmer27@gmail.com	$2a$10$CT7wKcOoI/V3l3d1qp4bkekvTTlkM5l.1asMzH/2ShkytQ7XHCMaq	$2a$10$CT7wKcOoI/V3l3d1qp4bke	\N	nqf0VZFRJLTG9nycSDbK	2011-01-15 02:44:13.218078	22	2011-01-15 02:44:13.225625	2011-01-14 22:00:14.075953	70.176.124.201	174.79.54.226	2011-01-01 18:53:36.365777	2011-01-15 02:44:13.226374
50	\N	\N	\N	\N	\N	\N	sbisch@premiergarage.com	$2a$10$CncxpR3bI77S1sDlFg2mH.ekldxQ45dHs31/UuAgiuo./m0ahQapm	$2a$10$CncxpR3bI77S1sDlFg2mH.	\N	\N	\N	35	2011-01-13 04:34:20.260932	2011-01-13 03:47:21.396213	174.79.54.226	174.79.54.226	2011-01-03 04:43:12.087221	2011-01-13 04:34:20.261913
\.


--
-- Name: address_books_pkey; Type: CONSTRAINT; Schema: public; Owner: pg_orders; Tablespace: 
--

ALTER TABLE ONLY address_books
    ADD CONSTRAINT address_books_pkey PRIMARY KEY (id);


--
-- Name: addresses_pkey; Type: CONSTRAINT; Schema: public; Owner: pg_orders; Tablespace: 
--

ALTER TABLE ONLY addresses
    ADD CONSTRAINT addresses_pkey PRIMARY KEY (id);


--
-- Name: franchisee_addresses_pkey; Type: CONSTRAINT; Schema: public; Owner: pg_orders; Tablespace: 
--

ALTER TABLE ONLY franchisee_addresses
    ADD CONSTRAINT franchisee_addresses_pkey PRIMARY KEY (id);


--
-- Name: franchisee_contacts_pkey; Type: CONSTRAINT; Schema: public; Owner: pg_orders; Tablespace: 
--

ALTER TABLE ONLY franchisee_contacts
    ADD CONSTRAINT franchisee_contacts_pkey PRIMARY KEY (id);


--
-- Name: franchisees_pkey; Type: CONSTRAINT; Schema: public; Owner: pg_orders; Tablespace: 
--

ALTER TABLE ONLY franchisees
    ADD CONSTRAINT franchisees_pkey PRIMARY KEY (id);


--
-- Name: item_component_properties_pkey; Type: CONSTRAINT; Schema: public; Owner: pg_orders; Tablespace: 
--

ALTER TABLE ONLY item_component_properties
    ADD CONSTRAINT item_component_properties_pkey PRIMARY KEY (id);


--
-- Name: item_components_pkey; Type: CONSTRAINT; Schema: public; Owner: pg_orders; Tablespace: 
--

ALTER TABLE ONLY item_components
    ADD CONSTRAINT item_components_pkey PRIMARY KEY (id);


--
-- Name: item_properties_pkey; Type: CONSTRAINT; Schema: public; Owner: pg_orders; Tablespace: 
--

ALTER TABLE ONLY item_properties
    ADD CONSTRAINT item_properties_pkey PRIMARY KEY (id);


--
-- Name: items_pkey; Type: CONSTRAINT; Schema: public; Owner: pg_orders; Tablespace: 
--

ALTER TABLE ONLY items
    ADD CONSTRAINT items_pkey PRIMARY KEY (id);


--
-- Name: job_item_properties_pkey; Type: CONSTRAINT; Schema: public; Owner: pg_orders; Tablespace: 
--

ALTER TABLE ONLY job_item_properties
    ADD CONSTRAINT job_item_properties_pkey PRIMARY KEY (id);


--
-- Name: job_items_pkey; Type: CONSTRAINT; Schema: public; Owner: pg_orders; Tablespace: 
--

ALTER TABLE ONLY job_items
    ADD CONSTRAINT job_items_pkey PRIMARY KEY (id);


--
-- Name: job_properties_pkey; Type: CONSTRAINT; Schema: public; Owner: pg_orders; Tablespace: 
--

ALTER TABLE ONLY job_properties
    ADD CONSTRAINT job_properties_pkey PRIMARY KEY (id);


--
-- Name: jobs_pkey; Type: CONSTRAINT; Schema: public; Owner: pg_orders; Tablespace: 
--

ALTER TABLE ONLY jobs
    ADD CONSTRAINT jobs_pkey PRIMARY KEY (id);


--
-- Name: properties_pkey; Type: CONSTRAINT; Schema: public; Owner: pg_orders; Tablespace: 
--

ALTER TABLE ONLY properties
    ADD CONSTRAINT properties_pkey PRIMARY KEY (id);


--
-- Name: property_values_pkey; Type: CONSTRAINT; Schema: public; Owner: pg_orders; Tablespace: 
--

ALTER TABLE ONLY property_values
    ADD CONSTRAINT property_values_pkey PRIMARY KEY (id);


--
-- Name: roles_pkey; Type: CONSTRAINT; Schema: public; Owner: pg_orders; Tablespace: 
--

ALTER TABLE ONLY roles
    ADD CONSTRAINT roles_pkey PRIMARY KEY (id);


--
-- Name: user_roles_pkey; Type: CONSTRAINT; Schema: public; Owner: pg_orders; Tablespace: 
--

ALTER TABLE ONLY user_roles
    ADD CONSTRAINT user_roles_pkey PRIMARY KEY (id);


--
-- Name: users_pkey; Type: CONSTRAINT; Schema: public; Owner: pg_orders; Tablespace: 
--

ALTER TABLE ONLY users
    ADD CONSTRAINT users_pkey PRIMARY KEY (id);


--
-- Name: index_users_on_email; Type: INDEX; Schema: public; Owner: pg_orders; Tablespace: 
--

CREATE UNIQUE INDEX index_users_on_email ON users USING btree (email);


--
-- Name: index_users_on_reset_password_token; Type: INDEX; Schema: public; Owner: pg_orders; Tablespace: 
--

CREATE UNIQUE INDEX index_users_on_reset_password_token ON users USING btree (reset_password_token);


--
-- Name: unique_schema_migrations; Type: INDEX; Schema: public; Owner: pg_orders; Tablespace: 
--

CREATE UNIQUE INDEX unique_schema_migrations ON schema_migrations USING btree (version);


--
-- Name: address_books_address_id_fkey; Type: FK CONSTRAINT; Schema: public; Owner: pg_orders
--

ALTER TABLE ONLY address_books
    ADD CONSTRAINT address_books_address_id_fkey FOREIGN KEY (address_id) REFERENCES addresses(id);


--
-- Name: address_books_user_id_fkey; Type: FK CONSTRAINT; Schema: public; Owner: pg_orders
--

ALTER TABLE ONLY address_books
    ADD CONSTRAINT address_books_user_id_fkey FOREIGN KEY (user_id) REFERENCES users(id);


--
-- Name: franchisee_addresses_address_id_fkey; Type: FK CONSTRAINT; Schema: public; Owner: pg_orders
--

ALTER TABLE ONLY franchisee_addresses
    ADD CONSTRAINT franchisee_addresses_address_id_fkey FOREIGN KEY (address_id) REFERENCES addresses(id);


--
-- Name: franchisee_addresses_franchisee_id_fkey; Type: FK CONSTRAINT; Schema: public; Owner: pg_orders
--

ALTER TABLE ONLY franchisee_addresses
    ADD CONSTRAINT franchisee_addresses_franchisee_id_fkey FOREIGN KEY (franchisee_id) REFERENCES franchisees(id);


--
-- Name: franchisee_contacts_franchisee_id_fkey; Type: FK CONSTRAINT; Schema: public; Owner: pg_orders
--

ALTER TABLE ONLY franchisee_contacts
    ADD CONSTRAINT franchisee_contacts_franchisee_id_fkey FOREIGN KEY (franchisee_id) REFERENCES franchisees(id);


--
-- Name: franchisee_contacts_user_id_fkey; Type: FK CONSTRAINT; Schema: public; Owner: pg_orders
--

ALTER TABLE ONLY franchisee_contacts
    ADD CONSTRAINT franchisee_contacts_user_id_fkey FOREIGN KEY (user_id) REFERENCES users(id);


--
-- Name: item_component_properties_item_component_id_fkey; Type: FK CONSTRAINT; Schema: public; Owner: pg_orders
--

ALTER TABLE ONLY item_component_properties
    ADD CONSTRAINT item_component_properties_item_component_id_fkey FOREIGN KEY (item_component_id) REFERENCES item_components(id);


--
-- Name: item_component_properties_property_id_fkey; Type: FK CONSTRAINT; Schema: public; Owner: pg_orders
--

ALTER TABLE ONLY item_component_properties
    ADD CONSTRAINT item_component_properties_property_id_fkey FOREIGN KEY (property_id) REFERENCES properties(id);


--
-- Name: item_components_component_id_fkey; Type: FK CONSTRAINT; Schema: public; Owner: pg_orders
--

ALTER TABLE ONLY item_components
    ADD CONSTRAINT item_components_component_id_fkey FOREIGN KEY (component_id) REFERENCES items(id);


--
-- Name: item_components_item_id_fkey; Type: FK CONSTRAINT; Schema: public; Owner: pg_orders
--

ALTER TABLE ONLY item_components
    ADD CONSTRAINT item_components_item_id_fkey FOREIGN KEY (item_id) REFERENCES items(id);


--
-- Name: item_properties_item_id_fkey; Type: FK CONSTRAINT; Schema: public; Owner: pg_orders
--

ALTER TABLE ONLY item_properties
    ADD CONSTRAINT item_properties_item_id_fkey FOREIGN KEY (item_id) REFERENCES items(id);


--
-- Name: item_properties_property_id_fkey; Type: FK CONSTRAINT; Schema: public; Owner: pg_orders
--

ALTER TABLE ONLY item_properties
    ADD CONSTRAINT item_properties_property_id_fkey FOREIGN KEY (property_id) REFERENCES properties(id);


--
-- Name: job_item_properties_job_item_id_fkey; Type: FK CONSTRAINT; Schema: public; Owner: pg_orders
--

ALTER TABLE ONLY job_item_properties
    ADD CONSTRAINT job_item_properties_job_item_id_fkey FOREIGN KEY (job_item_id) REFERENCES job_items(id);


--
-- Name: job_items_item_id_fkey; Type: FK CONSTRAINT; Schema: public; Owner: pg_orders
--

ALTER TABLE ONLY job_items
    ADD CONSTRAINT job_items_item_id_fkey FOREIGN KEY (item_id) REFERENCES items(id);


--
-- Name: job_items_job_id_fkey; Type: FK CONSTRAINT; Schema: public; Owner: pg_orders
--

ALTER TABLE ONLY job_items
    ADD CONSTRAINT job_items_job_id_fkey FOREIGN KEY (job_id) REFERENCES jobs(id);


--
-- Name: job_properties_job_id_fkey; Type: FK CONSTRAINT; Schema: public; Owner: pg_orders
--

ALTER TABLE ONLY job_properties
    ADD CONSTRAINT job_properties_job_id_fkey FOREIGN KEY (job_id) REFERENCES jobs(id);


--
-- Name: jobs_customer_id_fkey; Type: FK CONSTRAINT; Schema: public; Owner: pg_orders
--

ALTER TABLE ONLY jobs
    ADD CONSTRAINT jobs_customer_id_fkey FOREIGN KEY (customer_id) REFERENCES users(id);


--
-- Name: jobs_franchisee_id_fkey; Type: FK CONSTRAINT; Schema: public; Owner: pg_orders
--

ALTER TABLE ONLY jobs
    ADD CONSTRAINT jobs_franchisee_id_fkey FOREIGN KEY (franchisee_id) REFERENCES franchisees(id);


--
-- Name: jobs_salesperson_id_fkey; Type: FK CONSTRAINT; Schema: public; Owner: pg_orders
--

ALTER TABLE ONLY jobs
    ADD CONSTRAINT jobs_salesperson_id_fkey FOREIGN KEY (salesperson_id) REFERENCES users(id);


--
-- Name: jobs_shipping_address_id_fkey; Type: FK CONSTRAINT; Schema: public; Owner: pg_orders
--

ALTER TABLE ONLY jobs
    ADD CONSTRAINT jobs_shipping_address_id_fkey FOREIGN KEY (shipping_address_id) REFERENCES addresses(id);


--
-- Name: property_value_selection_property_id_fkey; Type: FK CONSTRAINT; Schema: public; Owner: pg_orders
--

ALTER TABLE ONLY property_value_selection
    ADD CONSTRAINT property_value_selection_property_id_fkey FOREIGN KEY (property_id) REFERENCES properties(id);


--
-- Name: property_value_selection_property_value_id_fkey; Type: FK CONSTRAINT; Schema: public; Owner: pg_orders
--

ALTER TABLE ONLY property_value_selection
    ADD CONSTRAINT property_value_selection_property_value_id_fkey FOREIGN KEY (property_value_id) REFERENCES property_values(id);


--
-- Name: user_roles_role_id_fkey; Type: FK CONSTRAINT; Schema: public; Owner: pg_orders
--

ALTER TABLE ONLY user_roles
    ADD CONSTRAINT user_roles_role_id_fkey FOREIGN KEY (role_id) REFERENCES roles(id);


--
-- Name: user_roles_user_id_fkey; Type: FK CONSTRAINT; Schema: public; Owner: pg_orders
--

ALTER TABLE ONLY user_roles
    ADD CONSTRAINT user_roles_user_id_fkey FOREIGN KEY (user_id) REFERENCES users(id);


--
-- Name: public; Type: ACL; Schema: -; Owner: postgres
--

REVOKE ALL ON SCHEMA public FROM PUBLIC;
REVOKE ALL ON SCHEMA public FROM postgres;
GRANT ALL ON SCHEMA public TO postgres;
GRANT ALL ON SCHEMA public TO PUBLIC;


--
-- PostgreSQL database dump complete
--

