--
-- PostgreSQL database dump
--

SET statement_timeout = 0;
SET client_encoding = 'UTF8';
SET standard_conforming_strings = off;
SET check_function_bodies = false;
SET client_min_messages = warning;
SET escape_string_warning = off;

SET search_path = public, pg_catalog;

SET default_tablespace = '';

SET default_with_oids = false;

--
-- Name: address_books; Type: TABLE; Schema: public; Owner: pg_orders; Tablespace: 
--

CREATE TABLE address_books (
    id integer NOT NULL,
    address_type character varying(255),
    user_id integer NOT NULL,
    address_id integer NOT NULL
);


ALTER TABLE public.address_books OWNER TO pg_orders;

--
-- Name: address_books_id_seq; Type: SEQUENCE; Schema: public; Owner: pg_orders
--

CREATE SEQUENCE address_books_id_seq
    START WITH 1
    INCREMENT BY 1
    NO MAXVALUE
    NO MINVALUE
    CACHE 1;


ALTER TABLE public.address_books_id_seq OWNER TO pg_orders;

--
-- Name: address_books_id_seq; Type: SEQUENCE OWNED BY; Schema: public; Owner: pg_orders
--

ALTER SEQUENCE address_books_id_seq OWNED BY address_books.id;


--
-- Name: address_books_id_seq; Type: SEQUENCE SET; Schema: public; Owner: pg_orders
--

SELECT pg_catalog.setval('address_books_id_seq', 1, false);


--
-- Name: addresses; Type: TABLE; Schema: public; Owner: pg_orders; Tablespace: 
--

CREATE TABLE addresses (
    id integer NOT NULL,
    address1 character varying(255),
    address2 character varying(255),
    city character varying(255),
    state character varying(255),
    postal_code character varying(255),
    country character varying(255),
    created_at timestamp without time zone,
    updated_at timestamp without time zone
);


ALTER TABLE public.addresses OWNER TO pg_orders;

--
-- Name: addresses_id_seq; Type: SEQUENCE; Schema: public; Owner: pg_orders
--

CREATE SEQUENCE addresses_id_seq
    START WITH 1
    INCREMENT BY 1
    NO MAXVALUE
    NO MINVALUE
    CACHE 1;


ALTER TABLE public.addresses_id_seq OWNER TO pg_orders;

--
-- Name: addresses_id_seq; Type: SEQUENCE OWNED BY; Schema: public; Owner: pg_orders
--

ALTER SEQUENCE addresses_id_seq OWNED BY addresses.id;


--
-- Name: addresses_id_seq; Type: SEQUENCE SET; Schema: public; Owner: pg_orders
--

SELECT pg_catalog.setval('addresses_id_seq', 81, true);


--
-- Name: cutrite_codes; Type: TABLE; Schema: public; Owner: pg_orders; Tablespace: 
--

CREATE TABLE cutrite_codes (
    cutrite_attr character varying(32),
    dvinci_id character varying(8),
    color character varying(32),
    cutrite_code character varying(32),
    name_pattern character varying(32)
);


ALTER TABLE public.cutrite_codes OWNER TO pg_orders;

--
-- Name: franchisee_addresses; Type: TABLE; Schema: public; Owner: pg_orders; Tablespace: 
--

CREATE TABLE franchisee_addresses (
    id integer NOT NULL,
    franchisee_id integer NOT NULL,
    address_id integer NOT NULL,
    address_type character varying(255),
    created_at timestamp without time zone,
    updated_at timestamp without time zone
);


ALTER TABLE public.franchisee_addresses OWNER TO pg_orders;

--
-- Name: franchisee_addresses_id_seq; Type: SEQUENCE; Schema: public; Owner: pg_orders
--

CREATE SEQUENCE franchisee_addresses_id_seq
    START WITH 1
    INCREMENT BY 1
    NO MAXVALUE
    NO MINVALUE
    CACHE 1;


ALTER TABLE public.franchisee_addresses_id_seq OWNER TO pg_orders;

--
-- Name: franchisee_addresses_id_seq; Type: SEQUENCE OWNED BY; Schema: public; Owner: pg_orders
--

ALTER SEQUENCE franchisee_addresses_id_seq OWNED BY franchisee_addresses.id;


--
-- Name: franchisee_addresses_id_seq; Type: SEQUENCE SET; Schema: public; Owner: pg_orders
--

SELECT pg_catalog.setval('franchisee_addresses_id_seq', 73, true);


--
-- Name: franchisee_contacts; Type: TABLE; Schema: public; Owner: pg_orders; Tablespace: 
--

CREATE TABLE franchisee_contacts (
    id integer NOT NULL,
    franchisee_id integer NOT NULL,
    user_id integer NOT NULL,
    contact_type character varying(255),
    created_at timestamp without time zone,
    updated_at timestamp without time zone
);


ALTER TABLE public.franchisee_contacts OWNER TO pg_orders;

--
-- Name: franchisee_contacts_id_seq; Type: SEQUENCE; Schema: public; Owner: pg_orders
--

CREATE SEQUENCE franchisee_contacts_id_seq
    START WITH 1
    INCREMENT BY 1
    NO MAXVALUE
    NO MINVALUE
    CACHE 1;


ALTER TABLE public.franchisee_contacts_id_seq OWNER TO pg_orders;

--
-- Name: franchisee_contacts_id_seq; Type: SEQUENCE OWNED BY; Schema: public; Owner: pg_orders
--

ALTER SEQUENCE franchisee_contacts_id_seq OWNED BY franchisee_contacts.id;


--
-- Name: franchisee_contacts_id_seq; Type: SEQUENCE SET; Schema: public; Owner: pg_orders
--

SELECT pg_catalog.setval('franchisee_contacts_id_seq', 218, true);


--
-- Name: franchisees; Type: TABLE; Schema: public; Owner: pg_orders; Tablespace: 
--

CREATE TABLE franchisees (
    id integer NOT NULL,
    franchise_name character varying(255),
    phone character varying(255),
    fax character varying(255),
    website character varying(255),
    margin_cabinets double precision,
    margin_accessoried double precision,
    margin_flooring double precision,
    job_number_prefix character varying(255),
    variance_max double precision,
    variance_min double precision,
    created_at timestamp without time zone,
    updated_at timestamp without time zone,
    credit_status character varying(32),
    notes text
);


ALTER TABLE public.franchisees OWNER TO pg_orders;

--
-- Name: franchisees_id_seq; Type: SEQUENCE; Schema: public; Owner: pg_orders
--

CREATE SEQUENCE franchisees_id_seq
    START WITH 1
    INCREMENT BY 1
    NO MAXVALUE
    NO MINVALUE
    CACHE 1;


ALTER TABLE public.franchisees_id_seq OWNER TO pg_orders;

--
-- Name: franchisees_id_seq; Type: SEQUENCE OWNED BY; Schema: public; Owner: pg_orders
--

ALTER SEQUENCE franchisees_id_seq OWNED BY franchisees.id;


--
-- Name: franchisees_id_seq; Type: SEQUENCE SET; Schema: public; Owner: pg_orders
--

SELECT pg_catalog.setval('franchisees_id_seq', 68, true);


--
-- Name: item_component_properties; Type: TABLE; Schema: public; Owner: pg_orders; Tablespace: 
--

CREATE TABLE item_component_properties (
    id integer NOT NULL,
    item_component_id integer,
    property_id integer,
    qualifier character varying(255)
);


ALTER TABLE public.item_component_properties OWNER TO pg_orders;

--
-- Name: item_component_properties_id_seq; Type: SEQUENCE; Schema: public; Owner: pg_orders
--

CREATE SEQUENCE item_component_properties_id_seq
    START WITH 1
    INCREMENT BY 1
    NO MAXVALUE
    NO MINVALUE
    CACHE 1;


ALTER TABLE public.item_component_properties_id_seq OWNER TO pg_orders;

--
-- Name: item_component_properties_id_seq; Type: SEQUENCE OWNED BY; Schema: public; Owner: pg_orders
--

ALTER SEQUENCE item_component_properties_id_seq OWNED BY item_component_properties.id;


--
-- Name: item_component_properties_id_seq; Type: SEQUENCE SET; Schema: public; Owner: pg_orders
--

SELECT pg_catalog.setval('item_component_properties_id_seq', 507, true);


--
-- Name: item_components; Type: TABLE; Schema: public; Owner: pg_orders; Tablespace: 
--

CREATE TABLE item_components (
    id integer NOT NULL,
    item_id integer NOT NULL,
    component_id integer,
    quantity integer,
    type character varying(255),
    created_at timestamp without time zone,
    updated_at timestamp without time zone,
    context_names character varying(255)
);


ALTER TABLE public.item_components OWNER TO pg_orders;

--
-- Name: item_components_id_seq; Type: SEQUENCE; Schema: public; Owner: pg_orders
--

CREATE SEQUENCE item_components_id_seq
    START WITH 1
    INCREMENT BY 1
    NO MAXVALUE
    NO MINVALUE
    CACHE 1;


ALTER TABLE public.item_components_id_seq OWNER TO pg_orders;

--
-- Name: item_components_id_seq; Type: SEQUENCE OWNED BY; Schema: public; Owner: pg_orders
--

ALTER SEQUENCE item_components_id_seq OWNED BY item_components.id;


--
-- Name: item_components_id_seq; Type: SEQUENCE SET; Schema: public; Owner: pg_orders
--

SELECT pg_catalog.setval('item_components_id_seq', 599, true);


--
-- Name: item_properties; Type: TABLE; Schema: public; Owner: pg_orders; Tablespace: 
--

CREATE TABLE item_properties (
    id integer NOT NULL,
    item_id integer,
    property_id integer,
    qualifier character varying(255)
);


ALTER TABLE public.item_properties OWNER TO pg_orders;

--
-- Name: item_properties_id_seq; Type: SEQUENCE; Schema: public; Owner: pg_orders
--

CREATE SEQUENCE item_properties_id_seq
    START WITH 1
    INCREMENT BY 1
    NO MAXVALUE
    NO MINVALUE
    CACHE 1;


ALTER TABLE public.item_properties_id_seq OWNER TO pg_orders;

--
-- Name: item_properties_id_seq; Type: SEQUENCE OWNED BY; Schema: public; Owner: pg_orders
--

ALTER SEQUENCE item_properties_id_seq OWNED BY item_properties.id;


--
-- Name: item_properties_id_seq; Type: SEQUENCE SET; Schema: public; Owner: pg_orders
--

SELECT pg_catalog.setval('item_properties_id_seq', 1309, true);


--
-- Name: items; Type: TABLE; Schema: public; Owner: pg_orders; Tablespace: 
--

CREATE TABLE items (
    id integer NOT NULL,
    name character varying(255),
    description character varying(255),
    sku character varying(255),
    units character varying(255),
    dvinci_id character varying(255),
    cutrite_id character varying(255),
    created_at timestamp without time zone,
    updated_at timestamp without time zone,
    purchasing character varying(32),
    purchase_part_id character varying(255),
    type character varying(255),
    base_price double precision,
    vendor character varying(255),
    weight double precision,
    install_cost double precision,
    rebate_factor double precision,
    retail_multiplier double precision
);


ALTER TABLE public.items OWNER TO pg_orders;

--
-- Name: items_id_seq; Type: SEQUENCE; Schema: public; Owner: pg_orders
--

CREATE SEQUENCE items_id_seq
    START WITH 1
    INCREMENT BY 1
    NO MAXVALUE
    NO MINVALUE
    CACHE 1;


ALTER TABLE public.items_id_seq OWNER TO pg_orders;

--
-- Name: items_id_seq; Type: SEQUENCE OWNED BY; Schema: public; Owner: pg_orders
--

ALTER SEQUENCE items_id_seq OWNED BY items.id;


--
-- Name: items_id_seq; Type: SEQUENCE SET; Schema: public; Owner: pg_orders
--

SELECT pg_catalog.setval('items_id_seq', 704, true);


--
-- Name: job_item_properties; Type: TABLE; Schema: public; Owner: pg_orders; Tablespace: 
--

CREATE TABLE job_item_properties (
    id integer NOT NULL,
    job_item_id integer NOT NULL,
    ingest_id character varying(255),
    family character varying(255),
    qualifier character varying(255),
    module_names character varying(255),
    value_str character varying(255),
    created_at timestamp without time zone,
    updated_at timestamp without time zone
);


ALTER TABLE public.job_item_properties OWNER TO pg_orders;

--
-- Name: job_item_properties_id_seq; Type: SEQUENCE; Schema: public; Owner: pg_orders
--

CREATE SEQUENCE job_item_properties_id_seq
    START WITH 1
    INCREMENT BY 1
    NO MAXVALUE
    NO MINVALUE
    CACHE 1;


ALTER TABLE public.job_item_properties_id_seq OWNER TO pg_orders;

--
-- Name: job_item_properties_id_seq; Type: SEQUENCE OWNED BY; Schema: public; Owner: pg_orders
--

ALTER SEQUENCE job_item_properties_id_seq OWNED BY job_item_properties.id;


--
-- Name: job_item_properties_id_seq; Type: SEQUENCE SET; Schema: public; Owner: pg_orders
--

SELECT pg_catalog.setval('job_item_properties_id_seq', 2122, true);


--
-- Name: job_items; Type: TABLE; Schema: public; Owner: pg_orders; Tablespace: 
--

CREATE TABLE job_items (
    id integer NOT NULL,
    job_id integer NOT NULL,
    item_id integer,
    ingest_id character varying(255),
    quantity double precision,
    comment character varying(255),
    created_at timestamp without time zone,
    updated_at timestamp without time zone,
    unit_price double precision,
    tracking_id integer,
    ingest_desc character varying(255),
    override_price double precision
);


ALTER TABLE public.job_items OWNER TO pg_orders;

--
-- Name: job_items_id_seq; Type: SEQUENCE; Schema: public; Owner: pg_orders
--

CREATE SEQUENCE job_items_id_seq
    START WITH 1
    INCREMENT BY 1
    NO MAXVALUE
    NO MINVALUE
    CACHE 1;


ALTER TABLE public.job_items_id_seq OWNER TO pg_orders;

--
-- Name: job_items_id_seq; Type: SEQUENCE OWNED BY; Schema: public; Owner: pg_orders
--

ALTER SEQUENCE job_items_id_seq OWNED BY job_items.id;


--
-- Name: job_items_id_seq; Type: SEQUENCE SET; Schema: public; Owner: pg_orders
--

SELECT pg_catalog.setval('job_items_id_seq', 1591, true);


--
-- Name: job_properties; Type: TABLE; Schema: public; Owner: pg_orders; Tablespace: 
--

CREATE TABLE job_properties (
    id integer NOT NULL,
    job_id integer,
    family character varying(255),
    qualifier character varying(255),
    module_names character varying(255),
    value_str character varying(255),
    created_at timestamp without time zone,
    updated_at timestamp without time zone
);


ALTER TABLE public.job_properties OWNER TO pg_orders;

--
-- Name: job_properties_id_seq; Type: SEQUENCE; Schema: public; Owner: pg_orders
--

CREATE SEQUENCE job_properties_id_seq
    START WITH 1
    INCREMENT BY 1
    NO MAXVALUE
    NO MINVALUE
    CACHE 1;


ALTER TABLE public.job_properties_id_seq OWNER TO pg_orders;

--
-- Name: job_properties_id_seq; Type: SEQUENCE OWNED BY; Schema: public; Owner: pg_orders
--

ALTER SEQUENCE job_properties_id_seq OWNED BY job_properties.id;


--
-- Name: job_properties_id_seq; Type: SEQUENCE SET; Schema: public; Owner: pg_orders
--

SELECT pg_catalog.setval('job_properties_id_seq', 112, true);


--
-- Name: job_serial_numbers; Type: TABLE; Schema: public; Owner: pg_orders; Tablespace: 
--

CREATE TABLE job_serial_numbers (
    id integer NOT NULL,
    year integer,
    max_serial integer,
    created_at timestamp without time zone,
    updated_at timestamp without time zone
);


ALTER TABLE public.job_serial_numbers OWNER TO pg_orders;

--
-- Name: job_serial_numbers_id_seq; Type: SEQUENCE; Schema: public; Owner: pg_orders
--

CREATE SEQUENCE job_serial_numbers_id_seq
    START WITH 1
    INCREMENT BY 1
    NO MAXVALUE
    NO MINVALUE
    CACHE 1;


ALTER TABLE public.job_serial_numbers_id_seq OWNER TO pg_orders;

--
-- Name: job_serial_numbers_id_seq; Type: SEQUENCE OWNED BY; Schema: public; Owner: pg_orders
--

ALTER SEQUENCE job_serial_numbers_id_seq OWNED BY job_serial_numbers.id;


--
-- Name: job_serial_numbers_id_seq; Type: SEQUENCE SET; Schema: public; Owner: pg_orders
--

SELECT pg_catalog.setval('job_serial_numbers_id_seq', 1, true);


--
-- Name: jobs; Type: TABLE; Schema: public; Owner: pg_orders; Tablespace: 
--

CREATE TABLE jobs (
    id integer NOT NULL,
    franchisee_id integer NOT NULL,
    customer_id integer,
    shipping_address_id integer,
    name character varying(255),
    job_number character varying(255),
    salesperson_id integer,
    created_at timestamp without time zone,
    updated_at timestamp without time zone,
    dvinci_xml_file_name character varying(255),
    dvinci_xml_content_type character varying(255),
    dvinci_xml_file_size integer,
    dvinci_xml_updated_at timestamp without time zone,
    mfg_plant character varying(255),
    status character varying(32),
    due_date date,
    ship_date date,
    comment text,
    placement_date timestamp without time zone,
    placed_by_id integer,
    tracking_number character varying(255),
    ship_method character varying(255),
    primary_contact_id integer,
    notes text
);


ALTER TABLE public.jobs OWNER TO pg_orders;

--
-- Name: jobs_id_seq; Type: SEQUENCE; Schema: public; Owner: pg_orders
--

CREATE SEQUENCE jobs_id_seq
    START WITH 1
    INCREMENT BY 1
    NO MAXVALUE
    NO MINVALUE
    CACHE 1;


ALTER TABLE public.jobs_id_seq OWNER TO pg_orders;

--
-- Name: jobs_id_seq; Type: SEQUENCE OWNED BY; Schema: public; Owner: pg_orders
--

ALTER SEQUENCE jobs_id_seq OWNED BY jobs.id;


--
-- Name: jobs_id_seq; Type: SEQUENCE SET; Schema: public; Owner: pg_orders
--

SELECT pg_catalog.setval('jobs_id_seq', 122, true);


--
-- Name: properties; Type: TABLE; Schema: public; Owner: pg_orders; Tablespace: 
--

CREATE TABLE properties (
    id integer NOT NULL,
    name character varying(255),
    family character varying(255),
    module_names character varying(255),
    created_at timestamp without time zone,
    updated_at timestamp without time zone
);


ALTER TABLE public.properties OWNER TO pg_orders;

--
-- Name: properties_id_seq; Type: SEQUENCE; Schema: public; Owner: pg_orders
--

CREATE SEQUENCE properties_id_seq
    START WITH 1
    INCREMENT BY 1
    NO MAXVALUE
    NO MINVALUE
    CACHE 1;


ALTER TABLE public.properties_id_seq OWNER TO pg_orders;

--
-- Name: properties_id_seq; Type: SEQUENCE OWNED BY; Schema: public; Owner: pg_orders
--

ALTER SEQUENCE properties_id_seq OWNED BY properties.id;


--
-- Name: properties_id_seq; Type: SEQUENCE SET; Schema: public; Owner: pg_orders
--

SELECT pg_catalog.setval('properties_id_seq', 123, true);


--
-- Name: property_value_selection; Type: TABLE; Schema: public; Owner: pg_orders; Tablespace: 
--

CREATE TABLE property_value_selection (
    property_id integer,
    property_value_id integer
);


ALTER TABLE public.property_value_selection OWNER TO pg_orders;

--
-- Name: property_values; Type: TABLE; Schema: public; Owner: pg_orders; Tablespace: 
--

CREATE TABLE property_values (
    id integer NOT NULL,
    name character varying(255),
    module_names character varying(255),
    value_str character varying(255),
    created_at timestamp without time zone,
    updated_at timestamp without time zone
);


ALTER TABLE public.property_values OWNER TO pg_orders;

--
-- Name: property_values_id_seq; Type: SEQUENCE; Schema: public; Owner: pg_orders
--

CREATE SEQUENCE property_values_id_seq
    START WITH 1
    INCREMENT BY 1
    NO MAXVALUE
    NO MINVALUE
    CACHE 1;


ALTER TABLE public.property_values_id_seq OWNER TO pg_orders;

--
-- Name: property_values_id_seq; Type: SEQUENCE OWNED BY; Schema: public; Owner: pg_orders
--

ALTER SEQUENCE property_values_id_seq OWNED BY property_values.id;


--
-- Name: property_values_id_seq; Type: SEQUENCE SET; Schema: public; Owner: pg_orders
--

SELECT pg_catalog.setval('property_values_id_seq', 325, true);


--
-- Name: roles; Type: TABLE; Schema: public; Owner: pg_orders; Tablespace: 
--

CREATE TABLE roles (
    id integer NOT NULL,
    name character varying(255)
);


ALTER TABLE public.roles OWNER TO pg_orders;

--
-- Name: roles_id_seq; Type: SEQUENCE; Schema: public; Owner: pg_orders
--

CREATE SEQUENCE roles_id_seq
    START WITH 1
    INCREMENT BY 1
    NO MAXVALUE
    NO MINVALUE
    CACHE 1;


ALTER TABLE public.roles_id_seq OWNER TO pg_orders;

--
-- Name: roles_id_seq; Type: SEQUENCE OWNED BY; Schema: public; Owner: pg_orders
--

ALTER SEQUENCE roles_id_seq OWNED BY roles.id;


--
-- Name: roles_id_seq; Type: SEQUENCE SET; Schema: public; Owner: pg_orders
--

SELECT pg_catalog.setval('roles_id_seq', 5, true);


--
-- Name: schema_migrations; Type: TABLE; Schema: public; Owner: pg_orders; Tablespace: 
--

CREATE TABLE schema_migrations (
    version character varying(255) NOT NULL
);


ALTER TABLE public.schema_migrations OWNER TO pg_orders;

--
-- Name: user_roles; Type: TABLE; Schema: public; Owner: pg_orders; Tablespace: 
--

CREATE TABLE user_roles (
    user_id integer,
    role_id integer
);


ALTER TABLE public.user_roles OWNER TO pg_orders;

--
-- Name: users; Type: TABLE; Schema: public; Owner: pg_orders; Tablespace: 
--

CREATE TABLE users (
    id integer NOT NULL,
    title character varying(255),
    first_name character varying(255),
    last_name character varying(255),
    phone character varying(255),
    phone2 character varying(255),
    fax character varying(255),
    email character varying(255) DEFAULT ''::character varying NOT NULL,
    encrypted_password character varying(128) DEFAULT ''::character varying NOT NULL,
    password_salt character varying(255) DEFAULT ''::character varying NOT NULL,
    reset_password_token character varying(255),
    remember_token character varying(255),
    remember_created_at timestamp without time zone,
    sign_in_count integer DEFAULT 0,
    current_sign_in_at timestamp without time zone,
    last_sign_in_at timestamp without time zone,
    current_sign_in_ip character varying(255),
    last_sign_in_ip character varying(255),
    created_at timestamp without time zone,
    updated_at timestamp without time zone
);


ALTER TABLE public.users OWNER TO pg_orders;

--
-- Name: users_id_seq; Type: SEQUENCE; Schema: public; Owner: pg_orders
--

CREATE SEQUENCE users_id_seq
    START WITH 1
    INCREMENT BY 1
    NO MAXVALUE
    NO MINVALUE
    CACHE 1;


ALTER TABLE public.users_id_seq OWNER TO pg_orders;

--
-- Name: users_id_seq; Type: SEQUENCE OWNED BY; Schema: public; Owner: pg_orders
--

ALTER SEQUENCE users_id_seq OWNED BY users.id;


--
-- Name: users_id_seq; Type: SEQUENCE SET; Schema: public; Owner: pg_orders
--

SELECT pg_catalog.setval('users_id_seq', 95, true);


--
-- Name: id; Type: DEFAULT; Schema: public; Owner: pg_orders
--

ALTER TABLE address_books ALTER COLUMN id SET DEFAULT nextval('address_books_id_seq'::regclass);


--
-- Name: id; Type: DEFAULT; Schema: public; Owner: pg_orders
--

ALTER TABLE addresses ALTER COLUMN id SET DEFAULT nextval('addresses_id_seq'::regclass);


--
-- Name: id; Type: DEFAULT; Schema: public; Owner: pg_orders
--

ALTER TABLE franchisee_addresses ALTER COLUMN id SET DEFAULT nextval('franchisee_addresses_id_seq'::regclass);


--
-- Name: id; Type: DEFAULT; Schema: public; Owner: pg_orders
--

ALTER TABLE franchisee_contacts ALTER COLUMN id SET DEFAULT nextval('franchisee_contacts_id_seq'::regclass);


--
-- Name: id; Type: DEFAULT; Schema: public; Owner: pg_orders
--

ALTER TABLE franchisees ALTER COLUMN id SET DEFAULT nextval('franchisees_id_seq'::regclass);


--
-- Name: id; Type: DEFAULT; Schema: public; Owner: pg_orders
--

ALTER TABLE item_component_properties ALTER COLUMN id SET DEFAULT nextval('item_component_properties_id_seq'::regclass);


--
-- Name: id; Type: DEFAULT; Schema: public; Owner: pg_orders
--

ALTER TABLE item_components ALTER COLUMN id SET DEFAULT nextval('item_components_id_seq'::regclass);


--
-- Name: id; Type: DEFAULT; Schema: public; Owner: pg_orders
--

ALTER TABLE item_properties ALTER COLUMN id SET DEFAULT nextval('item_properties_id_seq'::regclass);


--
-- Name: id; Type: DEFAULT; Schema: public; Owner: pg_orders
--

ALTER TABLE items ALTER COLUMN id SET DEFAULT nextval('items_id_seq'::regclass);


--
-- Name: id; Type: DEFAULT; Schema: public; Owner: pg_orders
--

ALTER TABLE job_item_properties ALTER COLUMN id SET DEFAULT nextval('job_item_properties_id_seq'::regclass);


--
-- Name: id; Type: DEFAULT; Schema: public; Owner: pg_orders
--

ALTER TABLE job_items ALTER COLUMN id SET DEFAULT nextval('job_items_id_seq'::regclass);


--
-- Name: id; Type: DEFAULT; Schema: public; Owner: pg_orders
--

ALTER TABLE job_properties ALTER COLUMN id SET DEFAULT nextval('job_properties_id_seq'::regclass);


--
-- Name: id; Type: DEFAULT; Schema: public; Owner: pg_orders
--

ALTER TABLE job_serial_numbers ALTER COLUMN id SET DEFAULT nextval('job_serial_numbers_id_seq'::regclass);


--
-- Name: id; Type: DEFAULT; Schema: public; Owner: pg_orders
--

ALTER TABLE jobs ALTER COLUMN id SET DEFAULT nextval('jobs_id_seq'::regclass);


--
-- Name: id; Type: DEFAULT; Schema: public; Owner: pg_orders
--

ALTER TABLE properties ALTER COLUMN id SET DEFAULT nextval('properties_id_seq'::regclass);


--
-- Name: id; Type: DEFAULT; Schema: public; Owner: pg_orders
--

ALTER TABLE property_values ALTER COLUMN id SET DEFAULT nextval('property_values_id_seq'::regclass);


--
-- Name: id; Type: DEFAULT; Schema: public; Owner: pg_orders
--

ALTER TABLE roles ALTER COLUMN id SET DEFAULT nextval('roles_id_seq'::regclass);


--
-- Name: id; Type: DEFAULT; Schema: public; Owner: pg_orders
--

ALTER TABLE users ALTER COLUMN id SET DEFAULT nextval('users_id_seq'::regclass);


--
-- Data for Name: address_books; Type: TABLE DATA; Schema: public; Owner: pg_orders
--

COPY address_books (id, address_type, user_id, address_id) FROM stdin;
\.


--
-- Data for Name: addresses; Type: TABLE DATA; Schema: public; Owner: pg_orders
--

COPY addresses (id, address1, address2, city, state, postal_code, country, created_at, updated_at) FROM stdin;
1	1927 N. Glassell St.	\N	Orange	CA	92865	USA	2011-01-01 18:53:31.700042	2011-01-01 18:53:31.700042
2	1927 N Glassell St	\N	Orange	CA	92865	USA	2011-01-01 18:53:31.715522	2011-01-01 18:53:31.715522
3	529 Lefevere Ave	\N	Kelowna	BC	V1W-5G8	Canada	2011-01-01 18:53:31.895409	2011-01-01 18:53:31.895409
4	1310 39th Ave SE Unit 2018A	\N	Puyallup	WA	98374	USA	2011-01-01 18:53:32.017075	2011-01-01 18:53:32.017075
5	17605 107th Street Court East	\N	Bonney Lake	WA	98391	USA	2011-01-01 18:53:32.020798	2011-01-01 18:53:32.020798
6	460 Business Park Circle	\N	Stoughton	WI	53589	USA	2011-01-01 18:53:32.143091	2011-01-01 18:53:32.143091
7	PO Box 383	\N	Sun Prairie	WI	53590	USA	2011-01-01 18:53:32.147003	2011-01-01 18:53:32.147003
9	10503 - 170 Street	\N	Edmonton	AB	T5P 4W2	Canada	2011-01-01 18:53:32.493876	2011-01-01 18:53:32.493876
10	16520 Laser Dr #5	\N	Fountain Hills	AZ	85268	\N	2011-01-01 18:53:32.6184	2011-01-01 18:53:32.6184
11	9120 N 106th Pl	\N	Scottsdale	AZ	85258	\N	2011-01-01 18:53:32.622145	2011-01-01 18:53:32.622145
13	1210 W. McDermott Drive Suite #104	\N	Allen	TX	75013	USA	2011-01-01 18:53:32.936512	2011-01-01 18:53:32.936512
14	1003 Cherry Lane	\N	Cedar Park	TX	78613	\N	2011-01-01 18:53:33.073376	2011-01-01 18:53:33.073376
15	744 Spirit of St. Louis Blvd Unit K	\N	Chesterfield	MO	63005	USA	2011-01-01 18:53:33.1994	2011-01-01 18:53:33.1994
16	25275 Buddle Road Suite 21	\N	Spring	TX	77380	USA	2011-01-01 18:53:33.321712	2011-01-01 18:53:33.321712
17	9830 Tanner Road Suite E	\N	Houston	TX	77041	USA	2011-01-01 18:53:33.446195	2011-01-01 18:53:33.446195
18	270 Fern Rd East	\N	Qualicum Beach	BC	V9K 1R1	Canada	2011-01-01 18:53:33.57337	2011-01-01 18:53:33.57337
19	11554 US HWY 42	\N	Union	KY	41091	USA	2011-01-01 18:53:33.698958	2011-01-01 18:53:33.698958
20	2270 Camino Vida Roble Suite A	\N	Carlsbad	CA	92011	USA	2011-01-01 18:53:33.827848	2011-01-01 18:53:33.827848
21	2077 Rosetta Road	\N	Lanark	ON	K0G 1K0	Canada	2011-01-01 18:53:33.952799	2011-01-01 18:53:33.952799
22	3425 N Indian Canyon Suite 6	\N	Palm City	CA	92262	USA	2011-01-01 18:53:34.173787	2011-01-01 18:53:34.173787
23	20914 Bake Parkway Suite # 102	\N	Lake Forest	CA	92630	USA	2011-01-01 18:53:34.30183	2011-01-01 18:53:34.30183
24	5407 Spring St.	\N	Racine	WI	53406	USA	2011-01-01 18:53:34.426632	2011-01-01 18:53:34.426632
25	4222 25th Ave NE	\N	Salem	OR	97301	USA	2011-01-01 18:53:34.59212	2011-01-01 18:53:34.59212
26	PO Box 20066	\N	Keizer	OR	97307	USA	2011-01-01 18:53:34.59657	2011-01-01 18:53:34.59657
27	11651 Central Parkway Suite 112	\N	Jacksonville	FL	32224	USA	2011-01-01 18:53:34.722903	2011-01-01 18:53:34.722903
28	8410 EL Camino Real Suite M	\N	Alascadero	CA	93422	USA	2011-01-01 18:53:34.938111	2011-01-01 18:53:34.938111
29	P.O. Box 1267	\N	Atascadero	CA	93423	USA	2011-01-01 18:53:34.942139	2011-01-01 18:53:34.942139
31	419 Haru Marigama	\N	Lethbridge	AB	T1H 5P1	Canada	2011-01-01 18:53:35.068701	2011-01-01 18:53:35.068701
32	2212 Polymer DR.	\N	Chattanooga	TN	37421	USA	2011-01-01 18:53:35.188962	2011-01-01 18:53:35.188962
33	8921 Hixson Spring RD	\N	Signal Mountain	TN	37377	USA	2011-01-01 18:53:35.193559	2011-01-01 18:53:35.193559
34	132 Trade ST	\N	Twin Falls	ID	83301	USA	2011-01-01 18:53:35.317696	2011-01-01 18:53:35.317696
35	2485 E 3700 N	\N	Twin Falls	ID	83301	USA	2011-01-01 18:53:35.321417	2011-01-01 18:53:35.321417
36	11252 Leo Lane #1600	\N	Dallas	TX	75229	USA	2011-01-01 18:53:35.441075	2011-01-01 18:53:35.441075
37	10503 - 170 Street		Edmonton	AB	T5P 4W2	\N	2011-01-27 18:26:30.485838	2011-01-27 18:27:03.11034
8	11409 Sunset Hills Rd Ste. H		Reston	VA	20190	USA	2011-01-01 18:53:32.367649	2011-01-30 20:58:02.195413
30			Lethbridge	AB	T1H 5P1	\N	2011-01-01 18:53:35.06491	2011-01-30 21:00:11.7826
38	21405 N. 15th Lane		Phoenix	Arizona	85027	\N	2011-02-07 15:15:19.475509	2011-02-07 15:15:19.475509
12	21405 N. 15th Lane		Phoenix	Arizona	85027	USA	2011-01-01 18:53:32.811953	2011-02-07 15:16:25.249111
39	2089 Alton Road, Suite B		Birmingham	AL	35210	\N	2011-02-11 14:58:19.163072	2011-02-11 14:58:19.163072
40	8410 El Camino Real, Suite M		Atascadero	CA	93422	\N	2011-02-11 15:04:54.872747	2011-02-11 15:04:54.872747
41	1148 Chess Drive		Foster City	CA	94404	\N	2011-02-11 15:09:06.812985	2011-02-11 15:09:06.812985
42	1210 W. McDermott Drive, Suite 104		Allen	TX	75013	\N	2011-02-11 15:23:57.740439	2011-02-11 15:23:57.740439
43	3000 Paseo Mercado, Unit 108		Oxnard	CA	93036	\N	2011-02-11 15:26:18.453956	2011-02-11 15:26:18.453956
44	75430 Gerald Ford Drive #203		Palm Desert	CA	92260	\N	2011-02-11 15:29:36.491842	2011-02-11 15:29:36.491842
45	6260 River Crest Dr. #A		Riverside	CA	92507	\N	2011-02-11 15:32:08.342321	2011-02-11 15:32:08.342321
46	5277 Aero Drive		Santa Rosa	CA	95403	\N	2011-02-11 15:35:17.228491	2011-02-11 15:35:17.228491
47	16057 Tampa Palms Blvd W ste508		Tampa	FL	33647	\N	2011-02-11 15:38:44.324406	2011-02-11 15:38:44.324406
48	2485 E 3700 N		Twin Falls	ID	83301	\N	2011-02-11 15:41:39.660401	2011-02-11 15:41:39.660401
49	140 Covington Dr.		Bloomingdale	IL	60103	\N	2011-02-11 15:44:49.819268	2011-02-11 15:44:49.819268
50	9856 North By Northeast Blvd.		Fishers	IN	46037	\N	2011-02-11 15:46:09.893492	2011-02-11 15:46:09.893492
51	221 A Industry Parkway		Nicholasville	KY	40356	\N	2011-02-11 15:48:31.703	2011-02-11 15:48:31.703
52	3109 Common Street Suite 114		Lake Charles	LA	70601	\N	2011-02-11 15:51:08.947794	2011-02-11 15:51:08.947794
53	46495 Humboldt		Novi	MI	48377	\N	2011-02-11 15:53:41.00689	2011-02-11 15:53:41.00689
54	1408 Northland Drive, Suite 103		Mendota Heights	MN	55120	\N	2011-02-11 16:00:54.228623	2011-02-11 16:00:54.228623
55			Saint Charles	MO	63304	\N	2011-02-11 16:04:45.6336	2011-02-11 16:04:45.6336
56	18627 Northline Drive Suite F		Cornelius	NC	28031	\N	2011-02-11 16:07:33.967841	2011-02-11 16:07:33.967841
57	540 S. Highland Road		Southern Pines	NC	28387	\N	2011-02-11 16:09:59.915476	2011-02-11 16:09:59.915476
58	5321 35th Street S		Fargo	ND	58104	\N	2011-02-11 16:12:31.383771	2011-02-11 16:12:31.383771
59	100 Commerce Way, Suite 103		Hackensack	NJ	07601	\N	2011-02-11 16:15:07.276534	2011-02-11 16:15:07.276534
60	100 Commerce Way, Suite 103		Hackensack	NJ	07601	\N	2011-02-11 16:15:11.071488	2011-02-11 16:15:11.071488
61			Somerset	NJ	08873	\N	2011-02-11 16:17:14.773662	2011-02-11 16:17:14.773662
62	49 Brown's Cove Road #8A		Ridgeland	SC	29936	\N	2011-02-11 16:24:56.465669	2011-02-11 16:24:56.465669
63	1907 Depot Road		Knoxville	TN	37849	\N	2011-02-11 16:31:51.313825	2011-02-11 16:31:51.313825
64	342 Herron Drive		Nashville	TN	37210	\N	2011-02-11 16:34:32.901738	2011-02-11 16:34:32.901738
66	9830 Tanner Road, Suite E		Houston	TX	77041	\N	2011-02-11 16:45:29.435187	2011-02-11 16:45:29.435187
67	1626 Ownby Ln		Richmond	VA	23220	\N	2011-02-11 17:44:41.771526	2011-02-11 17:44:41.771526
68	4784-G Borgen Blvd		Gig Harbor	WA	98332	\N	2011-02-11 17:51:29.677315	2011-02-11 17:51:29.677315
69	W188 N11927 Maple Road, Suite 14		Germantown	WI	53022	\N	2011-02-11 17:54:20.640799	2011-02-11 17:54:20.640799
70	7818 Big Sky Drive		Madison	WI	53719	\N	2011-02-11 17:56:28.111158	2011-02-11 17:56:28.111158
71	PO Box 383		Sun Prairie	WI	53590	\N	2011-02-11 17:59:54.521189	2011-02-11 17:59:54.521189
72	28440 Old 41 Road, Suite 7		Bonita Springs	FL	34135	\N	2011-02-11 18:03:15.005691	2011-02-11 18:03:15.005691
65	35 Pond Park Rd #10		Hingham	MA	02043	\N	2011-02-11 16:36:57.584441	2011-02-11 18:05:10.165792
73	5005 West WT Harris Blvd. Suite I		Charlotte	NC	28269	\N	2011-02-11 18:06:31.184437	2011-02-11 18:06:31.184437
74	304-1515 Broadway Street		Port Coquitlam	BC	V3C 6M2	\N	2011-02-11 18:10:19.402229	2011-02-11 18:10:19.402229
75	658 Etra Road		East Windsor	NJ	08520	\N	2011-02-11 18:13:23.227118	2011-02-11 18:13:23.227118
76	1772 Sulphur Spring Road, Ste. 108		Baltimore	MD	21227	\N	2011-02-11 18:18:52.749784	2011-02-11 18:18:52.749784
77	21405 N 15th Lane		Phoenix	AZ	85027	\N	2011-02-11 18:21:19.512606	2011-02-11 18:21:19.512606
78	3768 SW 30 Ave		Hollywood	FL	33312	\N	2011-02-11 18:24:03.114129	2011-02-11 18:24:03.114129
79	3768 SW 30 Ave		Hollywood	FL	33312	\N	2011-02-11 18:24:06.709501	2011-02-11 18:24:06.709501
80	120 Clair Dr.		Piedmont	SC	29673	\N	2011-02-11 18:27:30.287182	2011-02-11 18:27:30.287182
81	123		asdlkf	kk	12345	\N	2011-02-11 19:17:59.557273	2011-02-11 19:17:59.557273
\.


--
-- Data for Name: cutrite_codes; Type: TABLE DATA; Schema: public; Owner: pg_orders
--

COPY cutrite_codes (cutrite_attr, dvinci_id, color, cutrite_code, name_pattern) FROM stdin;
edge_band	001	3/4_WHITE_PVC	.5x19-WHT	\N
edge_band	002	3/4_ANTIQUE_PVC	.5x19-ANT	\N
edge_band	003	3/4_GREY_PVC	.5x19-GRY	\N
edge_band	004	3/4_DESERT_PVC	.5x19-DES	\N
edge_band	005	3/4_AUTUMN_PVC	.5x19-AUT	\N
edge_band	006	3/4_MAHOGANY_PVC	.5x19-MAH	\N
edge_band	007	3/4_SABLE_PVC	.5x19-SAB	\N
edge_band	008	3/4_BRONZE_PVC	.5x19-BRO	\N
edge_band	009	3/4_PEWTER_PVC	.5x19-PEW	\N
edge_band	010	3/4_MAPLE_PVC	.5x19-MAP	\N
edge_band	101	3/4_WHITE_PVC	.5x19-WHT	\N
edge_band	102	3/4_ANTIQUE_PVC	.5x19-ANT	\N
edge_band	103	3/4_GREY_PVC	.5x19-GRY	\N
edge_band	104	3/4_DESERT_PVC	.5x19-DES	\N
edge_band	105	3/4_AUTUMN_PVC	.5x19-AUT	\N
edge_band	106	3/4_MAHOGANY_PVC	.5x19-MAH	\N
edge_band	107	3/4_SABLE_PVC	.5x19-SAB	\N
edge_band	108	3/4_BRONZE_PVC	.5x19-BRO	\N
edge_band	109	3/4_PEWTER_PVC	.5x19-PEW	\N
edge_band	110	3/4_MAPLE_PVC	.5x19-MAP	\N
edge_band	901	3/4_WHITE_PVC	.5x19-WHT	\N
edge_band	902	3/4_ANTIQUE_PVC	.5x19-ANT	\N
edge_band	903	3/4_GREY_PVC	.5x19-GRY	\N
edge_band	904	3/4_DESERT_PVC	.5x19-DES	\N
edge_band	905	3/4_AUTUMN_PVC	.5x19-AUT	\N
edge_band	906	3/4_MAHOGANY_PVC	.5x19-MAH	\N
edge_band	907	3/4_SABLE_PVC	.5x19-SAB	\N
edge_band	908	3/4_BRONZE_PVC	.5x19-BRO	\N
edge_band	909	3/4_PEWTER_PVC	.5x19-PEW	\N
edge_band	910	3/4_MAPLE_PVC	.5x19-MAP	\N
edge_band_2	001	1_WHITE_PVC	.5x25-WHT	NX,RTA
edge_band_2	002	1_ANTIQUE_PVC	.5x25-ANT	NX,RTA
edge_band_2	003	1_GREY_PVC	.5x25-GRY	NX,RTA
edge_band_2	004	1_DESERT_PVC	.5x25-DES	NX,RTA
edge_band_2	005	1_AUTUMN_PVC	.5x25-AUT	NX,RTA
edge_band_2	006	1_MAHOGANY_PVC	.5x25-MAH	NX,RTA
edge_band_2	007	1_SABLE_PVC	.5x25-SAB	NX,RTA
edge_band_2	008	1_BRONZE_PVC	.5x25-BRO	NX,RTA
edge_band_2	009	1_PEWTER_PVC	.5x25-PEW	NX,RTA
edge_band_2	010	1_MAPLE_PVC	.5x25-MAP	NX,RTA
edge_band_2	101	1_WHITE_PVC	.5x25-WHT	NX,RTA
edge_band_2	102	1_ANTIQUE_PVC	.5x25-ANT	NX,RTA
edge_band_2	103	1_GREY_PVC	.5x25-GRY	NX,RTA
edge_band_2	104	1_DESERT_PVC	.5x25-DES	NX,RTA
edge_band_2	105	1_AUTUMN_PVC	.5x25-AUT	NX,RTA
edge_band_2	106	1_MAHOGANY_PVC	.5x25-MAH	NX,RTA
edge_band_2	107	1_SABLE_PVC	.5x25-SAB	NX,RTA
edge_band_2	108	1_BRONZE_PVC	.5x25-BRO	NX,RTA
edge_band_2	109	1_PEWTER_PVC	.5x25-PEW	NX,RTA
edge_band_2	110	1_MAPLE_PVC	.5x25-MAP	NX,RTA
edge_band_2	901	1_WHITE_PVC	.5x25-WHT	NX,RTA
edge_band_2	902	1_ANTIQUE_PVC	.5x25-ANT	NX,RTA
edge_band_2	903	1_GREY_PVC	.5x25-GRY	NX,RTA
edge_band_2	904	1_DESERT_PVC	.5x25-DES	NX,RTA
edge_band_2	905	1_AUTUMN_PVC	.5x25-AUT	NX,RTA
edge_band_2	906	1_MAHOGANY_PVC	.5x25-MAH	NX,RTA
edge_band_2	907	1_SABLE_PVC	.5x25-SAB	NX,RTA
edge_band_2	908	1_BRONZE_PVC	.5x25-BRO	NX,RTA
edge_band_2	909	1_PEWTER_PVC	.5x25-PEW	NX,RTA
edge_band_2	910	1_MAPLE_PVC	.5x25-MAP	NX,RTA
material	001	3/4_WHITE-2S	19-WHT-2S	\N
material	002	3/4_AQ_WHITE-2S	19-ANT-2S	\N
material	003	3/4_FULK_GREY-2S	19-FOL-2S	\N
material	004	3/4_CARMEL_APPLE-2S	19-CAR-2S	\N
material	005	3/4_WILD_APPLE-2S	19-WIL-2S	\N
material	006	3/4_MAH_EXPESS-2S	19-MAH-2S	\N
material	007	3/4_CHOCOLATE_APPLE-2S	19-CHO-2S	\N
material	008	3/4_W/S_BRONZE-2S	19-BRO-2S	CL,HO
material	008	3/4_W/S_BRONZE/WHITE	19-BRO/WHT	NX,RTA
material	009	3/4_W/S_PEWTER-2S	19-PEW-2S	CL,HO
material	009	3/4_W/S_PEWTER/WHITE	19-PEW/WHT	NX,RTA
material	010	3/4_MAPLE-2S	19-MAP-2S	CL,HO
material	010	3/4_MAPLE/WHITE	19-MAP/WHT	NX,RTA
material	101	3/4_WHITE-2S	19-WHT-2S	\N
material	102	3/4_AQ_WHITE-2S	19-ANT-2S	\N
material	103	3/4_FULK_GREY-2S	19-FOL-2S	\N
material	104	3/4_CARMEL_APPLE-2S	19-CAR-2S	\N
material	105	3/4_WILD_APPLE-2S	19-WIL-2S	\N
material	106	3/4_MAH_EXPESS-2S	19-MAH-2S	\N
material	107	3/4_CHOCOLATE_APPLE-2S	19-CHO-2S	\N
material	108	3/4_W/S_BRONZE-2S	19-BRO-2S	CL,HO
material	108	3/4_W/S_BRONZE/WHITE	19-BRO/WHT	NX,RTA
material	109	3/4_W/S_PEWTER-2S	19-PEW-2S	CL,HO
material	109	3/4_W/S_PEWTER/WHITE	19-PEW/WHT	NX,RTA
material	110	3/4_MAPLE-2S	19-MAP-2S	CL,HO
material	110	3/4_MAPLE/WHITE	19-MAP/WHT	NX,RTA
material	901	3/4_WHITE-2S	19-WHT-2S	\N
material	902	3/4_AQ_WHITE-2S	19-ANT-2S	\N
material	903	3/4_FULK_GREY-2S	19-FOL-2S	\N
material	904	3/4_CARMEL_APPLE-2S	19-CAR-2S	\N
material	905	3/4_WILD_APPLE-2S	19-WIL-2S	\N
material	906	3/4_MAH_EXPESS-2S	19-MAH-2S	\N
material	907	3/4_CHOCOLATE_APPLE-2S	19-CHO-2S	\N
material	908	3/4_W/S_BRONZE-2S	19-BRO-2S	CL,HO
material	908	3/4_W/S_BRONZE/WHITE	19-BRO/WHT	NX,RTA
material	909	3/4_W/S_PEWTER-2S	19-PEW-2S	CL,HO
material	909	3/4_W/S_PEWTER/WHITE	19-PEW/WHT	NX,RTA
material	910	3/4_MAPLE-2S	19-MAP-2S	CL,HO
material	910	3/4_MAPLE/WHITE	19-MAP/WHT	NX,RTA
material	000	3/4_RAW_PB	19-RAW-2S	\N
\.


--
-- Data for Name: franchisee_addresses; Type: TABLE DATA; Schema: public; Owner: pg_orders
--

COPY franchisee_addresses (id, franchisee_id, address_id, address_type, created_at, updated_at) FROM stdin;
1	1	1	billing	2011-01-01 18:53:31.885848	2011-01-01 18:53:31.885848
2	2	3	billing	2011-01-01 18:53:32.010456	2011-01-01 18:53:32.010456
3	3	4	billing	2011-01-01 18:53:32.136151	2011-01-01 18:53:32.136151
4	4	6	billing	2011-01-01 18:53:32.323211	2011-01-01 18:53:32.323211
5	5	8	billing	2011-01-01 18:53:32.485098	2011-01-01 18:53:32.485098
6	6	9	billing	2011-01-01 18:53:32.61163	2011-01-01 18:53:32.61163
7	7	10	billing	2011-01-01 18:53:32.80438	2011-01-01 18:53:32.80438
9	9	13	billing	2011-01-01 18:53:33.052045	2011-01-01 18:53:33.052045
10	10	2	billing	2011-01-01 18:53:33.0668	2011-01-01 18:53:33.0668
11	11	14	billing	2011-01-01 18:53:33.191492	2011-01-01 18:53:33.191492
12	12	15	billing	2011-01-01 18:53:33.314971	2011-01-01 18:53:33.314971
13	13	16	billing	2011-01-01 18:53:33.4394	2011-01-01 18:53:33.4394
15	15	18	billing	2011-01-01 18:53:33.690698	2011-01-01 18:53:33.690698
16	16	19	billing	2011-01-01 18:53:33.820401	2011-01-01 18:53:33.820401
17	17	20	billing	2011-01-01 18:53:33.945796	2011-01-01 18:53:33.945796
18	18	21	billing	2011-01-01 18:53:34.16459	2011-01-01 18:53:34.16459
20	20	23	billing	2011-01-01 18:53:34.419633	2011-01-01 18:53:34.419633
21	21	24	billing	2011-01-01 18:53:34.585215	2011-01-01 18:53:34.585215
22	22	25	billing	2011-01-01 18:53:34.715604	2011-01-01 18:53:34.715604
23	23	27	billing	2011-01-01 18:53:34.904234	2011-01-01 18:53:34.904234
24	24	28	billing	2011-01-01 18:53:35.05757	2011-01-01 18:53:35.05757
25	25	30	billing	2011-01-01 18:53:35.182347	2011-01-01 18:53:35.182347
26	26	32	billing	2011-01-01 18:53:35.311241	2011-01-01 18:53:35.311241
27	27	34	billing	2011-01-01 18:53:35.434567	2011-01-01 18:53:35.434567
28	28	36	billing	2011-01-01 18:53:35.555273	2011-01-01 18:53:35.555273
14	14	17	Billing	2011-01-01 18:53:33.565495	2011-01-25 04:59:24.528423
29	6	37	Shipping	2011-01-27 18:26:30.516642	2011-01-27 18:26:30.516642
8	8	12	Billing	2011-01-01 18:53:32.929274	2011-02-07 15:16:09.507304
30	8	38	Shipping	2011-02-07 15:15:19.499871	2011-02-07 15:18:02.564258
31	31	39	Billing	2011-02-11 14:58:19.169577	2011-02-11 14:58:19.169577
32	32	40	Billing	2011-02-11 15:04:54.877723	2011-02-11 15:04:54.877723
33	33	41	Billing	2011-02-11 15:09:06.817853	2011-02-11 15:09:06.817853
34	34	42	Billing	2011-02-11 15:23:57.744618	2011-02-11 15:23:57.744618
35	35	43	Billing	2011-02-11 15:26:18.460588	2011-02-11 15:26:18.460588
19	19	22	Shipping	2011-01-01 18:53:34.294639	2011-02-11 15:29:12.114214
36	19	44	Billing	2011-02-11 15:29:36.496556	2011-02-11 15:29:36.496556
37	36	45	Billing	2011-02-11 15:32:08.347161	2011-02-11 15:32:08.347161
38	37	46	Billing	2011-02-11 15:35:17.231973	2011-02-11 15:35:17.231973
39	38	47	Billing	2011-02-11 15:38:44.327882	2011-02-11 15:38:44.327882
40	39	48	Billing	2011-02-11 15:41:39.664108	2011-02-11 15:41:39.664108
41	40	49	Billing	2011-02-11 15:44:49.823711	2011-02-11 15:44:49.823711
42	41	50	Billing	2011-02-11 15:46:09.897825	2011-02-11 15:46:09.897825
43	42	51	Billing	2011-02-11 15:48:31.706471	2011-02-11 15:48:31.706471
44	43	52	Billing	2011-02-11 15:51:08.951797	2011-02-11 15:51:08.951797
45	44	53	Billing	2011-02-11 15:53:41.011346	2011-02-11 15:53:41.011346
46	45	54	Billing	2011-02-11 16:00:54.233056	2011-02-11 16:00:54.233056
47	46	55	Billing	2011-02-11 16:04:45.637786	2011-02-11 16:04:45.637786
48	47	56	Billing	2011-02-11 16:07:33.971604	2011-02-11 16:07:33.971604
49	48	57	Billing	2011-02-11 16:09:59.919393	2011-02-11 16:09:59.919393
50	49	58	Billing	2011-02-11 16:12:31.387281	2011-02-11 16:12:31.387281
51	50	59	Billing	2011-02-11 16:15:07.280258	2011-02-11 16:15:07.280258
52	50	60	Shipping	2011-02-11 16:15:11.075474	2011-02-11 16:15:19.234546
53	51	61	Billing	2011-02-11 16:17:14.77723	2011-02-11 16:17:14.77723
54	52	62	Billing	2011-02-11 16:24:56.469627	2011-02-11 16:24:56.469627
55	53	63	Billing	2011-02-11 16:31:51.318756	2011-02-11 16:31:51.318756
56	54	64	Billing	2011-02-11 16:34:32.90571	2011-02-11 16:34:32.90571
57	30	65	Billing	2011-02-11 16:36:57.588022	2011-02-11 16:36:57.588022
58	55	66	Billing	2011-02-11 16:45:29.438699	2011-02-11 16:45:29.438699
59	56	67	Billing	2011-02-11 17:44:41.786029	2011-02-11 17:44:41.786029
60	57	68	Billing	2011-02-11 17:51:29.681044	2011-02-11 17:51:29.681044
61	58	69	Billing	2011-02-11 17:54:20.676942	2011-02-11 17:54:20.676942
62	59	70	Billing	2011-02-11 17:56:28.119194	2011-02-11 17:56:28.119194
63	4	71	Billing	2011-02-11 17:59:54.525194	2011-02-11 17:59:54.525194
64	60	72	Billing	2011-02-11 18:03:15.010307	2011-02-11 18:03:15.010307
65	61	73	Billing	2011-02-11 18:06:31.233159	2011-02-11 18:06:31.233159
66	62	74	Billing	2011-02-11 18:10:19.414683	2011-02-11 18:10:19.414683
67	63	75	Billing	2011-02-11 18:13:23.240705	2011-02-11 18:13:23.240705
68	64	76	Billing	2011-02-11 18:18:52.753418	2011-02-11 18:18:52.753418
69	65	77	Billing	2011-02-11 18:21:19.51605	2011-02-11 18:21:19.51605
70	66	78	Billing	2011-02-11 18:24:03.117635	2011-02-11 18:24:03.117635
71	66	79	Shipping	2011-02-11 18:24:06.713574	2011-02-11 18:24:30.48902
72	67	80	Billing	2011-02-11 18:27:30.291651	2011-02-11 18:27:30.291651
73	68	81	Billing	2011-02-11 19:17:59.570816	2011-02-11 19:17:59.570816
\.


--
-- Data for Name: franchisee_contacts; Type: TABLE DATA; Schema: public; Owner: pg_orders
--

COPY franchisee_contacts (id, franchisee_id, user_id, contact_type, created_at, updated_at) FROM stdin;
2	2	2	primary	2011-01-01 18:53:32.006987	2011-01-01 18:53:32.006987
16	17	16	primary	2011-01-01 18:53:33.941539	2011-01-01 18:53:33.941539
23	24	23	primary	2011-01-01 18:53:35.054096	2011-01-01 18:53:35.054096
27	28	27	primary	2011-01-01 18:53:35.551742	2011-01-01 18:53:35.551742
28	5	28	associate	2011-01-01 18:53:35.743284	2011-01-01 18:53:35.743284
29	4	29	associate	2011-01-01 18:53:35.89282	2011-01-01 18:53:35.89282
30	1	30	associate	2011-01-01 18:53:36.138022	2011-01-01 18:53:36.138022
32	8	32	associate	2011-01-01 18:53:36.377876	2011-01-01 18:53:36.377876
47	22	47	associate	2011-01-01 18:53:38.414116	2011-01-01 18:53:38.414116
48	25	48	associate	2011-01-01 18:53:38.550799	2011-01-01 18:53:38.550799
49	29	54	primary	2011-01-25 16:08:04.511578	2011-01-25 16:08:04.511578
59	8	8	\N	2011-01-27 00:32:32.70388	2011-01-27 00:32:32.70388
71	25	48	primary	2011-01-30 21:00:27.238055	2011-01-30 21:00:27.238055
73	6	31	\N	2011-01-30 21:09:00.193991	2011-01-30 21:09:00.193991
74	8	35	\N	2011-01-30 21:09:27.450864	2011-01-30 21:09:27.450864
77	5	5	\N	2011-02-04 05:01:07.470221	2011-02-04 05:01:07.470221
81	6	31	primary	2011-02-05 04:17:31.193561	2011-02-05 04:17:31.193561
83	5	5	primary	2011-02-05 04:18:19.800738	2011-02-05 04:18:19.800738
84	4	4	\N	2011-02-05 16:13:11.190011	2011-02-05 16:13:11.190011
86	12	60	\N	2011-02-06 04:13:30.017763	2011-02-06 04:13:30.017763
87	12	42	\N	2011-02-06 04:14:22.544752	2011-02-06 04:14:22.544752
89	29	55	\N	2011-02-07 15:20:02.24267	2011-02-07 15:20:02.24267
90	10	36	\N	2011-02-08 02:51:49.108079	2011-02-08 02:51:49.108079
80	8	42	primary	2011-02-05 03:50:37.429068	2011-02-08 15:14:37.602105
94	4	4	primary	2011-02-08 22:21:30.110821	2011-02-08 22:21:30.110821
95	10	36	primary	2011-02-08 22:23:21.477105	2011-02-08 22:23:21.477105
97	8	40	\N	2011-02-09 19:59:50.436634	2011-02-09 19:59:50.436634
98	8	53	\N	2011-02-10 19:43:05.852138	2011-02-10 19:43:05.852138
100	31	63	\N	2011-02-11 14:59:30.897798	2011-02-11 14:59:30.897798
99	31	63	primary	2011-02-11 14:58:23.658091	2011-02-11 14:59:49.094409
101	7	7	\N	2011-02-11 15:00:35.396656	2011-02-11 15:00:35.396656
102	7	7	primary	2011-02-11 15:01:02.540599	2011-02-11 15:01:02.540599
103	15	44	\N	2011-02-11 15:02:38.407843	2011-02-11 15:02:38.407843
104	15	44	primary	2011-02-11 15:03:11.56331	2011-02-11 15:03:11.56331
105	32	23	primary	2011-02-11 15:04:56.363822	2011-02-11 15:05:19.830154
107	8	58	\N	2011-02-11 15:06:13.229391	2011-02-11 15:06:13.229391
109	33	64	\N	2011-02-11 15:09:59.392147	2011-02-11 15:09:59.392147
108	33	64	primary	2011-02-11 15:09:08.070025	2011-02-11 15:10:18.290352
110	1	1	\N	2011-02-11 15:13:37.228463	2011-02-11 15:13:37.228463
111	1	1	primary	2011-02-11 15:14:20.991006	2011-02-11 15:14:20.991006
112	9	9	\N	2011-02-11 15:18:03.1984	2011-02-11 15:18:03.1984
152	49	78	\N	2011-02-11 16:13:15.346118	2011-02-11 16:13:15.346118
115	35	65	\N	2011-02-11 15:27:04.764206	2011-02-11 15:27:04.764206
114	35	65	primary	2011-02-11 15:26:19.968913	2011-02-11 15:27:20.27422
116	19	18	\N	2011-02-11 15:28:40.882483	2011-02-11 15:28:40.882483
117	19	18	primary	2011-02-11 15:29:38.985592	2011-02-11 15:29:38.985592
118	36	36	primary	2011-02-11 15:32:10.196311	2011-02-11 15:32:10.196311
119	36	66	\N	2011-02-11 15:33:26.770485	2011-02-11 15:33:26.770485
121	37	67	\N	2011-02-11 15:36:07.895335	2011-02-11 15:36:07.895335
120	37	67	primary	2011-02-11 15:35:18.736649	2011-02-11 15:36:27.517253
122	23	22	\N	2011-02-11 15:37:35.465655	2011-02-11 15:37:35.465655
124	38	68	\N	2011-02-11 15:40:12.329739	2011-02-11 15:40:12.329739
123	38	68	primary	2011-02-11 15:38:46.205331	2011-02-11 15:40:30.428054
126	27	26	\N	2011-02-11 15:42:17.594723	2011-02-11 15:42:17.594723
125	39	26	primary	2011-02-11 15:41:41.323719	2011-02-11 15:42:32.207356
127	40	69	\N	2011-02-11 15:44:13.58663	2011-02-11 15:44:13.58663
128	40	69	primary	2011-02-11 15:44:51.347931	2011-02-11 15:44:51.347931
130	41	70	\N	2011-02-11 15:47:02.043256	2011-02-11 15:47:02.043256
129	41	70	primary	2011-02-11 15:46:11.258135	2011-02-11 15:47:18.514215
132	42	71	\N	2011-02-11 15:49:15.887791	2011-02-11 15:49:15.887791
133	16	15	\N	2011-02-11 15:50:01.201586	2011-02-11 15:50:01.201586
135	43	72	\N	2011-02-11 15:52:08.137106	2011-02-11 15:52:08.137106
134	43	72	primary	2011-02-11 15:51:11.776242	2011-02-11 15:52:23.319981
137	44	73	\N	2011-02-11 15:54:37.107109	2011-02-11 15:54:37.107109
136	44	73	primary	2011-02-11 15:53:42.737239	2011-02-11 15:54:51.115087
138	16	15	primary	2011-02-11 15:55:15.574295	2011-02-11 15:55:15.574295
139	23	22	primary	2011-02-11 15:55:32.908703	2011-02-11 15:55:32.908703
140	9	9	primary	2011-02-11 15:55:57.480088	2011-02-11 15:55:57.480088
113	34	36	primary	2011-02-11 15:23:58.855737	2011-02-11 15:56:41.534313
141	27	26	primary	2011-02-11 15:57:23.154751	2011-02-11 15:57:23.154751
143	45	74	\N	2011-02-11 16:01:44.050305	2011-02-11 16:01:44.050305
142	45	74	primary	2011-02-11 16:00:55.776572	2011-02-11 16:01:58.578935
144	12	11	\N	2011-02-11 16:03:31.942229	2011-02-11 16:03:31.942229
146	46	75	\N	2011-02-11 16:05:54.090936	2011-02-11 16:05:54.090936
145	46	75	primary	2011-02-11 16:05:05.425463	2011-02-11 16:06:10.366723
148	47	76	\N	2011-02-11 16:08:35.189137	2011-02-11 16:08:35.189137
147	47	76	primary	2011-02-11 16:07:35.667118	2011-02-11 16:08:48.587178
150	48	77	\N	2011-02-11 16:10:55.10636	2011-02-11 16:10:55.10636
149	48	77	primary	2011-02-11 16:10:02.202167	2011-02-11 16:11:22.342396
151	49	78	primary	2011-02-11 16:12:33.087248	2011-02-11 16:13:28.550566
153	50	36	primary	2011-02-11 16:15:12.460927	2011-02-11 16:15:12.460927
154	50	79	\N	2011-02-11 16:16:07.736558	2011-02-11 16:16:07.736558
156	51	80	\N	2011-02-11 16:17:59.998717	2011-02-11 16:17:59.998717
155	51	80	primary	2011-02-11 16:17:17.153582	2011-02-11 16:18:13.555578
131	42	71	primary	2011-02-11 15:48:33.347195	2011-02-11 16:18:27.844228
157	18	17	\N	2011-02-11 16:21:23.513302	2011-02-11 16:21:23.513302
158	22	46	\N	2011-02-11 16:23:31.165545	2011-02-11 16:23:31.165545
160	52	81	\N	2011-02-11 16:25:49.355349	2011-02-11 16:25:49.355349
159	52	81	primary	2011-02-11 16:24:58.231052	2011-02-11 16:26:04.823472
161	18	17	primary	2011-02-11 16:26:24.25987	2011-02-11 16:26:24.25987
162	22	46	primary	2011-02-11 16:26:37.104541	2011-02-11 16:26:37.104541
163	12	11	primary	2011-02-11 16:26:51.813152	2011-02-11 16:26:51.813152
165	53	82	\N	2011-02-11 16:32:45.617969	2011-02-11 16:32:45.617969
164	53	82	primary	2011-02-11 16:31:52.459859	2011-02-11 16:33:01.658356
167	54	83	\N	2011-02-11 16:35:12.748474	2011-02-11 16:35:12.748474
166	54	83	primary	2011-02-11 16:34:34.391473	2011-02-11 16:35:30.112217
168	30	62	\N	2011-02-11 16:36:29.249145	2011-02-11 16:36:29.249145
169	30	62	primary	2011-02-11 16:36:58.709046	2011-02-11 16:36:58.709046
170	26	25	\N	2011-02-11 16:41:57.493128	2011-02-11 16:41:57.493128
171	11	10	\N	2011-02-11 16:43:30.464722	2011-02-11 16:43:30.464722
172	26	25	primary	2011-02-11 16:44:27.245078	2011-02-11 16:44:27.245078
173	55	36	primary	2011-02-11 16:45:31.228453	2011-02-11 16:45:31.228453
174	14	13	\N	2011-02-11 16:46:32.797219	2011-02-11 16:46:32.797219
175	11	10	primary	2011-02-11 16:47:52.414298	2011-02-11 16:47:52.414298
176	13	12	\N	2011-02-11 17:23:08.135447	2011-02-11 17:23:08.135447
177	13	12	primary	2011-02-11 17:23:32.776381	2011-02-11 17:23:32.776381
178	3	3	\N	2011-02-11 17:39:58.168365	2011-02-11 17:39:58.168365
180	56	84	\N	2011-02-11 17:45:25.583117	2011-02-11 17:45:25.583117
179	56	84	primary	2011-02-11 17:44:43.86304	2011-02-11 17:45:44.718222
181	8	51	\N	2011-02-11 17:47:46.191931	2011-02-11 17:47:46.191931
184	20	19	\N	2011-02-11 17:49:48.266787	2011-02-11 17:49:48.266787
185	20	45	\N	2011-02-11 17:50:16.88018	2011-02-11 17:50:16.88018
187	57	85	\N	2011-02-11 17:52:17.374355	2011-02-11 17:52:17.374355
186	57	85	primary	2011-02-11 17:51:31.141348	2011-02-11 17:52:33.404152
189	58	86	\N	2011-02-11 17:55:15.231986	2011-02-11 17:55:15.231986
188	58	86	primary	2011-02-11 17:54:20.700433	2011-02-11 17:55:33.233869
191	59	87	\N	2011-02-11 17:57:13.681267	2011-02-11 17:57:13.681267
190	59	87	primary	2011-02-11 17:56:29.758643	2011-02-11 17:57:34.907104
192	21	20	\N	2011-02-11 17:58:42.008575	2011-02-11 17:58:42.008575
194	60	88	\N	2011-02-11 18:03:58.2274	2011-02-11 18:03:58.2274
193	60	88	primary	2011-02-11 18:03:16.714802	2011-02-11 18:04:12.708481
196	8	89	\N	2011-02-11 18:07:39.513232	2011-02-11 18:07:39.513232
197	61	90	\N	2011-02-11 18:08:22.865221	2011-02-11 18:08:22.865221
195	61	90	primary	2011-02-11 18:06:32.546078	2011-02-11 18:08:40.402061
199	62	91	\N	2011-02-11 18:11:12.171551	2011-02-11 18:11:12.171551
198	62	91	primary	2011-02-11 18:10:21.118812	2011-02-11 18:11:32.871709
201	63	92	\N	2011-02-11 18:17:00.137011	2011-02-11 18:17:00.137011
200	63	92	primary	2011-02-11 18:13:24.523933	2011-02-11 18:17:27.662467
203	64	93	\N	2011-02-11 18:19:32.785945	2011-02-11 18:19:32.785945
202	64	93	primary	2011-02-11 18:18:53.985184	2011-02-11 18:19:50.464735
205	65	57	\N	2011-02-11 18:21:54.719729	2011-02-11 18:21:54.719729
204	65	57	primary	2011-02-11 18:21:21.109282	2011-02-11 18:22:16.405674
207	66	94	\N	2011-02-11 18:25:32.260586	2011-02-11 18:25:32.260586
206	66	94	primary	2011-02-11 18:24:09.367709	2011-02-11 18:25:47.526266
210	67	95	\N	2011-02-11 18:31:33.839193	2011-02-11 18:31:33.839193
211	67	95	primary	2011-02-11 18:31:51.914643	2011-02-11 18:31:51.914643
212	3	3	primary	2011-02-11 19:02:04.28534	2011-02-11 19:02:04.28534
213	20	19	primary	2011-02-11 19:04:02.903243	2011-02-11 19:04:02.903243
214	21	20	primary	2011-02-11 19:04:58.87972	2011-02-11 19:04:58.87972
215	14	13	primary	2011-02-11 19:05:12.074819	2011-02-11 19:05:12.074819
216	68	89	primary	2011-02-11 19:18:02.389418	2011-02-11 19:18:02.389418
217	8	59	\N	2011-02-11 21:38:46.362443	2011-02-11 21:38:46.362443
218	8	34	\N	2011-02-12 16:05:21.610048	2011-02-12 16:05:21.610048
\.


--
-- Data for Name: franchisees; Type: TABLE DATA; Schema: public; Owner: pg_orders
--

COPY franchisees (id, franchise_name, phone, fax, website, margin_cabinets, margin_accessoried, margin_flooring, job_number_prefix, variance_max, variance_min, created_at, updated_at, credit_status, notes) FROM stdin;
29	Test Franchise	222-222-2222			\N	\N	\N	\N	\N	\N	2011-01-25 16:02:45.149442	2011-01-25 16:02:45.149442	Green	\N
5	TL of Reston VA	(703) 707-0009	(703) 889-5133		\N	\N	\N	\N	\N	\N	2011-01-01 18:53:32.372543	2011-01-30 20:51:51.551945	Green	\N
50	TL of West Orange	(201)487-8989	(201)487-8980		\N	\N	\N	\N	\N	\N	2011-02-11 16:14:37.609877	2011-02-11 16:14:37.609877	Green	
51	TL of New Brunswick	(732)710-7426			\N	\N	\N	\N	\N	\N	2011-02-11 16:16:48.58574	2011-02-11 16:16:48.58574	Green	
24	TL of California Central Coast	(805) 462-8133	(805) 466-4642		\N	\N	\N	\N	\N	\N	2011-01-01 18:53:34.945888	2011-01-30 20:53:43.500382	Green	\N
18	TL of Ottawa ON	(613) 256-9898			\N	\N	\N	\N	\N	\N	2011-01-01 18:53:33.95761	2011-02-11 16:21:01.0769	Green	other phone: (613)225-5218
34	Z DELETE	(972)740-9944	(972)767-4301		\N	\N	\N	\N	\N	\N	2011-02-11 15:23:22.299328	2011-02-11 16:21:59.160904	Green	
63	PG of Central NJPA	604-464-1999		604-357-1073	\N	\N	\N	\N	\N	\N	2011-02-11 18:12:27.014462	2011-02-11 18:12:27.014462	Green	
33	TL of The Bay Area	(650)286-9676	(650)286-9690	http://www.bayareagarageflooring.com/	\N	\N	\N	\N	\N	\N	2011-02-11 15:08:43.573542	2011-02-11 15:11:02.000232	Green	
28	TL of Dallas	(972) 247-3030			\N	\N	\N	\N	\N	\N	2011-01-01 18:53:35.445567	2011-02-11 16:22:17.679232	Green	
52	TL of The Low Country	(843)645-2411	(843)645-2411		\N	\N	\N	\N	\N	\N	2011-02-11 16:24:21.344585	2011-02-11 16:24:21.344585	Green	
13	TL of North Houston	(281) 292-3346	(281 292-3300		\N	\N	\N	\N	\N	\N	2011-01-01 18:53:33.327735	2011-02-11 17:46:12.877965	Green	
22	TL of Portland OR	(503) 390-0522			\N	\N	\N	\N	\N	\N	2011-01-01 18:53:34.600409	2011-02-11 16:26:37.099802	Green	
4	TL of Madison	(608) 318-1667	(608) 318-0665		\N	\N	\N	\N	\N	\N	2011-01-01 18:53:32.15076	2011-02-11 18:01:06.437083	Green	Billing: PO Box 383\tSun Praire\tWI\t53590
1	TL of Orange	(714) 637-2100	(714) 637-1400		\N	\N	\N	\N	\N	\N	2011-01-01 18:53:31.726499	2011-02-11 17:46:26.677237	Green	
20	TL of Orange County	(949) 297-3951	(949) 297-3953		\N	\N	\N	\N	\N	\N	2011-01-01 18:53:34.307223	2011-02-11 17:49:20.653192	Green	
21	TL of Southeast Wisconsin	(262) 633-8850	(262) 866-2093		\N	\N	\N	\N	\N	\N	2011-01-01 18:53:34.432099	2011-02-11 19:04:58.875244	Green	
17	TL of San Diego CA	(760) 931-1160	(760) 931-1105		\N	\N	\N	\N	\N	\N	2011-01-01 18:53:33.832797	2011-01-30 20:58:13.884264	Green	\N
60	PG of Southwest Florida	(239) 949-5584	(239) 949-9923		\N	\N	\N	\N	\N	\N	2011-02-11 18:02:10.916813	2011-02-11 18:02:10.916813	Green	
68	Z test	555-555-5555			\N	\N	\N	\N	\N	\N	2011-02-11 19:17:24.961239	2011-02-11 19:17:24.961239	Green	
25	TL of Southern Alberta	(403) 315-0323	(403) 257-5012		\N	\N	\N	\N	\N	\N	2011-01-01 18:53:35.072395	2011-01-30 21:00:27.233167	Green	\N
53	TL of Knoxville	(865)947-8686			\N	\N	\N	\N	\N	\N	2011-02-11 16:31:27.046586	2011-02-11 16:31:27.046586	Green	
2	TL of Kelowna	(250) 452-9575	(250) 764-9576		\N	\N	\N	\N	\N	\N	2011-01-01 18:53:31.89999	2011-02-11 16:33:13.202599	Green	
54	TL of Nashville	(615)255-1847	(615)255-1851		\N	\N	\N	\N	\N	\N	2011-02-11 16:34:10.164309	2011-02-11 16:34:10.164309	Green	
12	TL of St Louis	(636) 728-0333	(314)434-1976		\N	\N	\N	\N	\N	\N	2011-01-01 18:53:33.204346	2011-02-11 15:14:49.434996	Green	
14	TL of South Houston	(713) 996-8510	(713) 996-8511		\N	\N	\N	\N	\N	\N	2011-01-01 18:53:33.450848	2011-02-11 15:15:21.800969	Green	
6	TL of Greater Edmonton	(780) 444-4495	(780) 444-4344		\N	\N	\N	\N	\N	\N	2011-01-01 18:53:32.499349	2011-01-30 21:08:40.308418	Green	\N
7	TL of Scottsdale	(480) 298-5200	(480) 614-9414		\N	\N	\N	\N	\N	\N	2011-01-01 18:53:32.625778	2011-02-11 15:15:34.103668	Green	
9	TL of Allen	(972) 740-9944	(972) 767-4301		\N	\N	\N	\N	\N	\N	2011-01-01 18:53:32.94136	2011-02-11 15:15:44.503488	Green	
8	PG Corporate	(480) 483-3030	(480) 483-7895		\N	\N	\N	\N	\N	\N	2011-01-01 18:53:32.816812	2011-02-08 15:14:37.597321	Green	
61	PG of Charlotte	704-561-3334	704-561-3332		\N	\N	\N	\N	\N	\N	2011-02-11 18:06:08.435807	2011-02-11 18:06:08.435807	Green	
10	TL Corporate	(714) 637-2100			\N	\N	\N	\N	\N	\N	2011-01-01 18:53:33.060145	2011-02-08 22:23:21.472692	Green	
31	TL of Birmingham	(205) 956-3939	(205) 956-3939		\N	\N	\N	\N	\N	\N	2011-02-11 14:57:49.93908	2011-02-11 14:57:49.93908	Green	
30	TL of Boston	(602) 373-0110			\N	\N	\N	\N	\N	\N	2011-02-09 05:14:45.050269	2011-02-11 16:36:58.703988	Green	
15	TL of Vancouver Island BC	(866) 947-9427	(250)947-9428		\N	\N	\N	\N	\N	\N	2011-01-01 18:53:33.578432	2011-02-11 15:03:11.558448	Green	
32	TL of San Luis Obispo	(805) 462-8133	(805) 466-4642		\N	\N	\N	\N	\N	\N	2011-02-11 15:04:25.802783	2011-02-11 15:04:25.802783	Green	
11	TL of Austin	(512) 918-9911	(512) 986-5892		\N	\N	\N	\N	\N	\N	2011-01-01 18:53:33.077926	2011-02-11 15:15:55.430983	Green	
26	TL of Chattanooga	(423) 517-0303	(423) 517-0531		\N	\N	\N	\N	\N	\N	2011-01-01 18:53:35.197485	2011-02-11 15:16:04.178858	Green	
35	TL of Ventura	(805)988-0900	(805)988-0020		\N	\N	\N	\N	\N	\N	2011-02-11 15:25:53.346899	2011-02-11 15:25:53.346899	Green	
19	TL of Coachella Valley	(760) 320-1914			\N	\N	\N	\N	\N	\N	2011-01-01 18:53:34.180322	2011-02-11 15:30:21.285906	Green	need to verify which address is correct. TL database has Palm Desert, so that's probably the right one.
36	TL of Riverside	(951)653-7510			\N	\N	\N	\N	\N	\N	2011-02-11 15:31:43.108665	2011-02-11 15:31:43.108665	Green	
37	TL of San Francisco	(707)545-9794	(707)571-8950		\N	\N	\N	\N	\N	\N	2011-02-11 15:34:51.061004	2011-02-11 15:34:51.061004	Green	
23	TL of Northeast Florida	(904) 645-0885	(904)645-0875		\N	\N	\N	\N	\N	\N	2011-01-01 18:53:34.727786	2011-02-11 15:37:09.783566	Green	
38	TL of Tampa	(813)909-2957	(813)909-2967		\N	\N	\N	\N	\N	\N	2011-02-11 15:38:17.357222	2011-02-11 15:38:17.357222	Green	
39	TL of Boise	(208)737-4657	(208)733-6768		\N	\N	\N	\N	\N	\N	2011-02-11 15:41:11.209596	2011-02-11 15:41:11.209596	Green	
40	TL of Chicagoland	(630)289-7760			\N	\N	\N	\N	\N	\N	2011-02-11 15:43:26.484244	2011-02-11 15:43:26.484244	Green	
41	TL of Indianapolis	(317)842-4272			\N	\N	\N	\N	\N	\N	2011-02-11 15:45:43.680366	2011-02-11 15:45:43.680366	Green	
42	TL of Lexington	(859)881-0760			\N	\N	\N	\N	\N	\N	2011-02-11 15:48:06.563615	2011-02-11 15:48:06.563615	Green	
43	TL of Lake Charles	(337)564-0322	(337)564-0323		\N	\N	\N	\N	\N	\N	2011-02-11 15:50:38.411687	2011-02-11 15:50:38.411687	Green	
44	TL of Novi	(248)669-8900			\N	\N	\N	\N	\N	\N	2011-02-11 15:53:08.453727	2011-02-11 15:53:08.453727	Green	
16	TL of Northern Kentucky	(859) 866-8266	(859) 488-0079		\N	\N	\N	\N	\N	\N	2011-01-01 18:53:33.705946	2011-02-11 15:55:15.568453	Green	
27	TL of Southern Idaho	(208) 737-4657	(208) 733-6768		\N	\N	\N	\N	\N	\N	2011-01-01 18:53:35.325002	2011-02-11 15:57:23.149861	Green	
45	TL of Plymouth	(651)454-1315	(651)454-1336		\N	\N	\N	\N	\N	\N	2011-02-11 16:00:28.31933	2011-02-11 16:00:28.31933	Green	
46	TL of St Charles County	(636)300-0015	(636)300-0017		\N	\N	\N	\N	\N	\N	2011-02-11 16:04:21.782009	2011-02-11 16:05:05.420825	Green	need address info
47	TL of Charlotte	(704)799-6679	(828)726-8453		\N	\N	\N	\N	\N	\N	2011-02-11 16:07:11.172672	2011-02-11 16:07:11.172672	Green	
48	TL of The Sandhills	(910)246-0150	(910)692-4958		\N	\N	\N	\N	\N	\N	2011-02-11 16:09:28.62825	2011-02-11 16:09:28.62825	Green	
49	TL of Fargo	(701)281-0558	(701)281-0568		\N	\N	\N	\N	\N	\N	2011-02-11 16:12:03.233365	2011-02-11 16:12:03.233365	Green	
55	Z DELETE	(713)996-8510	(713)996-8511		\N	\N	\N	\N	\N	\N	2011-02-11 16:45:01.677153	2011-02-11 16:46:57.877	Green	
62	PG of Vancouver	604-464-1999	604-357-1073		\N	\N	\N	\N	\N	\N	2011-02-11 18:09:57.316106	2011-02-11 18:09:57.316106	Green	
56	TL of Richmond	(804)355-1595			\N	\N	\N	\N	\N	\N	2011-02-11 17:44:12.943077	2011-02-11 17:44:12.943077	Green	
57	TL of Gig Harbor	(253)853-1855			\N	\N	\N	\N	\N	\N	2011-02-11 17:51:03.562235	2011-02-11 17:51:03.562235	Green	
58	TL of Waukesha, Washington & Ozaukee Counties	(262)250-7575	(262)364-2096		\N	\N	\N	\N	\N	\N	2011-02-11 17:53:51.32744	2011-02-11 17:53:51.32744	Green	
59	TL of Dane, Iowa, & Sauk Counties	(608)630-0246			\N	\N	\N	\N	\N	\N	2011-02-11 17:56:02.347369	2011-02-11 17:56:02.347369	Green	
64	PG of Delaware Valley	888-542-1221	410-569-9646		\N	\N	\N	\N	\N	\N	2011-02-11 18:18:29.209033	2011-02-11 18:18:29.209033	Green	
65	TL of Phoenix	480-483-3030		480-483-7895	\N	\N	\N	\N	\N	\N	2011-02-11 18:20:57.147679	2011-02-11 18:20:57.147679	Green	
66	TL of Miami Beach	(954) 797-9275	(954) 797-9726		\N	\N	\N	\N	\N	\N	2011-02-11 18:23:26.554021	2011-02-11 18:23:26.554021	Green	
67	TL of Western Carolina	864-295-4100	864-295-9642		\N	\N	\N	\N	\N	\N	2011-02-11 18:27:03.666661	2011-02-11 18:27:03.666661	Green	
3	TL of Puyallup WA	(253) 261-4253	(253) 447-4575		\N	\N	\N	\N	\N	\N	2011-01-01 18:53:32.024482	2011-02-11 19:02:04.280514	Green	
\.


--
-- Data for Name: item_component_properties; Type: TABLE DATA; Schema: public; Owner: pg_orders
--

COPY item_component_properties (id, item_component_id, property_id, qualifier) FROM stdin;
2	2	9	front
3	8	9	front
221	213	9	top
222	213	9	bottom
223	213	9	front
7	16	9	front
229	218	9	front
11	21	9	front
237	237	9	top
238	237	9	bottom
239	237	9	front
15	34	9	front
240	238	9	front
241	243	9	front
244	247	9	front
21	43	9	front
22	44	9	top
23	44	9	bottom
24	44	9	front
25	45	9	front
26	46	9	front
252	252	79	\N
34	51	9	front
35	54	9	front
36	56	9	front
37	58	9	front
39	61	9	front
260	256	77	\N
261	257	79	\N
48	77	31	front
50	79	31	front
51	81	31	front
52	86	9	top
53	86	9	bottom
54	86	9	front
56	88	9	front
62	95	31	front
66	98	9	top
67	98	9	bottom
68	98	9	front
71	104	31	front
72	106	31	front
73	108	31	front
74	110	31	front
75	95	33	\N
76	98	33	\N
79	88	10	\N
294	233	66	\N
295	265	87	\N
297	267	88	\N
88	122	33	\N
89	124	33	\N
298	253	77	\N
299	255	77	\N
304	269	80	\N
305	270	80	\N
96	126	33	\N
97	127	33	\N
306	272	90	\N
307	273	91	\N
100	128	33	\N
101	129	33	\N
308	274	91	\N
309	275	92	\N
104	130	33	\N
311	289	93	\N
106	131	33	\N
312	290	94	\N
108	132	33	\N
109	132	10	\N
110	133	33	\N
111	133	10	\N
112	6	9	front
113	2	10	\N
114	1	35	\N
115	4	11	\N
116	134	50	\N
117	135	50	\N
313	283	9	front
314	282	9	top
126	86	44	\N
127	89	11	\N
128	138	9	top
129	138	9	bottom
130	138	9	front
131	138	44	\N
132	139	9	front
133	139	10	\N
315	282	9	bottom
316	282	9	front
138	8	34	\N
139	16	34	\N
140	21	34	\N
144	51	34	\N
147	58	34	\N
148	61	34	\N
152	142	33	\N
153	142	34	\N
154	95	44	\N
155	98	44	\N
324	300	95	\N
325	301	91	\N
326	302	91	\N
327	303	79	\N
160	126	44	\N
161	127	44	\N
162	127	9	front
163	127	9	front
328	306	73	\N
165	126	9	top
166	126	9	bottom
167	126	9	front
168	145	33	\N
169	145	31	front
170	145	34	\N
171	128	9	top
172	128	9	bottom
173	128	9	front
174	128	44	\N
175	129	31	front
176	129	44	\N
177	146	33	\N
178	146	31	front
179	146	34	\N
329	307	79	\N
181	130	9	top
182	130	9	bottom
183	130	9	front
184	130	44	\N
185	131	31	front
331	310	96	\N
187	131	44	\N
188	147	33	\N
189	147	31	front
332	312	73	\N
333	314	97	\N
334	315	97	\N
336	376	9	front
341	387	81	\N
343	392	97	\N
344	393	9	top
345	393	9	bottom
346	393	9	front
354	404	81	\N
357	430	81	\N
361	435	81	\N
362	436	81	\N
363	437	81	\N
365	439	97	\N
369	108	98	\N
374	79	100	\N
391	77	100	\N
392	234	51	\N
395	81	100	\N
400	213	68	\N
401	227	84	\N
404	307	103	\N
190	147	34	\N
226	217	9	top
227	217	9	bottom
194	104	34	\N
411	242	10	\N
198	151	31	front
200	152	31	front
414	237	51	\N
228	217	9	front
415	238	51	\N
416	243	51	\N
205	183	9	front
206	183	44	\N
417	247	51	\N
232	229	32	front
233	231	9	top
210	202	9	top
234	231	9	bottom
212	202	9	bottom
213	202	9	front
235	231	9	front
236	232	32	front
418	241	10	\N
218	206	9	front
246	214	10	\N
248	215	50	\N
249	251	77	\N
256	1	9	top
257	1	9	bottom
258	1	9	front
264	258	81	\N
265	259	81	\N
425	280	50	\N
428	279	50	\N
430	43	84	\N
296	266	88	\N
300	268	89	\N
303	271	79	\N
310	288	93	\N
317	277	9	top
318	277	9	bottom
319	277	9	front
321	294	93	\N
322	295	93	\N
323	296	94	\N
330	309	73	\N
338	389	97	\N
339	390	97	\N
340	386	81	\N
342	391	97	\N
347	394	9	rear
348	394	9	front
349	395	9	rear
350	395	9	front
351	396	9	rear
352	396	9	front
353	403	81	\N
358	431	81	\N
359	432	97	\N
360	433	97	\N
364	438	81	\N
366	440	97	\N
367	151	98	\N
368	152	98	\N
370	110	98	\N
433	6	34	\N
434	54	100	\N
373	106	100	\N
375	227	32	front
440	278	9	front
441	278	34	\N
443	232	84	\N
444	231	84	\N
402	151	100	\N
405	152	100	\N
406	108	100	\N
407	110	100	\N
452	209	51	\N
453	208	51	\N
455	202	36	\N
456	206	36	\N
459	207	68	\N
460	56	100	\N
461	44	36	\N
462	45	36	\N
464	441	9	front
465	441	51	\N
467	276	51	\N
468	47	68	\N
469	46	36	\N
470	376	100	\N
471	34	100	\N
472	393	51	\N
473	394	36	\N
474	395	51	\N
475	396	36	\N
478	442	9	front
479	442	100	\N
480	444	9	front
481	444	100	\N
482	445	33	\N
483	446	33	\N
489	445	9	front
490	446	9	top
491	446	9	bottom
492	446	9	front
496	446	84	\N
497	445	84	\N
498	122	9	front
499	122	84	\N
500	124	9	top
501	124	9	bottom
502	124	9	front
503	124	84	\N
504	132	9	top
505	132	9	bottom
506	132	9	front
507	133	9	front
\.


--
-- Data for Name: item_components; Type: TABLE DATA; Schema: public; Owner: pg_orders
--

COPY item_components (id, item_id, component_id, quantity, type, created_at, updated_at, context_names) FROM stdin;
1	550	547	2	ShellVerticalPanel	2011-01-01 22:36:44.078311	2011-01-01 22:36:44.078311	\N
2	550	547	2	ShellHorizontalPanel	2011-01-01 22:42:55.270248	2011-01-01 22:42:55.270248	\N
4	550	549	1	ShellBackPanel	2011-01-01 22:43:52.229562	2011-01-01 22:43:52.229562	\N
6	537	551	1	CabinetShelf	2011-01-01 22:48:51.716784	2011-01-01 22:48:51.716784	\N
8	538	551	1	CabinetShelf	2011-01-01 23:26:36.233991	2011-01-01 23:26:36.233991	\N
202	622	547	2	ShellVerticalPanel	2011-01-12 15:38:34.817942	2011-01-12 15:38:34.817942	\N
16	542	551	1	CabinetShelf	2011-01-01 23:49:48.636203	2011-01-01 23:49:48.636203	\N
208	622	584	3	ShellHorizontalPanel	2011-01-12 16:57:06.236265	2011-01-12 16:57:06.236265	\N
209	622	596	1	ShellHorizontalPanel	2011-01-12 17:10:41.427587	2011-01-12 17:10:41.427587	\N
21	543	551	1	CabinetShelf	2011-01-01 23:53:47.094436	2011-01-01 23:53:47.094436	\N
215	556	624	1	ShellBackPanel	2011-01-12 19:46:31.491018	2011-01-12 19:46:31.491018	\N
220	557	584	3	ShellHorizontalPanel	2011-01-12 20:26:51.122614	2011-01-12 20:26:51.122614	\N
34	514	551	5	CabinetShelf	2011-01-02 00:18:16.452983	2011-01-02 00:18:16.452983	\N
237	626	547	2	ShellVerticalPanel	2011-01-12 22:50:04.665706	2011-01-12 22:50:04.665706	\N
238	626	547	1	ShellHorizontalPanel	2011-01-12 22:50:34.639733	2011-01-12 22:50:34.639733	\N
241	626	549	1	ShellBackPanel	2011-01-12 22:52:41.311925	2011-01-12 22:52:41.311925	\N
242	626	584	2	ShellHorizontalPanel	2011-01-12 22:53:20.599387	2011-01-12 22:53:20.599387	\N
43	508	551	3	CabinetShelf	2011-01-02 00:24:59.289507	2011-01-02 00:24:59.289507	\N
44	552	547	2	ShellVerticalPanel	2011-01-02 00:28:51.786203	2011-01-02 00:28:51.786203	\N
45	552	547	1	ShellVerticalPanel	2011-01-02 00:50:05.788443	2011-01-02 00:50:05.788443	\N
46	552	547	2	ShellHorizontalPanel	2011-01-02 00:51:08.841432	2011-01-02 00:51:08.841432	\N
47	552	549	1	ShellBackPanel	2011-01-02 00:51:45.736962	2011-01-02 00:51:45.736962	\N
48	515	552	1	CabinetShell	2011-01-02 03:11:13.526129	2011-01-02 03:11:13.526129	\N
51	509	551	3	CabinetShelf	2011-01-02 03:15:11.481735	2011-01-02 03:15:11.481735	\N
54	510	551	4	CabinetShelf	2011-01-02 03:20:13.595447	2011-01-02 03:20:13.595447	\N
56	511	551	4	CabinetShelf	2011-01-02 03:21:40.312695	2011-01-02 03:21:40.312695	\N
57	505	550	1	CabinetShell	2011-01-02 03:24:20.964221	2011-01-02 03:24:20.964221	\N
58	505	551	2	CabinetShelf	2011-01-02 03:24:45.09618	2011-01-02 03:24:45.09618	\N
243	626	596	1	ShellHorizontalPanel	2011-01-12 22:54:54.662329	2011-01-12 22:54:54.662329	\N
60	506	550	1	CabinetShell	2011-01-02 03:26:11.605244	2011-01-02 03:26:11.605244	\N
61	506	551	2	CabinetShelf	2011-01-02 03:26:44.126529	2011-01-02 03:26:44.126529	\N
76	264	556	1	CabinetShell	2011-01-02 16:35:52.344331	2011-01-02 16:35:52.344331	\N
77	264	558	1	CabinetShelf	2011-01-02 16:37:28.057273	2011-01-02 16:37:28.057273	\N
78	263	556	1	CabinetShell	2011-01-02 16:44:22.780591	2011-01-02 16:44:22.780591	\N
79	263	558	1	CabinetShelf	2011-01-02 16:44:54.765496	2011-01-02 16:44:54.765496	\N
80	262	556	1	CabinetShell	2011-01-02 16:48:22.773263	2011-01-02 16:48:22.773263	\N
81	262	558	1	CabinetShelf	2011-01-02 16:48:48.636594	2011-01-02 16:48:48.636594	\N
82	266	556	1	CabinetShell	2011-01-02 16:50:11.979589	2011-01-02 16:50:11.979589	\N
83	265	556	1	CabinetShell	2011-01-02 16:51:33.789061	2011-01-02 16:51:33.789061	\N
84	267	556	1	CabinetShell	2011-01-02 16:52:22.636693	2011-01-02 16:52:22.636693	\N
85	269	556	1	CabinetShell	2011-01-02 16:57:02.298227	2011-01-02 16:57:02.298227	\N
86	559	547	2	ShellVerticalPanel	2011-01-02 17:12:52.702806	2011-01-02 17:12:52.702806	\N
88	559	547	2	ShellHorizontalPanel	2011-01-02 17:14:31.237989	2011-01-02 17:14:31.237989	\N
89	559	549	1	ShellBackPanel	2011-01-02 17:14:57.477932	2011-01-02 17:14:57.477932	\N
90	268	556	1	CabinetShell	2011-01-02 18:19:53.465867	2011-01-02 18:19:53.465867	\N
91	270	556	1	CabinetShell	2011-01-02 18:21:03.252155	2011-01-02 18:21:03.252155	\N
95	533	548	2	CornerCabinetHorizontalPanel	2011-01-02 18:29:57.548879	2011-01-02 18:29:57.548879	\N
98	533	547	1	CornerCabinetVerticalPanels	2011-01-02 19:31:42.53894	2011-01-02 19:31:42.53894	\N
101	258	556	1	CabinetShell	2011-01-02 19:35:14.167565	2011-01-02 19:35:14.167565	\N
104	257	558	3	CabinetShelf	2011-01-02 19:37:33.059116	2011-01-02 19:37:33.059116	\N
106	256	558	3	CabinetShelf	2011-01-02 19:38:57.582067	2011-01-02 19:38:57.582067	\N
107	261	556	1	CabinetShell	2011-01-02 19:43:53.015413	2011-01-02 19:43:53.015413	\N
108	261	558	1	CabinetShelf	2011-01-02 19:44:16.281384	2011-01-02 19:44:16.281384	\N
109	260	556	1	CabinetShell	2011-01-02 19:44:58.172443	2011-01-02 19:44:58.172443	\N
110	260	558	1	CabinetShelf	2011-01-02 19:45:19.424619	2011-01-02 19:45:19.424619	\N
120	259	556	1	CabinetShell	2011-01-04 03:00:31.476503	2011-01-04 03:00:31.476503	\N
122	507	547	2	CornerCabinetHorizontalPanel	2011-01-04 03:02:37.011985	2011-01-04 03:02:37.011985	\N
124	507	547	1	CornerCabinetVerticalPanels	2011-01-04 03:03:43.456514	2011-01-04 03:03:43.456514	\N
126	534	547	1	CornerCabinetVerticalPanels	2011-01-04 16:16:51.265433	2011-01-04 16:16:51.265433	\N
127	534	548	2	CornerCabinetHorizontalPanel	2011-01-04 16:17:30.615712	2011-01-04 16:17:30.615712	\N
128	535	547	1	CornerCabinetVerticalPanels	2011-01-04 16:19:05.325845	2011-01-04 16:19:05.325845	\N
129	535	548	2	CornerCabinetHorizontalPanel	2011-01-04 16:19:27.928958	2011-01-04 16:19:27.928958	\N
130	536	547	1	CornerCabinetVerticalPanels	2011-01-04 16:20:48.867388	2011-01-04 16:20:48.867388	\N
131	536	548	2	CornerCabinetHorizontalPanel	2011-01-04 16:21:24.672329	2011-01-04 16:21:24.672329	\N
132	532	547	1	CornerCabinetVerticalPanels	2011-01-04 16:25:32.778274	2011-01-04 16:25:32.778274	\N
133	532	548	2	CornerCabinetHorizontalPanel	2011-01-04 16:26:10.412706	2011-01-04 16:26:10.412706	\N
134	550	584	2	ShellHorizontalPanel	2011-01-06 15:21:13.911318	2011-01-06 15:21:13.911318	\N
135	559	584	2	ShellHorizontalPanel	2011-01-06 15:22:59.006205	2011-01-06 15:22:59.006205	\N
138	585	547	2	ShellVerticalPanel	2011-01-06 15:49:26.382906	2011-01-06 15:49:26.382906	\N
139	585	547	2	ShellHorizontalPanel	2011-01-06 15:50:51.402839	2011-01-06 15:50:51.402839	\N
142	533	547	1	CornerCabinetHorizontalPanel	2011-01-06 17:10:27.910403	2011-01-06 17:10:27.910403	\N
145	534	548	2	CornerCabinetHorizontalPanel	2011-01-06 17:18:03.6875	2011-01-06 17:18:03.6875	\N
146	535	548	3	CornerCabinetHorizontalPanel	2011-01-06 17:22:42.754811	2011-01-06 17:22:42.754811	\N
147	536	548	4	CornerCabinetHorizontalPanel	2011-01-06 17:26:02.060251	2011-01-06 17:26:02.060251	\N
151	259	558	1	CabinetShelf	2011-01-06 22:05:33.163721	2011-01-06 22:05:33.163721	\N
152	258	558	1	CabinetShelf	2011-01-06 22:06:54.796317	2011-01-06 22:06:54.796317	\N
153	588	586	1	ItemHardware	2011-01-07 00:26:49.011265	2011-01-07 00:26:49.011265	\N
154	588	587	2	ItemHardware	2011-01-07 00:29:21.256674	2011-01-07 00:29:21.256674	\N
206	622	547	2	ShellHorizontalPanel	2011-01-12 16:52:00.597449	2011-01-12 16:52:00.597449	\N
207	622	549	1	ShellBackPanel	2011-01-12 16:54:35.893453	2011-01-12 16:54:35.893453	\N
213	556	599	2	ShellVerticalPanel	2011-01-12 18:06:08.286199	2011-01-12 18:06:08.286199	\N
214	556	584	2	ShellHorizontalPanel	2011-01-12 18:37:46.665249	2011-01-12 18:37:46.665249	\N
216	557	624	1	ShellBackPanel	2011-01-12 20:24:47.726883	2011-01-12 20:24:47.726883	\N
217	557	599	2	ShellVerticalPanel	2011-01-12 20:25:26.691271	2011-01-12 20:25:26.691271	\N
218	557	599	1	ShellVerticalPanel	2011-01-12 20:25:54.307614	2011-01-12 20:25:54.307614	\N
183	585	596	1	ShellHorizontalPanel	2011-01-07 08:24:01.537057	2011-01-07 08:24:01.537057	\N
283	628	547	2	ShellHorizontalPanel	2011-01-13 15:59:25.316486	2011-01-13 15:59:25.316486	\N
227	556	548	2	ShellHorizontalPanel	2011-01-12 21:44:40.874651	2011-01-12 21:44:40.874651	\N
228	551	12	4	ItemHardware	2011-01-12 21:48:25.763656	2011-01-12 21:48:25.763656	\N
229	557	548	2	ShellHorizontalPanel	2011-01-12 21:51:01.779792	2011-01-12 21:51:01.779792	\N
231	625	599	2	ShellVerticalPanel	2011-01-12 21:58:49.104821	2011-01-12 21:58:49.104821	\N
232	625	548	2	ShellHorizontalPanel	2011-01-12 21:59:12.196411	2011-01-12 21:59:12.196411	\N
233	625	624	1	ShellBackPanel	2011-01-12 21:59:38.186911	2011-01-12 21:59:38.186911	\N
234	625	584	3	ShellHorizontalPanel	2011-01-12 22:01:44.218139	2011-01-12 22:01:44.218139	\N
247	626	627	2	ShellHorizontalPanel	2011-01-12 23:38:28.894115	2011-01-12 23:38:28.894115	\N
248	558	12	4	ItemHardware	2011-01-13 03:09:52.340692	2011-01-13 03:09:52.340692	\N
250	559	592	24	ItemHardware	2011-01-13 03:25:47.351793	2011-01-13 03:25:47.351793	\N
251	559	595	12	ItemHardware	2011-01-13 03:31:17.874596	2011-01-13 03:31:17.874596	\N
252	559	593	4	ItemHardware	2011-01-13 04:02:16.501316	2011-01-13 04:02:16.501316	\N
253	559	594	12	ItemHardware	2011-01-13 04:06:20.719629	2011-01-13 04:06:20.719629	\N
254	550	592	24	ItemHardware	2011-01-13 04:22:41.744457	2011-01-13 04:22:41.744457	\N
255	550	594	12	ItemHardware	2011-01-13 04:23:41.624749	2011-01-13 04:23:41.624749	\N
256	550	595	12	ItemHardware	2011-01-13 04:24:28.433046	2011-01-13 04:24:28.433046	\N
257	550	593	4	ItemHardware	2011-01-13 04:26:04.05066	2011-01-13 04:26:04.05066	\N
258	505	6	2	ItemHardware	2011-01-13 04:31:08.022229	2011-01-13 04:31:08.022229	\N
259	505	199	2	ItemHardware	2011-01-13 04:31:49.845437	2011-01-13 04:31:49.845437	\N
260	256	625	1	CabinetShell	2011-01-13 04:46:28.72061	2011-01-13 04:46:28.72061	\N
261	585	204	2	ItemHardware	2011-01-13 14:03:24.745087	2011-01-13 14:03:24.745087	\N
262	585	203	2	ItemHardware	2011-01-13 14:03:54.593369	2011-01-13 14:03:54.593369	\N
263	585	206	8	ItemHardware	2011-01-13 14:04:36.506253	2011-01-13 14:04:36.506253	\N
264	585	205	8	ItemHardware	2011-01-13 14:05:03.75807	2011-01-13 14:05:03.75807	\N
265	585	592	16	ItemHardware	2011-01-13 14:06:05.457326	2011-01-13 14:06:05.457326	\N
266	585	594	8	ItemHardware	2011-01-13 14:07:24.73477	2011-01-13 14:07:24.73477	\N
267	585	595	8	ItemHardware	2011-01-13 14:08:24.092304	2011-01-13 14:08:24.092304	\N
268	626	592	30	ItemHardware	2011-01-13 14:35:44.391633	2011-01-13 14:35:44.391633	\N
269	626	594	12	ItemHardware	2011-01-13 14:37:18.92828	2011-01-13 14:37:18.92828	\N
270	626	595	12	ItemHardware	2011-01-13 14:38:07.454086	2011-01-13 14:38:07.454086	\N
271	626	593	4	ItemHardware	2011-01-13 14:39:41.190265	2011-01-13 14:39:41.190265	\N
272	552	592	36	ItemHardware	2011-01-13 14:53:34.487364	2011-01-13 14:53:34.487364	\N
273	552	594	14	ItemHardware	2011-01-13 15:16:44.880704	2011-01-13 15:16:44.880704	\N
274	552	595	14	ItemHardware	2011-01-13 15:17:52.789763	2011-01-13 15:17:52.789763	\N
275	552	593	7	ItemHardware	2011-01-13 15:22:53.961158	2011-01-13 15:22:53.961158	\N
276	552	584	3	ShellHorizontalPanel	2011-01-13 15:28:04.594453	2011-01-13 15:28:04.594453	\N
277	629	547	2	ShellVerticalPanel	2011-01-13 15:49:04.069796	2011-01-13 15:49:04.069796	\N
278	629	547	2	ShellHorizontalPanel	2011-01-13 15:49:58.575455	2011-01-13 15:49:58.575455	\N
279	629	584	3	ShellHorizontalPanel	2011-01-13 15:50:33.912836	2011-01-13 15:50:33.912836	\N
280	629	549	1	ShellBackPanel	2011-01-13 15:51:08.327861	2011-01-13 15:51:08.327861	\N
281	629	592	20	ItemHardware	2011-01-13 15:53:30.47899	2011-01-13 15:53:30.47899	\N
282	628	547	2	ShellVerticalPanel	2011-01-13 15:59:06.979395	2011-01-13 15:59:06.979395	\N
284	628	584	3	ShellHorizontalPanel	2011-01-13 15:59:46.196244	2011-01-13 15:59:46.196244	\N
286	628	549	1	ShellBackPanel	2011-01-13 16:00:23.197965	2011-01-13 16:00:23.197965	\N
287	628	592	24	ItemHardware	2011-01-13 16:01:40.769112	2011-01-13 16:01:40.769112	\N
288	628	594	10	ItemHardware	2011-01-13 16:04:59.763817	2011-01-13 16:04:59.763817	\N
289	628	595	10	ItemHardware	2011-01-13 16:12:09.339848	2011-01-13 16:12:09.339848	\N
290	628	593	2	ItemHardware	2011-01-13 16:14:53.99968	2011-01-13 16:14:53.99968	\N
291	628	236	4	ItemHardware	2011-01-13 16:17:00.77384	2011-01-13 16:17:00.77384	\N
292	628	237	4	ItemHardware	2011-01-13 16:17:24.977942	2011-01-13 16:17:24.977942	\N
293	628	155	4	ItemHardware	2011-01-13 16:17:50.8866	2011-01-13 16:17:50.8866	\N
294	629	594	10	ItemHardware	2011-01-13 16:22:54.976027	2011-01-13 16:22:54.976027	\N
295	629	595	10	ItemHardware	2011-01-13 16:23:30.636303	2011-01-13 16:23:30.636303	\N
296	629	593	2	ItemHardware	2011-01-13 16:24:18.918134	2011-01-13 16:24:18.918134	\N
297	629	236	4	ItemHardware	2011-01-13 16:24:58.393399	2011-01-13 16:24:58.393399	\N
298	629	237	4	ItemHardware	2011-01-13 16:25:16.334379	2011-01-13 16:25:16.334379	\N
299	629	155	4	ItemHardware	2011-01-13 16:26:14.639801	2011-01-13 16:26:14.639801	\N
300	622	592	34	ItemHardware	2011-01-13 16:32:18.552455	2011-01-13 16:32:18.552455	\N
301	622	594	14	ItemHardware	2011-01-13 16:33:55.839091	2011-01-13 16:33:55.839091	\N
302	622	595	14	ItemHardware	2011-01-13 16:34:28.397775	2011-01-13 16:34:28.397775	\N
303	622	593	4	ItemHardware	2011-01-13 16:35:18.680035	2011-01-13 16:35:18.680035	\N
304	537	626	1	CabinetShell	2011-01-13 16:40:32.04598	2011-01-13 16:40:32.04598	\N
305	556	592	16	ItemHardware	2011-01-13 16:48:08.651611	2011-01-13 16:48:08.651611	\N
306	556	9	8	ItemHardware	2011-01-13 16:49:48.816221	2011-01-13 16:49:48.816221	\N
307	556	593	4	ItemHardware	2011-01-13 16:52:57.391637	2011-01-13 16:52:57.391637	\N
308	625	592	20	ItemHardware	2011-01-13 16:55:49.50107	2011-01-13 16:55:49.50107	\N
309	625	9	8	ItemHardware	2011-01-13 16:57:32.976795	2011-01-13 16:57:32.976795	\N
310	625	593	6	ItemHardware	2011-01-13 17:00:13.990664	2011-01-13 17:00:13.990664	\N
311	557	592	20	ItemHardware	2011-01-13 17:03:31.817242	2011-01-13 17:03:31.817242	\N
312	557	9	8	ItemHardware	2011-01-13 17:04:08.622439	2011-01-13 17:04:08.622439	\N
313	557	593	15	ItemHardware	2011-01-13 17:04:54.086222	2011-01-13 17:04:54.086222	\N
314	256	199	4	ItemHardware	2011-01-13 17:22:47.587938	2011-01-13 17:22:47.587938	\N
315	256	6	4	ItemHardware	2011-01-13 17:23:27.208316	2011-01-13 17:23:27.208316	\N
316	531	585	1	CabinetShell	2011-01-13 17:31:26.39831	2011-01-13 17:31:26.39831	\N
317	630	559	1	CabinetShell	2011-01-13 17:45:24.770037	2011-01-13 17:45:24.770037	\N
319	537	6	2	ItemHardware	2011-01-13 17:55:55.315896	2011-01-13 17:55:55.315896	\N
320	537	199	2	ItemHardware	2011-01-13 17:56:48.17356	2011-01-13 17:56:48.17356	\N
328	538	626	1	CabinetShell	2011-01-13 18:13:41.586533	2011-01-13 18:13:41.586533	\N
329	538	6	2	ItemHardware	2011-01-13 18:14:07.338918	2011-01-13 18:14:07.338918	\N
331	538	199	2	ItemHardware	2011-01-13 18:14:48.894305	2011-01-13 18:14:48.894305	\N
332	538	631	2	ItemHardware	2011-01-13 18:15:10.268158	2011-01-13 18:15:10.268158	\N
333	538	13	6	ItemHardware	2011-01-13 18:15:32.710684	2011-01-13 18:15:32.710684	\N
334	538	201	4	ItemHardware	2011-01-13 18:15:56.033084	2011-01-13 18:15:56.033084	\N
335	542	626	1	CabinetShell	2011-01-13 18:17:57.954608	2011-01-13 18:17:57.954608	\N
338	542	6	4	ItemHardware	2011-01-13 18:19:21.410214	2011-01-13 18:19:21.410214	\N
341	543	6	4	ItemHardware	2011-01-13 18:21:58.072902	2011-01-13 18:21:58.072902	\N
342	543	199	4	ItemHardware	2011-01-13 18:22:23.823014	2011-01-13 18:22:23.823014	\N
343	543	13	12	ItemHardware	2011-01-13 18:22:54.032955	2011-01-13 18:22:54.032955	\N
344	543	201	8	ItemHardware	2011-01-13 18:23:26.893056	2011-01-13 18:23:26.893056	\N
347	540	631	8	ItemHardware	2011-01-13 18:27:04.376875	2011-01-13 18:27:04.376875	\N
339	542	199	4	ItemHardware	2011-01-13 18:19:42.795503	2011-01-13 18:19:42.795503	\N
340	543	626	1	CabinetShell	2011-01-13 18:21:15.522838	2011-01-13 18:21:15.522838	\N
345	543	631	4	ItemHardware	2011-01-13 18:23:44.233018	2011-01-13 18:23:44.233018	\N
346	540	626	1	CabinetShell	2011-01-13 18:25:16.697739	2011-01-13 18:25:16.697739	\N
348	540	13	12	ItemHardware	2011-01-13 18:27:33.262361	2011-01-13 18:27:33.262361	\N
349	540	201	8	ItemHardware	2011-01-13 18:27:51.091138	2011-01-13 18:27:51.091138	\N
350	544	626	1	CabinetShell	2011-01-13 18:30:01.909447	2011-01-13 18:30:01.909447	\N
351	544	631	8	ItemHardware	2011-01-13 18:30:33.269932	2011-01-13 18:30:33.269932	\N
352	544	13	12	ItemHardware	2011-01-13 18:30:53.785724	2011-01-13 18:30:53.785724	\N
353	544	201	8	ItemHardware	2011-01-13 18:31:28.023026	2011-01-13 18:31:28.023026	\N
354	545	626	1	CabinetShell	2011-01-13 18:38:42.380054	2011-01-13 18:38:42.380054	\N
355	545	631	8	ItemHardware	2011-01-13 18:39:13.718925	2011-01-13 18:39:13.718925	\N
356	545	13	18	ItemHardware	2011-01-13 18:39:44.282055	2011-01-13 18:39:44.282055	\N
357	545	201	12	ItemHardware	2011-01-13 18:40:03.507854	2011-01-13 18:40:03.507854	\N
358	539	626	1	CabinetShell	2011-01-13 18:58:14.251841	2011-01-13 18:58:14.251841	\N
359	539	631	8	ItemHardware	2011-01-13 19:00:23.969657	2011-01-13 19:00:23.969657	\N
360	539	13	18	ItemHardware	2011-01-13 19:04:45.809203	2011-01-13 19:04:45.809203	\N
361	539	201	12	ItemHardware	2011-01-13 19:05:06.347352	2011-01-13 19:05:06.347352	\N
362	188	626	1	CabinetShell	2011-01-13 19:06:18.703415	2011-01-13 19:06:18.703415	\N
363	188	631	6	ItemHardware	2011-01-13 19:06:39.494181	2011-01-13 19:06:39.494181	\N
364	188	13	18	ItemHardware	2011-01-13 19:07:16.084395	2011-01-13 19:07:16.084395	\N
365	188	201	12	ItemHardware	2011-01-13 19:07:52.997153	2011-01-13 19:07:52.997153	\N
366	546	626	1	CabinetShell	2011-01-13 19:10:20.719463	2011-01-13 19:10:20.719463	\N
368	546	631	8	ItemHardware	2011-01-13 19:11:29.43407	2011-01-13 19:11:29.43407	\N
369	546	13	24	ItemHardware	2011-01-13 19:11:49.672789	2011-01-13 19:11:49.672789	\N
370	546	201	16	ItemHardware	2011-01-13 19:12:17.0727	2011-01-13 19:12:17.0727	\N
371	541	626	1	CabinetShell	2011-01-13 19:13:29.84474	2011-01-13 19:13:29.84474	\N
372	541	631	8	ItemHardware	2011-01-13 19:14:07.631628	2011-01-13 19:14:07.631628	\N
373	541	13	24	ItemHardware	2011-01-13 19:14:38.095145	2011-01-13 19:14:38.095145	\N
374	541	201	16	ItemHardware	2011-01-13 19:15:07.013676	2011-01-13 19:15:07.013676	\N
375	514	622	1	CabinetShell	2011-01-13 19:16:39.469286	2011-01-13 19:16:39.469286	\N
376	515	551	5	CabinetShelf	2011-01-13 19:22:52.37172	2011-01-13 19:22:52.37172	\N
377	515	109	20	ItemHardware	2011-01-13 19:24:18.260295	2011-01-13 19:24:18.260295	\N
378	508	629	1	CabinetShell	2011-01-13 19:26:32.355736	2011-01-13 19:26:32.355736	\N
379	508	6	2	ItemHardware	2011-01-13 19:27:02.889951	2011-01-13 19:27:02.889951	\N
380	508	199	2	ItemHardware	2011-01-13 19:27:32.703509	2011-01-13 19:27:32.703509	\N
381	509	628	1	CabinetShell	2011-01-13 19:28:49.184465	2011-01-13 19:28:49.184465	\N
382	509	109	8	ItemHardware	2011-01-13 19:29:16.116746	2011-01-13 19:29:16.116746	\N
383	509	6	4	ItemHardware	2011-01-13 19:29:31.58224	2011-01-13 19:29:31.58224	\N
384	509	199	4	ItemHardware	2011-01-13 19:29:46.50087	2011-01-13 19:29:46.50087	\N
385	510	622	1	CabinetShell	2011-01-13 19:37:26.373945	2011-01-13 19:37:26.373945	\N
386	510	6	4	ItemHardware	2011-01-13 19:37:44.965746	2011-01-13 19:37:44.965746	\N
387	510	199	4	ItemHardware	2011-01-13 19:37:59.950599	2011-01-13 19:37:59.950599	\N
388	511	622	1	CabinetShell	2011-01-13 19:39:23.172954	2011-01-13 19:39:23.172954	\N
389	511	6	8	ItemHardware	2011-01-13 19:39:42.644026	2011-01-13 19:39:42.644026	\N
390	511	199	8	ItemHardware	2011-01-13 19:41:16.778122	2011-01-13 19:41:16.778122	\N
391	506	6	4	ItemHardware	2011-01-13 19:44:40.127495	2011-01-13 19:44:40.127495	\N
392	506	199	4	ItemHardware	2011-01-13 19:46:19.724364	2011-01-13 19:46:19.724364	\N
393	632	547	2	ShellVerticalPanel	2011-01-13 19:50:30.073338	2011-01-13 19:50:30.073338	\N
394	632	547	2	ShellHorizontalPanel	2011-01-13 19:51:32.536855	2011-01-13 19:51:32.536855	\N
395	632	596	1	ShellHorizontalPanel	2011-01-13 19:54:00.598083	2011-01-13 19:54:00.598083	\N
396	632	633	2	ShellHorizontalPanel	2011-01-13 19:59:03.208203	2011-01-13 19:59:03.208203	\N
397	632	592	24	ItemHardware	2011-01-13 20:00:23.822671	2011-01-13 20:00:23.822671	\N
398	632	594	19	ItemHardware	2011-01-13 20:01:16.973524	2011-01-13 20:01:16.973524	\N
399	632	595	19	ItemHardware	2011-01-13 20:01:40.889052	2011-01-13 20:01:40.889052	\N
400	512	632	1	CabinetShell	2011-01-13 20:03:25.155795	2011-01-13 20:03:25.155795	\N
402	513	632	1	CabinetShell	2011-01-13 20:06:32.233725	2011-01-13 20:06:32.233725	\N
403	263	6	2	ItemHardware	2011-01-13 20:08:04.27458	2011-01-13 20:08:04.27458	\N
404	263	199	2	ItemHardware	2011-01-13 20:08:29.634726	2011-01-13 20:08:29.634726	\N
405	264	6	2	ItemHardware	2011-01-13 20:09:26.652058	2011-01-13 20:09:26.652058	\N
406	264	199	2	ItemHardware	2011-01-13 20:09:40.346826	2011-01-13 20:09:40.346826	\N
407	264	631	2	ItemHardware	2011-01-13 20:09:59.090909	2011-01-13 20:09:59.090909	\N
408	264	13	6	ItemHardware	2011-01-13 20:10:25.704351	2011-01-13 20:10:25.704351	\N
409	264	201	4	ItemHardware	2011-01-13 20:10:46.671245	2011-01-13 20:10:46.671245	\N
410	262	6	4	ItemHardware	2011-01-13 20:12:15.385895	2011-01-13 20:12:15.385895	\N
411	262	199	4	ItemHardware	2011-01-13 20:12:36.523271	2011-01-13 20:12:36.523271	\N
412	266	631	8	ItemHardware	2011-01-13 20:13:28.289314	2011-01-13 20:13:28.289314	\N
413	266	13	12	ItemHardware	2011-01-13 20:14:01.697518	2011-01-13 20:14:01.697518	\N
414	266	201	8	ItemHardware	2011-01-13 20:14:19.069914	2011-01-13 20:14:19.069914	\N
415	265	631	8	ItemHardware	2011-01-13 20:15:53.104587	2011-01-13 20:15:53.104587	\N
416	265	13	12	ItemHardware	2011-01-13 20:16:11.458035	2011-01-13 20:16:11.458035	\N
417	265	201	8	ItemHardware	2011-01-13 20:16:31.052869	2011-01-13 20:16:31.052869	\N
418	267	631	8	ItemHardware	2011-01-13 20:17:41.215134	2011-01-13 20:17:41.215134	\N
419	267	13	18	ItemHardware	2011-01-13 20:18:49.909267	2011-01-13 20:18:49.909267	\N
420	267	201	12	ItemHardware	2011-01-13 20:19:06.902697	2011-01-13 20:19:06.902697	\N
421	269	631	10	ItemHardware	2011-01-13 20:20:26.48659	2011-01-13 20:20:26.48659	\N
422	269	13	24	ItemHardware	2011-01-13 20:20:51.72488	2011-01-13 20:20:51.72488	\N
423	269	201	16	ItemHardware	2011-01-13 20:21:07.694778	2011-01-13 20:21:07.694778	\N
424	268	631	8	ItemHardware	2011-01-13 20:21:59.434102	2011-01-13 20:21:59.434102	\N
425	268	13	24	ItemHardware	2011-01-13 20:22:16.781909	2011-01-13 20:22:16.781909	\N
426	268	201	16	ItemHardware	2011-01-13 20:22:34.365795	2011-01-13 20:22:34.365795	\N
427	270	631	10	ItemHardware	2011-01-13 20:23:23.220157	2011-01-13 20:23:23.220157	\N
428	270	13	30	ItemHardware	2011-01-13 20:23:38.584023	2011-01-13 20:23:38.584023	\N
429	270	201	20	ItemHardware	2011-01-13 20:23:55.891173	2011-01-13 20:23:55.891173	\N
430	259	6	2	ItemHardware	2011-01-13 20:25:26.676253	2011-01-13 20:25:26.676253	\N
431	259	199	2	ItemHardware	2011-01-13 20:25:46.57727	2011-01-13 20:25:46.57727	\N
432	258	6	4	ItemHardware	2011-01-13 20:27:03.010439	2011-01-13 20:27:03.010439	\N
433	258	199	4	ItemHardware	2011-01-13 20:27:35.769088	2011-01-13 20:27:35.769088	\N
434	257	625	1	CabinetShell	2011-01-13 20:30:52.416158	2011-01-13 20:30:52.416158	\N
435	257	6	4	ItemHardware	2011-01-13 20:31:31.408117	2011-01-13 20:31:31.408117	\N
436	257	199	4	ItemHardware	2011-01-13 20:31:55.61673	2011-01-13 20:31:55.61673	\N
437	261	6	2	ItemHardware	2011-01-13 20:33:33.904374	2011-01-13 20:33:33.904374	\N
438	261	199	2	ItemHardware	2011-01-13 20:33:58.932766	2011-01-13 20:33:58.932766	\N
439	260	6	4	ItemHardware	2011-01-13 20:35:18.913185	2011-01-13 20:35:18.913185	\N
440	260	199	4	ItemHardware	2011-01-13 20:37:33.412513	2011-01-13 20:37:33.412513	\N
441	552	596	1	ShellHorizontalPanel	2011-01-14 19:42:29.500731	2011-01-14 19:42:29.500731	\N
442	630	551	2	CabinetShelf	2011-01-22 00:27:08.049535	2011-01-22 00:27:08.049535	\N
443	694	559	1	CabinetShell	2011-01-22 00:28:51.490615	2011-01-22 00:28:51.490615	\N
444	694	551	2	CabinetShelf	2011-01-22 00:29:22.664428	2011-01-22 00:29:22.664428	\N
445	695	547	2	CornerCabinetHorizontalPanel	2011-01-22 19:36:19.176812	2011-01-22 19:36:19.176812	\N
446	695	547	1	CornerCabinetVerticalPanels	2011-01-22 19:36:41.993755	2011-01-22 19:36:41.993755	\N
454	540	704	2	ItemHardware	2011-02-03 22:07:08.142437	2011-02-03 22:07:08.142437	\N
455	544	704	4	ItemHardware	2011-02-03 22:08:36.03714	2011-02-03 22:08:36.03714	\N
456	545	704	1	ItemHardware	2011-02-03 22:10:31.827554	2011-02-03 22:10:31.827554	\N
457	539	704	1	ItemHardware	2011-02-03 22:11:12.043632	2011-02-03 22:11:12.043632	\N
458	230	220	2	ItemHardware	2011-02-06 18:37:02.733569	2011-02-06 18:37:02.733569	\N
460	630	217	2	ItemHardware	2011-02-06 19:08:11.716822	2011-02-06 19:08:11.716822	\N
461	694	217	4	ItemHardware	2011-02-06 19:09:23.654612	2011-02-06 19:09:23.654612	\N
462	531	217	12	ItemHardware	2011-02-06 19:10:32.310356	2011-02-06 19:10:32.310356	\N
463	520	218	2	ItemHardware	2011-02-06 19:12:33.619641	2011-02-06 19:12:33.619641	\N
464	530	218	2	ItemHardware	2011-02-06 19:13:21.357764	2011-02-06 19:13:21.357764	\N
465	518	218	2	ItemHardware	2011-02-06 19:16:17.61311	2011-02-06 19:16:17.61311	\N
466	528	218	2	ItemHardware	2011-02-06 19:17:55.919874	2011-02-06 19:17:55.919874	\N
467	519	218	2	ItemHardware	2011-02-06 19:18:51.944149	2011-02-06 19:18:51.944149	\N
468	529	218	2	ItemHardware	2011-02-06 19:19:42.522481	2011-02-06 19:19:42.522481	\N
469	517	218	2	ItemHardware	2011-02-06 19:24:52.042029	2011-02-06 19:24:52.042029	\N
470	527	218	2	ItemHardware	2011-02-06 19:25:27.499022	2011-02-06 19:25:27.499022	\N
471	521	218	2	ItemHardware	2011-02-06 19:26:06.423271	2011-02-06 19:26:06.423271	\N
472	525	220	2	ItemHardware	2011-02-06 19:27:25.39316	2011-02-06 19:27:25.39316	\N
473	523	219	2	ItemHardware	2011-02-06 19:28:36.576746	2011-02-06 19:28:36.576746	\N
474	524	220	2	ItemHardware	2011-02-06 19:30:31.039975	2011-02-06 19:30:31.039975	\N
475	522	220	2	ItemHardware	2011-02-06 19:31:07.037975	2011-02-06 19:31:07.037975	\N
476	526	220	2	ItemHardware	2011-02-06 19:31:38.545358	2011-02-06 19:31:38.545358	\N
477	158	218	2	ItemHardware	2011-02-06 19:34:13.138923	2011-02-06 19:34:13.138923	\N
478	234	218	2	ItemHardware	2011-02-06 19:35:20.412428	2011-02-06 19:35:20.412428	\N
479	232	218	2	ItemHardware	2011-02-06 19:35:49.598228	2011-02-06 19:35:49.598228	\N
480	233	218	2	ItemHardware	2011-02-06 19:36:17.169739	2011-02-06 19:36:17.169739	\N
481	231	218	2	ItemHardware	2011-02-06 19:36:48.445209	2011-02-06 19:36:48.445209	\N
482	235	218	2	ItemHardware	2011-02-06 19:37:11.221162	2011-02-06 19:37:11.221162	\N
483	162	220	2	ItemHardware	2011-02-06 19:38:33.830939	2011-02-06 19:38:33.830939	\N
484	537	217	2	ItemHardware	2011-02-06 19:46:51.656704	2011-02-06 19:46:51.656704	\N
485	538	217	4	ItemHardware	2011-02-06 19:48:07.02037	2011-02-06 19:48:07.02037	\N
488	540	217	8	ItemHardware	2011-02-06 19:51:17.733408	2011-02-06 19:51:17.733408	\N
489	544	217	8	ItemHardware	2011-02-06 19:51:50.840936	2011-02-06 19:51:50.840936	\N
490	545	217	8	ItemHardware	2011-02-06 19:52:30.213659	2011-02-06 19:52:30.213659	\N
494	541	217	8	ItemHardware	2011-02-06 19:55:53.904399	2011-02-06 19:55:53.904399	\N
486	542	217	4	ItemHardware	2011-02-06 19:48:42.145183	2011-02-06 19:48:42.145183	\N
487	543	217	8	ItemHardware	2011-02-06 19:50:21.068156	2011-02-06 19:50:21.068156	\N
491	539	217	8	ItemHardware	2011-02-06 19:53:00.934624	2011-02-06 19:53:00.934624	\N
492	188	217	6	ItemHardware	2011-02-06 19:54:25.950706	2011-02-06 19:54:25.950706	\N
493	546	217	8	ItemHardware	2011-02-06 19:55:16.804698	2011-02-06 19:55:16.804698	\N
498	695	594	20	ItemHardware	2011-02-06 20:22:29.134593	2011-02-06 20:22:29.134593	\N
499	695	595	20	ItemHardware	2011-02-06 20:23:13.851415	2011-02-06 20:23:13.851415	\N
500	695	593	8	ItemHardware	2011-02-06 20:23:47.93341	2011-02-06 20:23:47.93341	\N
501	695	109	5	ItemHardware	2011-02-06 20:24:25.850947	2011-02-06 20:24:25.850947	\N
502	695	199	2	ItemHardware	2011-02-06 20:24:58.111093	2011-02-06 20:24:58.111093	\N
503	695	226	2	ItemHardware	2011-02-06 20:25:25.264244	2011-02-06 20:25:25.264244	\N
504	695	217	2	ItemHardware	2011-02-06 20:25:46.882749	2011-02-06 20:25:46.882749	\N
505	695	592	48	ItemHardware	2011-02-06 20:27:25.202989	2011-02-06 20:27:25.202989	\N
506	507	592	36	ItemHardware	2011-02-06 20:28:47.747971	2011-02-06 20:28:47.747971	\N
507	507	594	16	ItemHardware	2011-02-06 20:29:31.04082	2011-02-06 20:29:31.04082	\N
508	507	595	16	ItemHardware	2011-02-06 20:29:50.073677	2011-02-06 20:29:50.073677	\N
509	507	593	10	ItemHardware	2011-02-06 20:30:54.779205	2011-02-06 20:30:54.779205	\N
510	507	12	5	ItemHardware	2011-02-06 20:31:24.173124	2011-02-06 20:31:24.173124	\N
511	507	199	2	ItemHardware	2011-02-06 20:31:54.035888	2011-02-06 20:31:54.035888	\N
512	507	226	2	ItemHardware	2011-02-06 20:32:18.43131	2011-02-06 20:32:18.43131	\N
513	507	217	2	ItemHardware	2011-02-06 20:32:42.9242	2011-02-06 20:32:42.9242	\N
514	508	217	2	ItemHardware	2011-02-06 20:35:16.459733	2011-02-06 20:35:16.459733	\N
515	509	217	4	ItemHardware	2011-02-06 20:35:54.374534	2011-02-06 20:35:54.374534	\N
516	510	217	3	ItemHardware	2011-02-06 20:36:33.045334	2011-02-06 20:36:33.045334	\N
517	511	217	4	ItemHardware	2011-02-06 20:37:38.857035	2011-02-06 20:37:38.857035	\N
518	505	217	2	ItemHardware	2011-02-06 20:38:44.779611	2011-02-06 20:38:44.779611	\N
519	506	217	4	ItemHardware	2011-02-06 20:39:14.978401	2011-02-06 20:39:14.978401	\N
520	512	217	4	ItemHardware	2011-02-06 20:40:25.334617	2011-02-06 20:40:25.334617	\N
521	513	217	4	ItemHardware	2011-02-06 20:40:55.875393	2011-02-06 20:40:55.875393	\N
522	263	217	2	ItemHardware	2011-02-06 20:41:46.833672	2011-02-06 20:41:46.833672	\N
523	264	217	4	ItemHardware	2011-02-06 20:42:28.256371	2011-02-06 20:42:28.256371	\N
524	262	217	4	ItemHardware	2011-02-06 20:43:01.604648	2011-02-06 20:43:01.604648	\N
525	266	217	8	ItemHardware	2011-02-06 20:43:33.430112	2011-02-06 20:43:33.430112	\N
526	267	217	8	ItemHardware	2011-02-06 20:44:04.408885	2011-02-06 20:44:04.408885	\N
527	269	217	10	ItemHardware	2011-02-06 20:44:33.931054	2011-02-06 20:44:33.931054	\N
528	268	217	8	ItemHardware	2011-02-06 20:45:10.388068	2011-02-06 20:45:10.388068	\N
529	270	217	10	ItemHardware	2011-02-06 20:45:43.745477	2011-02-06 20:45:43.745477	\N
530	533	592	28	ItemHardware	2011-02-06 20:49:15.506851	2011-02-06 20:49:15.506851	\N
531	533	9	12	ItemHardware	2011-02-06 20:49:46.354936	2011-02-06 20:49:46.354936	\N
532	533	593	14	ItemHardware	2011-02-06 20:50:36.183132	2011-02-06 20:50:36.183132	\N
533	533	12	5	ItemHardware	2011-02-06 20:51:06.907386	2011-02-06 20:51:06.907386	\N
534	533	199	2	ItemHardware	2011-02-06 20:51:34.755087	2011-02-06 20:51:34.755087	\N
535	533	226	2	ItemHardware	2011-02-06 20:51:52.728872	2011-02-06 20:51:52.728872	\N
536	533	217	2	ItemHardware	2011-02-06 20:52:15.183787	2011-02-06 20:52:15.183787	\N
537	534	592	28	ItemHardware	2011-02-06 20:55:06.54456	2011-02-06 20:55:06.54456	\N
538	534	9	12	ItemHardware	2011-02-06 20:55:29.837986	2011-02-06 20:55:29.837986	\N
539	534	593	14	ItemHardware	2011-02-06 20:55:58.585683	2011-02-06 20:55:58.585683	\N
540	534	12	10	ItemHardware	2011-02-06 20:56:19.201098	2011-02-06 20:56:19.201098	\N
541	534	199	2	ItemHardware	2011-02-06 20:56:59.1272	2011-02-06 20:56:59.1272	\N
542	534	226	2	ItemHardware	2011-02-06 20:57:18.560836	2011-02-06 20:57:18.560836	\N
543	534	217	2	ItemHardware	2011-02-06 20:57:34.334441	2011-02-06 20:57:34.334441	\N
544	535	592	36	ItemHardware	2011-02-06 20:58:39.275112	2011-02-06 20:58:39.275112	\N
545	535	9	12	ItemHardware	2011-02-06 20:59:09.81899	2011-02-06 20:59:09.81899	\N
546	535	593	16	ItemHardware	2011-02-06 20:59:30.316139	2011-02-06 20:59:30.316139	\N
547	535	12	15	ItemHardware	2011-02-06 20:59:59.613805	2011-02-06 20:59:59.613805	\N
548	535	199	4	ItemHardware	2011-02-06 21:00:20.329518	2011-02-06 21:00:20.329518	\N
549	535	226	4	ItemHardware	2011-02-06 21:00:38.920291	2011-02-06 21:00:38.920291	\N
550	535	217	3	ItemHardware	2011-02-06 21:00:58.107177	2011-02-06 21:00:58.107177	\N
551	536	592	36	ItemHardware	2011-02-06 21:02:05.087253	2011-02-06 21:02:05.087253	\N
552	536	9	12	ItemHardware	2011-02-06 21:03:02.945008	2011-02-06 21:03:02.945008	\N
553	536	593	16	ItemHardware	2011-02-06 21:03:51.478508	2011-02-06 21:03:51.478508	\N
554	536	12	20	ItemHardware	2011-02-06 21:04:15.703551	2011-02-06 21:04:15.703551	\N
555	536	199	4	ItemHardware	2011-02-06 21:04:38.287606	2011-02-06 21:04:38.287606	\N
556	536	226	4	ItemHardware	2011-02-06 21:05:41.774847	2011-02-06 21:05:41.774847	\N
557	536	217	3	ItemHardware	2011-02-06 21:05:57.21139	2011-02-06 21:05:57.21139	\N
558	532	592	28	ItemHardware	2011-02-06 21:12:09.711515	2011-02-06 21:12:09.711515	\N
559	532	9	10	ItemHardware	2011-02-06 21:12:30.06392	2011-02-06 21:12:30.06392	\N
560	532	593	10	ItemHardware	2011-02-06 21:13:07.67548	2011-02-06 21:13:07.67548	\N
561	532	12	5	ItemHardware	2011-02-06 21:13:35.950908	2011-02-06 21:13:35.950908	\N
562	532	199	2	ItemHardware	2011-02-06 21:13:54.485576	2011-02-06 21:13:54.485576	\N
563	532	226	2	ItemHardware	2011-02-06 21:14:11.810107	2011-02-06 21:14:11.810107	\N
564	532	217	2	ItemHardware	2011-02-06 21:14:34.676243	2011-02-06 21:14:34.676243	\N
565	259	217	2	ItemHardware	2011-02-06 21:15:22.650048	2011-02-06 21:15:22.650048	\N
566	258	217	4	ItemHardware	2011-02-06 21:15:47.779778	2011-02-06 21:15:47.779778	\N
567	257	217	3	ItemHardware	2011-02-06 21:16:16.07437	2011-02-06 21:16:16.07437	\N
568	256	217	4	ItemHardware	2011-02-06 21:16:42.761479	2011-02-06 21:16:42.761479	\N
569	261	217	2	ItemHardware	2011-02-06 21:17:07.919684	2011-02-06 21:17:07.919684	\N
570	260	217	4	ItemHardware	2011-02-06 21:17:35.205079	2011-02-06 21:17:35.205079	\N
571	500	605	3	ItemHardware	2011-02-06 21:48:05.041932	2011-02-06 21:48:05.041932	\N
572	501	605	3	ItemHardware	2011-02-06 21:48:30.626195	2011-02-06 21:48:30.626195	\N
574	574	218	2	ItemHardware	2011-02-06 21:51:08.764466	2011-02-06 21:51:08.764466	\N
575	564	218	2	ItemHardware	2011-02-06 21:51:40.659335	2011-02-06 21:51:40.659335	\N
576	565	218	2	ItemHardware	2011-02-06 21:52:10.866818	2011-02-06 21:52:10.866818	\N
577	575	218	2	ItemHardware	2011-02-06 21:52:33.631806	2011-02-06 21:52:33.631806	\N
578	566	218	2	ItemHardware	2011-02-06 21:52:52.967129	2011-02-06 21:52:52.967129	\N
579	576	218	2	ItemHardware	2011-02-06 21:53:40.899456	2011-02-06 21:53:40.899456	\N
580	567	218	2	ItemHardware	2011-02-06 21:54:01.31424	2011-02-06 21:54:01.31424	\N
581	577	218	2	ItemHardware	2011-02-06 21:54:24.294135	2011-02-06 21:54:24.294135	\N
582	568	218	2	ItemHardware	2011-02-06 21:54:45.952842	2011-02-06 21:54:45.952842	\N
583	578	218	2	ItemHardware	2011-02-06 21:55:07.659932	2011-02-06 21:55:07.659932	\N
584	569	218	2	ItemHardware	2011-02-06 21:55:28.862392	2011-02-06 21:55:28.862392	\N
585	579	218	2	ItemHardware	2011-02-06 21:55:50.540417	2011-02-06 21:55:50.540417	\N
586	570	218	2	ItemHardware	2011-02-06 21:56:11.002525	2011-02-06 21:56:11.002525	\N
587	580	218	2	ItemHardware	2011-02-06 21:56:29.194425	2011-02-06 21:56:29.194425	\N
589	572	220	2	ItemHardware	2011-02-06 21:57:23.183293	2011-02-06 21:57:23.183293	\N
590	582	220	2	ItemHardware	2011-02-06 22:09:38.937668	2011-02-06 22:09:38.937668	\N
591	573	220	2	ItemHardware	2011-02-06 22:18:37.664585	2011-02-06 22:18:37.664585	\N
592	583	220	2	ItemHardware	2011-02-06 22:22:36.969725	2011-02-06 22:22:36.969725	\N
593	571	220	2	ItemHardware	2011-02-06 22:22:56.69685	2011-02-06 22:22:56.69685	\N
594	581	220	2	ItemHardware	2011-02-06 22:23:21.156752	2011-02-06 22:23:21.156752	\N
595	630	199	2	ItemHardware	2011-02-08 02:13:08.373699	2011-02-08 02:13:08.373699	\N
596	630	6	2	ItemHardware	2011-02-08 02:13:49.807829	2011-02-08 02:13:49.807829	\N
597	694	199	4	ItemHardware	2011-02-08 02:15:01.399308	2011-02-08 02:15:01.399308	\N
598	694	6	4	ItemHardware	2011-02-08 02:15:20.330562	2011-02-08 02:15:20.330562	\N
599	516	218	2	ItemHardware	2011-02-08 03:47:58.246107	2011-02-08 03:47:58.246107	\N
\.


--
-- Data for Name: item_properties; Type: TABLE DATA; Schema: public; Owner: pg_orders
--

COPY item_properties (id, item_id, property_id, qualifier) FROM stdin;
515	45	6	\N
763	499	49	front
1007	617	6	\N
1008	613	6	\N
775	36	44	\N
1015	614	9	rear
1016	614	9	top
1017	614	9	bottom
1020	14	74	\N
1021	614	44	\N
1023	48	9	right
1025	602	74	\N
1028	20	9	front
795	246	56	\N
797	248	56	\N
798	249	56	\N
801	252	56	\N
1037	105	65	\N
804	254	56	\N
1041	155	65	\N
814	596	6	\N
1042	236	65	\N
1045	240	65	\N
1047	239	65	\N
827	500	48	\N
830	43	8	\N
1050	99	65	\N
1054	103	65	\N
1055	101	65	\N
516	45	9	front
518	44	6	\N
522	229	9	front
523	229	9	left
524	229	9	right
1058	19	32	left
528	47	9	front
529	47	9	left
530	47	9	right
531	47	11	\N
532	46	6	\N
537	230	6	\N
542	230	34	\N
1059	19	32	right
1060	19	32	front
1061	19	75	\N
561	42	6	\N
1062	205	65	\N
566	40	6	\N
571	245	6	\N
572	245	9	front
573	245	9	top
574	245	9	bottom
577	246	9	front
578	246	9	top
579	246	9	bottom
582	244	9	front
583	244	9	top
584	244	9	bottom
1064	21	75	\N
592	249	9	front
593	249	9	top
594	249	9	bottom
597	247	9	front
598	247	9	top
599	247	9	bottom
607	252	9	front
608	252	9	top
609	252	9	bottom
1071	605	65	\N
621	255	6	\N
1073	633	6	\N
627	253	9	front
628	253	9	top
629	253	9	bottom
1074	633	58	\N
631	48	6	\N
632	48	9	front
633	48	9	left
635	35	6	\N
640	36	6	\N
645	34	6	\N
651	39	9	front
652	39	9	top
653	39	9	bottom
655	37	6	\N
661	38	6	\N
662	38	9	front
663	38	9	top
664	38	9	bottom
691	18	6	\N
692	520	45	\N
698	527	45	\N
700	525	45	\N
709	232	45	\N
710	233	45	\N
711	231	45	\N
713	231	21	\N
714	233	15	\N
861	179	65	\N
726	562	7	\N
1095	634	6	\N
757	503	48	\N
761	503	50	\N
762	499	48	\N
862	63	65	\N
863	64	65	\N
1102	634	62	\N
870	56	65	\N
871	50	65	\N
872	54	65	\N
874	51	65	\N
875	55	65	\N
876	58	65	\N
877	52	65	\N
878	122	65	\N
887	116	65	\N
897	37	44	\N
898	80	65	\N
906	128	65	\N
909	114	65	\N
912	75	65	\N
914	150	65	\N
915	150	65	\N
916	132	65	\N
917	624	67	\N
918	126	65	\N
921	96	65	\N
925	153	65	\N
926	135	65	\N
935	147	65	\N
936	129	65	\N
938	115	65	\N
941	76	65	\N
954	154	65	\N
995	244	56	\N
997	250	56	\N
1003	617	9	bottom
1004	617	9	top
1118	221	74	\N
1126	206	74	\N
1127	11	74	\N
1128	11	74	\N
1130	606	74	\N
1133	588	74	\N
1134	226	74	\N
1135	6	74	\N
1136	200	74	\N
1142	13	74	\N
1143	587	74	\N
1144	586	74	\N
1009	613	9	left
519	44	9	front
1010	613	9	bottom
521	229	6	\N
525	229	11	\N
527	47	6	\N
533	46	9	front
534	46	9	left
535	46	9	right
536	46	11	\N
538	230	9	left
539	230	9	right
540	230	9	top
541	230	9	bottom
543	553	9	front
544	553	9	top
545	553	9	bottom
547	554	9	front
548	554	9	top
549	554	9	bottom
551	555	9	front
552	555	9	top
553	555	9	bottom
1011	613	9	top
556	41	6	\N
557	41	9	front
558	41	9	top
559	41	9	bottom
1012	613	9	right
562	42	9	front
563	42	9	top
564	42	9	bottom
567	40	9	front
568	40	9	top
569	40	9	bottom
1018	617	44	\N
1019	613	44	\N
576	246	6	\N
1022	603	74	\N
679	195	39	\N
681	196	39	\N
683	197	39	\N
1024	15	74	\N
1029	600	65	\N
1030	204	65	\N
1031	203	65	\N
1032	20	46	\N
693	518	45	\N
694	528	45	\N
695	519	45	\N
696	529	45	\N
697	517	45	\N
699	521	45	\N
701	523	45	\N
702	524	45	\N
703	522	45	\N
704	526	45	\N
705	526	15	\N
707	526	25	\N
708	234	45	\N
712	235	45	\N
715	530	45	\N
721	19	46	\N
728	563	6	\N
731	43	12	\N
1035	21	46	\N
734	516	6	\N
811	584	57	\N
812	584	58	\N
815	596	59	\N
1036	104	65	\N
1038	590	65	\N
1039	107	65	\N
760	503	49	right
1040	156	65	\N
1043	238	65	\N
1044	241	65	\N
1046	607	65	\N
1048	237	65	\N
1051	100	65	\N
1052	98	65	\N
1053	591	65	\N
864	62	65	\N
1063	227	51	\N
869	53	65	\N
873	57	65	\N
881	92	65	\N
885	131	65	\N
888	86	65	\N
889	95	65	\N
890	77	65	\N
891	143	65	\N
892	152	65	\N
894	34	44	\N
895	119	65	\N
899	38	44	\N
900	39	44	\N
913	141	65	\N
920	87	65	\N
922	78	65	\N
923	144	65	\N
927	120	65	\N
928	111	65	\N
1065	21	32	front
931	90	65	\N
932	553	69	\N
939	85	65	\N
940	94	65	\N
942	142	65	\N
944	151	65	\N
945	133	65	\N
946	127	65	\N
1068	592	65	\N
948	118	65	\N
961	73	65	\N
962	139	65	\N
963	148	65	\N
964	130	65	\N
966	60	65	\N
967	61	65	\N
968	48	11	\N
969	59	65	\N
970	159	65	\N
971	160	65	\N
972	161	65	\N
974	66	65	\N
975	67	65	\N
976	65	65	\N
977	183	65	\N
978	180	65	\N
979	177	65	\N
980	184	65	\N
982	181	65	\N
983	178	65	\N
984	185	65	\N
985	563	70	\N
986	182	65	\N
991	223	72	\N
992	222	71	\N
993	224	71	\N
994	225	71	\N
996	247	56	\N
998	253	56	\N
999	627	58	\N
1000	627	6	\N
1085	511	106	\N
1086	501	48	\N
1089	502	50	\N
1090	500	50	\N
1091	501	49	front
1092	501	49	right
1093	501	50	\N
1094	499	50	\N
1096	634	9	rear
1097	634	9	front
1098	634	9	left
1099	634	9	right
1131	199	74	\N
1132	7	74	\N
1145	10	74	\N
1146	228	74	\N
1149	635	75	\N
1150	635	32	front
1151	635	32	left
1152	635	32	right
1153	635	32	rear
1154	635	50	\N
1013	614	6	\N
581	244	6	\N
586	248	6	\N
587	248	9	front
588	248	9	top
589	248	9	bottom
591	249	6	\N
1014	614	9	front
596	247	6	\N
601	251	6	\N
602	251	9	front
603	251	9	top
604	251	9	bottom
606	252	6	\N
611	250	6	\N
612	250	9	front
613	250	9	top
614	250	9	bottom
616	254	6	\N
617	254	9	front
618	254	9	top
619	254	9	bottom
622	255	9	front
623	255	9	top
624	255	9	bottom
626	253	6	\N
636	35	9	front
637	35	9	top
638	35	9	bottom
641	36	9	front
774	35	44	\N
789	554	56	\N
790	555	54	\N
791	41	56	\N
792	42	56	\N
642	36	9	top
643	36	9	bottom
646	34	9	front
647	34	9	top
648	34	9	bottom
650	39	6	\N
656	37	9	front
657	37	9	top
658	37	9	bottom
794	245	56	\N
668	20	6	\N
669	158	9	left
670	158	9	right
671	158	9	top
672	158	9	bottom
800	251	56	\N
675	198	39	\N
677	194	39	\N
444	547	6	\N
445	227	6	\N
446	548	7	\N
447	549	8	\N
448	551	6	\N
722	18	9	front
723	18	9	left
451	227	9	front
453	528	13	\N
454	523	13	\N
455	232	13	\N
456	518	13	\N
457	524	15	\N
458	529	15	\N
459	235	15	\N
460	521	15	\N
805	255	56	\N
462	519	15	\N
463	527	21	\N
465	517	21	\N
466	522	21	\N
467	530	23	\N
468	525	23	\N
469	234	23	\N
470	520	23	\N
471	555	6	\N
472	553	6	\N
473	554	6	\N
724	18	9	right
725	18	46	\N
477	527	24	\N
478	530	24	\N
479	529	24	\N
480	528	24	\N
481	231	25	\N
482	517	25	\N
483	235	25	\N
484	521	25	\N
485	234	25	\N
486	520	25	\N
487	232	25	\N
488	518	25	\N
489	233	25	\N
490	519	25	\N
491	524	26	\N
492	525	26	\N
493	522	26	\N
494	523	26	\N
495	524	29	\N
496	527	29	\N
497	530	29	\N
498	231	29	\N
499	517	29	\N
500	529	29	\N
501	235	29	\N
502	521	29	\N
503	525	29	\N
504	522	29	\N
505	234	29	\N
506	520	29	\N
507	528	29	\N
508	523	29	\N
509	232	29	\N
510	518	29	\N
511	233	29	\N
512	519	29	\N
514	158	6	\N
735	516	9	left
736	516	9	right
737	516	9	top
738	516	9	bottom
741	162	6	\N
742	162	9	left
743	162	9	right
744	162	9	top
745	162	9	bottom
813	558	7	\N
818	598	7	\N
819	599	60	\N
822	502	48	\N
824	502	49	front
825	502	49	left
826	502	49	right
828	500	49	front
829	500	49	left
858	45	62	\N
879	113	65	\N
880	83	65	\N
882	74	65	\N
883	140	65	\N
884	149	65	\N
886	125	65	\N
893	134	65	\N
896	110	65	\N
901	89	65	\N
902	71	65	\N
903	137	65	\N
904	146	65	\N
907	40	56	\N
908	123	65	\N
910	84	65	\N
911	93	65	\N
919	117	65	\N
930	81	65	\N
933	72	65	\N
934	138	65	\N
937	124	65	\N
949	88	65	\N
950	97	65	\N
951	79	65	\N
952	145	65	\N
955	136	65	\N
957	121	65	\N
958	112	65	\N
959	82	65	\N
960	91	65	\N
1158	106	50	\N
1161	666	109	\N
1163	660	65	\N
1164	654	109	\N
1165	656	111	\N
1166	672	109	\N
1167	648	109	\N
1168	662	111	\N
1169	668	111	\N
1170	650	111	\N
1171	644	111	\N
1172	664	111	\N
1173	658	111	\N
1174	652	111	\N
1175	670	111	\N
1176	646	111	\N
1177	663	111	\N
1178	669	111	\N
1179	657	111	\N
1180	651	111	\N
1181	645	111	\N
1182	661	111	\N
1183	667	111	\N
1184	655	111	\N
1185	649	111	\N
1186	643	111	\N
1187	665	111	\N
1189	671	111	\N
1190	659	111	\N
1191	653	111	\N
1192	647	111	\N
1193	631	109	\N
1194	201	109	\N
1195	9	109	\N
1196	593	109	\N
1197	218	65	\N
1198	220	65	\N
1199	219	65	\N
1200	109	109	\N
1201	12	109	\N
1202	217	110	\N
1203	202	109	\N
1204	5	65	\N
1205	4	65	\N
1206	2	65	\N
1208	3	65	\N
1209	172	112	\N
1210	173	112	\N
1211	174	112	\N
1212	175	108	\N
1213	176	113	\N
1215	171	113	\N
1216	164	114	\N
1217	165	114	\N
1218	166	114	\N
1219	167	112	\N
1220	168	114	\N
1221	169	114	\N
1222	594	71	\N
1223	595	71	\N
1224	691	113	\N
1225	692	113	\N
1226	688	113	\N
1227	686	113	\N
1228	690	113	\N
1229	677	113	\N
1230	676	113	\N
1231	687	113	\N
1232	678	113	\N
1233	681	113	\N
1234	673	113	\N
1235	693	113	\N
1236	683	113	\N
1237	682	113	\N
1238	684	113	\N
1239	674	113	\N
1240	685	113	\N
1241	675	113	\N
1242	679	113	\N
1243	680	113	\N
1244	689	113	\N
1245	106	57	\N
1247	636	115	\N
1253	158	117	\N
1260	516	116	\N
1261	162	118	\N
1264	699	119	\N
1266	700	119	\N
1268	701	119	\N
1270	702	119	\N
1272	703	119	\N
1274	701	120	\N
1275	700	120	\N
1276	702	120	\N
1277	699	120	\N
1278	703	120	\N
1279	198	120	\N
1280	197	120	\N
1281	195	120	\N
1282	196	120	\N
1283	194	120	\N
1284	162	50	\N
1286	517	121	\N
1287	522	121	\N
1288	520	121	\N
1289	530	121	\N
1290	518	121	\N
1291	528	121	\N
1292	519	121	\N
1293	529	121	\N
1294	527	121	\N
1295	521	121	\N
1296	525	121	\N
1297	523	121	\N
1298	524	121	\N
1299	526	121	\N
1300	234	121	\N
1301	232	121	\N
1302	233	121	\N
1303	231	121	\N
1304	235	121	\N
1306	44	51	\N
1307	704	120	\N
1308	158	123	\N
1309	516	123	\N
\.


--
-- Data for Name: items; Type: TABLE DATA; Schema: public; Owner: pg_orders
--

COPY items (id, name, description, sku, units, dvinci_id, cutrite_id, created_at, updated_at, purchasing, purchase_part_id, type, base_price, vendor, weight, install_cost, rebate_factor, retail_multiplier) FROM stdin;
549	ZZ Panel 06 DON'T DELETE	building block: 1/4 inch panel		\N			2011-01-01 20:34:10.316243	2011-01-07 17:41:24.972736	Manufactured		Panel	\N	\N	\N	\N	0.92000000000000004	0.40000000000000002
68	ZH Jewelry Tray (18)	Jewelry Tray (18)		\N	000.984.018.000.00P		2011-01-01 18:53:52.578565	2011-01-26 19:31:27.259193	Purchased	JT18	Item	\N		\N	\N	0.92000000000000004	0.40000000000000002
603	ZH Murphy Bed Hardware Set King		ABF-M/ABF-K	\N			2011-01-11 05:35:59.132818	2011-01-26 19:34:16.95902	Purchased	10063	Item	809.85000000000002		\N	\N	0.92000000000000004	0.40000000000000002
99	ZH Closet Rod | Matte Nickel	Wardrobe Tube Al Ni Matt 1 5/16	801.42.600	\N	000.801.042.600.00I		2011-01-01 18:53:53.512515	2011-01-26 19:22:40.247983	Inventory	30077	ScaledItem	11.859999999999999		\N	\N	0.92000000000000004	0.40000000000000002
626	ZZ HO Base Cabinet Shell DON'T DELETE			\N			2011-01-12 22:49:22.538239	2011-01-12 22:49:22.538239	Manufactured		Shell	\N	\N	\N	\N	0.92000000000000004	0.40000000000000002
584	ZZ Nailer DON'T DELETE	Building block: nailer		\N			2011-01-06 15:16:57.152294	2011-01-12 17:27:15.91801	Manufactured		Panel	\N	\N	\N	\N	0.92000000000000004	0.40000000000000002
551	ZZ HOp Adj Shelf DON'T DELETE	building block: home office adjustable shelf 3/4 inch		\N			2011-01-01 22:46:37.657789	2011-01-12 21:47:42.764442	Manufactured		Panel	\N	\N	\N	\N	0.92000000000000004	0.40000000000000002
627	ZZ HOp Stretcher DON'T DELETE			\N			2011-01-12 23:30:49.335822	2011-01-12 23:30:49.335822	Manufactured		Panel	\N	\N	\N	\N	0.92000000000000004	0.40000000000000002
224	ZH Jewelry Tray | Black Velvet | (27-13/16 x 12-5/8 x 2)	Jewelry Tray | Black Velvet | (27-13/16 x 12-5/8 x 2)	CLO2606-2712-20	\N	000.984.272.000.00P		2011-01-01 18:54:02.74512	2011-01-26 19:32:42.139854	Purchased	30117	Item	26.010000000000002		\N	\N	0.92000000000000004	0.40000000000000002
60	ZH Tie Rack | Matte Nickel	Synergy Tie Rack with Slide, aluminum, nickel-plated matt, plastic, black, 13 7/8" length	807.67.603	\N	000.807.067.603.00P		2011-01-01 18:53:51.399991	2011-01-26 20:15:31.709406	Purchased		Item	21.870000000000001		\N	\N	0.92000000000000004	0.40000000000000002
9	ZH Screw (Confirmat)	Confirmat St.Zip.Pozi 3 7X50Mm	7326442197	\N	000.100.400.000.00I		2011-01-01 18:53:39.058745	2011-01-26 19:36:30.803721	Inventory	1004	Item	0.037069999999999999		\N	\N	0.92000000000000004	0.40000000000000002
54	ZH Shoe Fence (24) | Matte Nickel	Shoe Fence, steel, matte nickel, 23"	547.51.603	\N	000.547.051.603.00P		2011-01-01 18:53:51.207031	2011-01-26 19:41:05.968587	Purchased	30069	Item	3.1280000000000001		\N	\N	0.92000000000000004	0.40000000000000002
557	ZZ NX Tall Cabinet Shell w/VD DON'T DELETE	building block: NX tall cabinet shell with 1 vertical divider		\N			2011-01-02 03:43:52.024461	2011-01-12 20:18:25.775612	Manufactured		Shell	\N	\N	\N	\N	0.92000000000000004	0.40000000000000002
80	ZH Sliding Wire Basket (18x6x14) | Matte Nickel	Closet Basket, steel, matt nickel, 14"d x 17"w x 6"h	547.38.242	\N	000.547.038.222.00P		2011-01-01 18:53:52.819495	2011-01-26 19:56:40.477613	Purchased	30043-1	Item	19.07		\N	\N	0.92000000000000004	0.40000000000000002
632	ZZ HO Wall Bed DON'T DELETE			\N			2011-01-13 19:49:20.417448	2011-01-13 19:49:20.417448	Manufactured		Shell	\N	\N	\N	\N	0.92000000000000004	0.40000000000000002
101	ZH Pole Cups (pair) | Polished Chrome	Wardrobe Tube Support Zn. Chr Pol. For 1 5/16	803.56.200	\N	000.803.056.200.00I		2011-01-01 18:53:53.539074	2011-01-26 19:35:34.642874	Inventory	30081	Item	1.728		\N	\N	0.92000000000000004	0.40000000000000002
633	ZZ HOp WB Nailer DON'T DELETE			\N			2011-01-13 19:56:47.039275	2011-01-13 19:57:43.591171	Manufactured		Panel	\N	\N	\N	\N	0.92000000000000004	0.40000000000000002
168	ZH Drawer Slide | 3/4 ext | 20 inch	Soft-Roller 100Lbs St White 500mm 20 inch	7111KSC20W	\N	007.111.KSC.20W.00I		2011-01-01 18:53:55.811642	2011-01-26 19:25:10.094186	Inventory	10037	Item	1.0800000000000001		\N	\N	0.92000000000000004	0.40000000000000002
93	ZH Sliding Wire Basket (24x11x14) | Oil Rubbed Bronze	Closet Basket, steel, dark oil rubbed bronze, 14"d x 23"w x 11"h	547.36.146	\N	000.547.036.146.00P		2011-01-01 18:53:53.409919	2011-01-26 19:58:38.766981	Purchased	30025-1	Item	25.48		\N	\N	0.92000000000000004	0.40000000000000002
594	ZH MiniFix (Cam)	15Mm X 14Mm Klix Cam Zinc..	6705656ZN	\N			2011-01-07 04:58:59.368516	2011-01-26 19:33:24.516652	Inventory	10050	Item	0.071099999999999997		\N	\N	0.92000000000000004	0.40000000000000002
133	ZH Sliding Wire Basket (30x11x16) | Polished Chrome	Closet Basket, steel, chrome-plated, 16"d x 29"w x 11"h	547.41.266	\N	000.547.041.266.00P		2011-01-01 18:53:54.428492	2011-01-26 20:05:43.072588	Purchased	30019-1	Item	26.34		\N	\N	0.92000000000000004	0.40000000000000002
596	ZZ Toe-Kick DON'T DELETE			\N			2011-01-07 06:43:46.374507	2011-01-12 17:28:24.502859	Manufactured		Panel	\N	\N	\N	\N	0.92000000000000004	0.40000000000000002
169	ZH Drawer Slide | 3/4 ext | 22 inch	Soft-Roller 100Lbs St White 550mm 22 inch	7111KSC22W	\N	007.111.KSC.22W.00I		2011-01-01 18:53:55.816594	2011-01-26 19:25:22.589385	Inventory	10074	Item	1.1799999999999999		\N	\N	0.92000000000000004	0.40000000000000002
240	ZH Cam Cover | Cinnamon	Rafix Cover Cap Pl Cinnamon For Flush Cams use with Autumn Glow	263.59.132	\N	000.263.059.132.00I		2011-01-01 18:54:07.746051	2011-01-26 19:21:01.967173	Inventory	10046	Item	0.0106		\N	\N	0.92000000000000004	0.40000000000000002
239	ZH Cam Cover | Wheat	Rafix Cover Cap Pl Wheat For Flush Cams. use with Maple	263.59.432	\N	000.263.059.432.00I		2011-01-01 18:54:07.647172	2011-01-26 19:21:31.497854	Inventory	10045	Item	0.0106		\N	\N	0.92000000000000004	0.40000000000000002
178	ZH Wardrobe Lift (26-35) | Polished Chrome	Wardrobe Lift, steel, chrome-plated, black, 26" - 35 1/16", 26 lbs load capacity	805.31.202	\N	000.805.031.202.00P		2011-01-01 18:53:56.023107	2011-01-26 20:18:04.60232	Purchased	30075	Item	39.536000000000001		\N	\N	0.92000000000000004	0.40000000000000002
237	ZH Cam Cover | White	Rafix Cover Cap Pl White For Flush Cams	263.59.730	\N	000.263.059.730.00I		2011-01-01 18:54:07.537971	2011-01-26 19:21:44.18239	Inventory	10043	Item	0.0106		\N	\N	0.92000000000000004	0.40000000000000002
599	ZZ NXp Panel 19 DON'T DELETE	building block: 3/4 inch materials that are COLOR / White 1 side		\N			2011-01-07 17:54:41.915181	2011-01-12 20:23:40.077996	Manufactured		Panel	\N	\N	\N	\N	0.92000000000000004	0.40000000000000002
660	ZH SlatWall 12 x 96 (4/box) |Maple	SlatWall 12 x 96 (4/box) |Maple	HSW5008	\N	000.990.320.30W.00I		2011-01-21 01:24:55.088016	2011-01-26 19:43:15.690934	Purchased	3203-W	Item	27.440000000000001		\N	\N	0.92000000000000004	0.40000000000000002
262	NX Base Cabinet 2 Door	NX Base Cabinet 2 Door 		\N	000.102.433.x.00M	NX-C-1AS	2011-01-01 18:54:09.878699	2011-01-31 16:10:00.179755	Manufactured	Garage_Cabinets	Cabinet	\N		\N	\N	0.92000000000000004	0.40000000000000002
658	ZH SlatWall Drywall Screws (1000/box) | Maple	SlatWall Drywall Screws (1000/box) | Maple	HSWS500M	\N	000.990.320.30S.00I		2011-01-21 01:24:55.078039	2011-01-26 19:46:25.776441	Purchased	3203-S	Item	0.034000000000000002		\N	\N	0.92000000000000004	0.40000000000000002
669	ZH SlatWall J Molding (4/box) | Gray	SlatWall J Molding (4/box) | Gray	HST3088L	\N	000.990.320.5JM.00I		2011-01-21 01:24:55.133653	2011-01-26 19:47:30.278134	Purchased	3205-JM	Item	5.25		\N	\N	0.92000000000000004	0.40000000000000002
670	ZH SlatWall Drywall Screws (1000/box) | Gray	SlatWall Drywall Screws (1000/box) | Gray	HSWS300G	\N	000.990.320.50S.00I		2011-01-21 01:24:55.138712	2011-01-26 19:46:12.398414	Purchased	3205-S	Item	0.034000000000000002		\N	\N	0.92000000000000004	0.40000000000000002
678	ZH The Fish Hook (4/box)	~ The Fish Hook (4/box)	7110-5050-50	\N	000.995.300.600.00I		2011-01-21 01:24:55.181376	2011-01-26 20:13:07.749171	Purchased	3006	Item	16.504169999999998		\N	\N	0.92000000000000004	0.40000000000000002
182	ZH Wardrobe Lift (35-47) | Matte Nickel	Wardrobe Lift, steel, nickel-plated, black, 35 1/16" - 47 5/8", 26 lbs load capacity	805.31.603	\N	000.805.031.603.00P		2011-01-01 18:53:56.21133	2011-01-26 20:18:33.43588	Purchased		Item	71.244		\N	\N	0.92000000000000004	0.40000000000000002
693	ZH The Grid (3/box)	~ The Grid (3/box)	7110-5700-50	\N	000.995.302.100.00I		2011-01-21 01:24:55.257434	2011-01-26 20:13:41.084284	Purchased	3021	Item	13.18399		\N	\N	0.92000000000000004	0.40000000000000002
6	ZH Hinge | Full Overlay	Hinge Full Overlay  (300/box)	65C2R9A99	\N	000.311.060.560.00I		2011-01-01 18:53:39.043881	2011-01-26 19:29:33.972705	Inventory	1026	Item	0.68999999999999995		\N	\N	0.92000000000000004	0.40000000000000002
172	ZH Drawer Slide | Full ext | 14 inch	Drawer glide 14 inch full extension 100Lb	FU3173314	\N	000.FU3.173.314.00I		2011-01-01 18:53:55.875115	2011-01-26 19:25:47.749762	Inventory	1070	Item	2.98		\N	\N	0.92000000000000004	0.40000000000000002
206	ZH Screw (Angle Brackets)	Screw Zip-R steel, zinc-plated flat countersunk head T17 square drive #8 x 3/4" (1000/box)	010.70.965	\N	000.010.070.965.00I		2011-01-01 18:53:57.245048	2011-01-26 19:35:58.012034	Inventory	10064	Item	0.0083000000000000001		\N	\N	0.92000000000000004	0.40000000000000002
519	Decor Door - DR8	Decor Door - DR8 		\N	000.103.000.x.00B	DS-D-DR8	2011-01-01 18:54:28.06988	2011-01-31 15:55:07.653816	Buyout	Buyout_Door	PremiumDoor	\N		\N	\N	0.92000000000000004	0.40000000000000002
83	ZH Sliding Wire Basket (18x11x14) | Matte Nickel	Closet Basket, steel, matt nickel, 14"d x 17"w x 11"h	547.38.246	\N	000.547.038.246.00P		2011-01-01 18:53:53.046685	2011-01-26 19:52:23.525634	Purchased	30041-1	Item	20.300000000000001		\N	\N	0.92000000000000004	0.40000000000000002
559	ZZ CL Hutch Shell DON'T DELETE	building block: closet hutch shell		\N			2011-01-02 17:12:09.982082	2011-01-13 04:19:39.144614	Manufactured		Shell	\N	\N	\N	\N	0.92000000000000004	0.40000000000000002
590	ZH Hang Rail Cover | White	Wall Rail Covering Strip  96"- White	290.12.781	\N	000.290.012.781.00I		2011-01-07 02:46:28.37289	2011-01-26 19:29:04.760263	Inventory	10039	Item	1.3500000000000001		\N	\N	0.92000000000000004	0.40000000000000002
51	ZH Shoe Fence (24) | Polished Chrome	Shoe Fence, steel, chrome, 23"	547.51.203	\N	000.547.051.203.00P		2011-01-01 18:53:51.054929	2011-01-26 19:41:28.985166	Purchased	30063	Item	3.4399999999999999		\N	\N	0.92000000000000004	0.40000000000000002
629	ZZ HO Hutch DON'T DELETE			\N			2011-01-13 15:47:49.993261	2011-01-13 15:47:49.993261	Manufactured		Shell	\N	\N	\N	\N	0.92000000000000004	0.40000000000000002
562	ZZ zNX Fixed Shelf DON'T DELETE	NX fixed shelf		\N			2011-01-04 04:50:00.102551	2011-01-12 17:39:35.901332	Manufactured		Panel	\N	\N	\N	\N	0.92000000000000004	0.40000000000000002
628	ZZ HO Hutch w/VD DON'T DELETE			\N			2011-01-13 15:47:00.538281	2011-01-13 16:19:27.373191	Manufactured		Shell	\N	\N	\N	\N	0.92000000000000004	0.40000000000000002
691	ZH The Basket (6/box)	~ The Basket (6/box)	7110-5620-50	\N	000.995.301.900.00I		2011-01-21 01:24:55.247347	2011-01-26 20:11:42.342169	Purchased	3019	Item	8.9040499999999998		\N	\N	0.92000000000000004	0.40000000000000002
95	ZH Sliding Wire Basket (18x17x14) | Oil Rubbed Bronze	Closet Basket, steel, dark oil rubbed bronze, 14"d x 17"w x 17"h	547.35.148	\N	000.547.035.148.00P		2011-01-01 18:53:53.449682	2011-01-26 19:54:43.324781	Purchased	30023-1	Item	27.859999999999999		\N	\N	0.92000000000000004	0.40000000000000002
110	ZH Sliding Wire Basket (18x6x12) | Polished Chrome	Closet Basket, steel, chrome-plated, 12"d x 17"w x 6"h	547.38.222	\N	000.547.038.222.00P		2011-01-01 18:53:53.635417	2011-01-26 19:56:29.332483	Purchased		Item	17.109999999999999		\N	\N	0.92000000000000004	0.40000000000000002
62	ZH Belt Rack | Polished Chrome	Belt Rack W/Slide-ATL Al Chr Pol/Bl Pl 13 7/8	807.67.213	\N	000.807.067.213.00P		2011-01-01 18:53:51.535374	2011-01-26 19:19:50.009194	Purchased		Item	20.059999999999999		\N	\N	0.92000000000000004	0.40000000000000002
548	ZZ NXp Deck DON'T DELETE	building block: 1 inch thick deck		\N			2011-01-01 20:31:37.885045	2011-01-12 21:04:07.172785	Manufactured		Panel	\N	\N	\N	\N	0.92000000000000004	0.40000000000000002
505	HO Upper 1 Door	HO Upper 1 Door 		\N	000.301.131.x.00M	HO-WC-2AS	2011-01-01 18:54:27.778182	2011-01-31 16:08:02.250067	Manufactured	HomeOffice_Cabinets	Cabinet	\N		\N	\N	0.92000000000000004	0.40000000000000002
458	CTOP Corner - Futura (3 Week Lead Time) | Laminate 4883 Sable Soapstone	CTOP Corner - Futura (3 Week Lead Time) | Laminate 4883 Sable Soapstone		\N	000.402.003.311.00P	LAM-CCTOP-FU	2011-01-01 18:54:26.565738	2011-01-30 16:38:48.590622	Purchased		Item	166.15000000000001		\N	\N	0.92000000000000004	0.40000000000000002
460	CTOP Corner - Futura (3 Week Lead Time) | Laminate 4885 Green Soapstone	CTOP Corner - Futura (3 Week Lead Time) | Laminate 4885 Green Soapstone		\N	000.402.003.313.00P	LAM-CCTOP-FU	2011-01-01 18:54:26.620567	2011-01-30 16:39:15.372471	Purchased		Item	166.15000000000001		\N	\N	0.92000000000000004	0.40000000000000002
461	CTOP Corner - Futura (3 Week Lead Time) | Laminate 4886 Pearl Soapstone	CTOP Corner - Futura (3 Week Lead Time) | Laminate 4886 Pearl Soapstone		\N	000.402.003.314.00P	LAM-CCTOP-FU	2011-01-01 18:54:26.632721	2011-01-30 16:39:27.427445	Purchased		Item	166.15000000000001		\N	\N	0.92000000000000004	0.40000000000000002
462	CTOP Corner - Futura (3 Week Lead Time) | Laminate 4887 Tan Soapstone	CTOP Corner - Futura (3 Week Lead Time) | Laminate 4887 Tan Soapstone		\N	000.402.003.315.00P	LAM-CCTOP-FU	2011-01-01 18:54:26.653557	2011-01-30 16:39:39.627988	Purchased		Item	166.15000000000001		\N	\N	0.92000000000000004	0.40000000000000002
463	CTOP Corner - Futura (3 Week Lead Time) | Laminate 7921 Tuscan Walnut	CTOP Corner - Futura (3 Week Lead Time) | Laminate 7921 Tuscan Walnut		\N	000.402.003.316.00P	LAM-CCTOP-FU	2011-01-01 18:54:26.757975	2011-01-30 16:39:51.912634	Purchased		Item	166.15000000000001		\N	\N	0.92000000000000004	0.40000000000000002
467	CTOP Corner - Futura (3 Week Lead Time) | Laminate D92 Dove Grey	CTOP Corner - Futura (3 Week Lead Time) | Laminate D92 Dove Grey		\N	000.402.003.320.00P	LAM-CCTOP-FU	2011-01-01 18:54:26.977066	2011-01-30 16:40:46.038628	Purchased		Item	166.15000000000001		\N	\N	0.92000000000000004	0.40000000000000002
450	CTOP Corner - Futura | Laminate 4552 Ebony Star	CTOP Corner - Futura | Laminate 4552 Ebony Star		\N	000.402.003.303.00P	LAM-CCTOP-FU	2011-01-01 18:54:26.073479	2011-01-30 16:41:00.044608	Purchased		Item	210.46000000000001		\N	\N	0.92000000000000004	0.40000000000000002
469	CTOP Corner - Geneva (3 Week Lead Time) | Laminate 1573 Frosty White	CTOP Corner - Geneva (3 Week Lead Time) | Laminate 1573 Frosty White		\N	000.402.004.301.00P	LAM-CCTOP-GEN	2011-01-01 18:54:27.026812	2011-01-30 16:42:45.573338	Purchased		Item	177.84999999999999		\N	\N	0.92000000000000004	0.40000000000000002
470	CTOP Corner - Geneva (3 Week Lead Time) | Laminate 1595 Black	CTOP Corner - Geneva (3 Week Lead Time) | Laminate 1595 Black		\N	000.402.004.302.00P	LAM-CCTOP-GEN	2011-01-01 18:54:27.039552	2011-01-30 16:43:01.776981	Purchased		Item	177.84999999999999		\N	\N	0.92000000000000004	0.40000000000000002
471	CTOP Corner - Geneva (3 Week Lead Time) | Laminate 4552 Ebony Star	CTOP Corner - Geneva (3 Week Lead Time) | Laminate 4552 Ebony Star		\N	000.402.004.303.00P	LAM-CCTOP-GEN	2011-01-01 18:54:27.05451	2011-01-30 16:43:20.017035	Purchased		Item	228.31		\N	\N	0.92000000000000004	0.40000000000000002
554	CL Hanging Partition - Square - Right	Closet system hanging partition - square bottom - right stop drilled		\N	000.910.36x.x.00M	CL-HPS-R	2011-01-02 01:58:36.441309	2011-01-30 21:26:40.879838	Manufactured	Closets	ClosetPartition	\N		\N	\N	0.92000000000000004	0.40000000000000002
472	CTOP Corner - Geneva (3 Week Lead Time) | Laminate 4781 Sunstone	CTOP Corner - Geneva (3 Week Lead Time) | Laminate 4781 Sunstone		\N	000.402.004.304.00P	LAM-CCTOP-GEN	2011-01-01 18:54:27.109294	2011-01-30 16:43:33.473693	Purchased		Item	228.31		\N	\N	0.92000000000000004	0.40000000000000002
473	CTOP Corner - Geneva (3 Week Lead Time) | Laminate 4789 Limestone	CTOP Corner - Geneva (3 Week Lead Time) | Laminate 4789 Limestone		\N	000.402.004.305.00P	LAM-CCTOP-GEN	2011-01-01 18:54:27.123116	2011-01-30 16:43:45.761381	Purchased		Item	228.31		\N	\N	0.92000000000000004	0.40000000000000002
438	CTOP Corner - Tempo (3 Week Lead Time) | Laminate 4884 Flame Soapstone	CTOP Corner - Tempo (3 Week Lead Time) | Laminate 4884 Flame Soapstone		\N	000.402.002.312.00P	LAM-CCTOP-TE	2011-01-01 18:54:25.790373	2011-01-30 17:15:57.030115	Purchased		Item	146.46000000000001		\N	\N	0.92000000000000004	0.40000000000000002
442	CTOP Corner - Tempo (3 Week Lead Time) | Laminate 7921 Tuscan Walnut	CTOP Corner - Tempo (3 Week Lead Time) | Laminate 7921 Tuscan Walnut		\N	000.402.002.316.00P	LAM-CCTOP-TE	2011-01-01 18:54:25.850255	2011-01-30 17:16:08.232876	Purchased		Item	146.46000000000001		\N	\N	0.92000000000000004	0.40000000000000002
443	CTOP Corner - Tempo (3 Week Lead Time) | Laminate 7942 Cocobala	CTOP Corner - Tempo (3 Week Lead Time) | Laminate 7942 Cocobala		\N	000.402.002.317.00P	LAM-CCTOP-TE	2011-01-01 18:54:25.8639	2011-01-30 17:16:22.187909	Purchased		Item	186.46000000000001		\N	\N	0.92000000000000004	0.40000000000000002
444	CTOP Corner - Tempo (3 Week Lead Time) | Laminate 7948 Mambo	CTOP Corner - Tempo (3 Week Lead Time) | Laminate 7948 Mambo		\N	000.402.002.318.00P	LAM-CCTOP-TE	2011-01-01 18:54:25.876611	2011-01-30 17:16:33.722556	Purchased		Item	161.22999999999999		\N	\N	0.92000000000000004	0.40000000000000002
447	CTOP Corner - Tempo (3 Week Lead Time) | Laminate D403 White Sand	CTOP Corner - Tempo (3 Week Lead Time) | Laminate D403 White Sand		\N	000.402.002.321.00P	LAM-CCTOP-TE	2011-01-01 18:54:25.922282	2011-01-30 17:16:46.712881	Purchased		Item	146.46000000000001		\N	\N	0.92000000000000004	0.40000000000000002
446	CTOP Corner - Tempo (3 Week Lead Time) | Laminate D92 Dove Grey	CTOP Corner - Tempo (3 Week Lead Time) | Laminate D92 Dove Grey		\N	000.402.002.320.00P	LAM-CCTOP-TE	2011-01-01 18:54:25.90428	2011-01-30 17:16:59.367333	Purchased		Item	146.46000000000001		\N	\N	0.92000000000000004	0.40000000000000002
439	CTOP Corner - Tempo | Laminate 4885 Green Soapstone	CTOP Corner - Tempo | Laminate 4885 Green Soapstone		\N	000.402.002.313.00P	LAM-CCTOP-TE	2011-01-01 18:54:25.808736	2011-01-30 17:17:49.793641	Purchased		Item	146.46000000000001		\N	\N	0.92000000000000004	0.40000000000000002
440	CTOP Corner - Tempo | Laminate 4886 Pearl Soapstone	CTOP Corner - Tempo | Laminate 4886 Pearl Soapstone		\N	000.402.002.314.00P	LAM-CCTOP-TE	2011-01-01 18:54:25.821993	2011-01-30 17:18:01.620309	Purchased		Item	146.46000000000001		\N	\N	0.92000000000000004	0.40000000000000002
441	CTOP Corner - Tempo | Laminate 4887 Tan Soapstone	CTOP Corner - Tempo | Laminate 4887 Tan Soapstone		\N	000.402.002.315.00P	LAM-CCTOP-TE	2011-01-01 18:54:25.835718	2011-01-30 17:18:12.289822	Purchased		Item	146.46000000000001		\N	\N	0.92000000000000004	0.40000000000000002
39	CL Upright Partition - Right	CL Upright Partition - Right 		\N	000.911.3x.x.00M	CL-VU-R	2011-01-01 18:53:39.920172	2011-01-30 21:31:53.01805	Manufactured	Closets	ClosetPartition	\N		\N	\N	0.92000000000000004	0.40000000000000002
508	HO Hutch	HO Hutch 		\N	000.441.151.x.00M	HO-HC-3AS	2011-01-01 18:54:27.8462	2011-01-31 16:07:11.400044	Manufactured	HomeOffice_Cabinets	Cabinet	\N		\N	\N	0.92000000000000004	0.40000000000000002
250	CL Hutch Panel 44 - BaseNotch - Thru	CL Hutch Panel 44 - BaseNotch - Thru 		\N	000.211.044.x.00M	CL-VHPN-44-T	2011-01-01 18:54:08.772561	2011-01-30 21:29:27.590008	Manufactured	Closets	ClosetPartition	\N		\N	\N	0.92000000000000004	0.40000000000000002
531	CL Hutch Base	CL Hutch Base Shell		\N	000.300.131.x.00M	CL-HBC	2011-01-01 18:54:28.461637	2011-01-30 21:27:30.710298	Manufactured	Closets	Cabinet	\N		\N	\N	0.92000000000000004	0.40000000000000002
19	CTOP - 1 in. melamine	CTOP 1 in. melamine		\N	000.501.000.x.00M	MEL-CTOP-25	2011-01-01 18:53:39.129346	2011-02-02 05:59:54.860367	Manufactured	Worksurfaces	Countertop	\N		\N	\N	0.92000000000000004	0.40000000000000002
547	ZZ Panel 19 DON'T DELETE	building block: 3/4 inch panel		\N			2011-01-01 19:26:55.928525	2011-01-07 17:42:24.84474	Manufactured		Panel	\N	\N	\N	\N	0.92000000000000004	0.40000000000000002
676	ZH The Bike Rack & Basket (4/box)	~ The Bike Rack & Basket (4/box)	7110-5040-50	\N	000.995.300.400.00I		2011-01-21 01:24:55.171361	2011-01-26 20:12:46.015759	Purchased	3004	Item	12.704040000000001		\N	\N	0.92000000000000004	0.40000000000000002
550	ZZ HO Cabinet Shell DON'T DELETE	building block: home office cabinet shell		\N			2011-01-01 21:36:43.353341	2011-01-07 17:49:29.890678	Manufactured		Shell	\N	\N	\N	\N	0.92000000000000004	0.40000000000000002
64	ZH Belt Rack | Oil Rubbed Bronze	Belt Rack W/Slide Al Dk Oil-Rub.Bzd/Bl Pl 13 7/8	807.67.113	\N	000.807.067.113.00P		2011-01-01 18:53:52.201527	2011-01-26 19:19:37.094673	Purchased		Item	22.23		\N	\N	0.92000000000000004	0.40000000000000002
585	ZZ CL Hutch Base Shell DON'T DELETE	This Shell gets no back or nailers, but has a toe-kick. 		\N			2011-01-06 15:46:54.54026	2011-01-07 17:47:09.725898	Manufactured		Shell	\N	\N	\N	\N	0.92000000000000004	0.40000000000000002
511	HO Tall Storage 2 Door	HO Tall Storage 2 Door 		\N	000.402.382.x.00M	HO-TC-4AS	2011-01-01 18:54:27.928831	2011-01-31 16:07:48.829902	Manufactured	HomeOffice_Cabinets	Cabinet	\N		\N	\N	0.92000000000000004	0.40000000000000002
474	CTOP Corner - Geneva (3 Week Lead Time) | Laminate 4790 Greystone	CTOP Corner - Geneva (3 Week Lead Time) | Laminate 4790 Greystone		\N	000.402.004.306.00P	LAM-CCTOP-GEN	2011-01-01 18:54:27.136092	2011-01-30 16:44:00.678716	Purchased		Item	228.31		\N	\N	0.92000000000000004	0.40000000000000002
475	CTOP Corner - Geneva (3 Week Lead Time) | Laminate 4791 Willowstone	CTOP Corner - Geneva (3 Week Lead Time) | Laminate 4791 Willowstone		\N	000.402.004.307.00P	LAM-CCTOP-GEN	2011-01-01 18:54:27.219394	2011-01-30 16:44:14.418842	Purchased		Item	228.31		\N	\N	0.92000000000000004	0.40000000000000002
476	CTOP Corner - Geneva (3 Week Lead Time) | Laminate 4794 Windswept Bronze	CTOP Corner - Geneva (3 Week Lead Time) | Laminate 4794 Windswept Bronze		\N	000.402.004.308.00P	LAM-CCTOP-GEN	2011-01-01 18:54:27.233121	2011-01-30 16:44:28.866218	Purchased		Item	228.31		\N	\N	0.92000000000000004	0.40000000000000002
478	CTOP Corner - Geneva (3 Week Lead Time) | Laminate 4882 Oiled Soapstone	CTOP Corner - Geneva (3 Week Lead Time) | Laminate 4882 Oiled Soapstone		\N	000.402.004.310.00P	LAM-CCTOP-GEN	2011-01-01 18:54:27.26252	2011-01-30 16:45:27.169556	Purchased		Item	177.84999999999999		\N	\N	0.92000000000000004	0.40000000000000002
479	CTOP Corner - Geneva (3 Week Lead Time) | Laminate 4883 Sable Soapstone	CTOP Corner - Geneva (3 Week Lead Time) | Laminate 4883 Sable Soapstone		\N	000.402.004.311.00P	LAM-CCTOP-GEN	2011-01-01 18:54:27.292759	2011-01-30 16:45:49.148308	Purchased		Item	177.84999999999999		\N	\N	0.92000000000000004	0.40000000000000002
480	CTOP Corner - Geneva (3 Week Lead Time) | Laminate 4884 Flame Soapstone	CTOP Corner - Geneva (3 Week Lead Time) | Laminate 4884 Flame Soapstone		\N	000.402.004.312.00P	LAM-CCTOP-GEN	2011-01-01 18:54:27.32282	2011-01-30 16:46:12.665567	Purchased		Item	177.84999999999999		\N	\N	0.92000000000000004	0.40000000000000002
481	CTOP Corner - Geneva (3 Week Lead Time) | Laminate 4885 Green Soapstone	CTOP Corner - Geneva (3 Week Lead Time) | Laminate 4885 Green Soapstone		\N	000.402.004.313.00P	LAM-CCTOP-GEN	2011-01-01 18:54:27.348606	2011-01-30 16:46:26.51688	Purchased		Item	177.84999999999999		\N	\N	0.92000000000000004	0.40000000000000002
482	CTOP Corner - Geneva (3 Week Lead Time) | Laminate 4886 Pearl Soapstone	CTOP Corner - Geneva (3 Week Lead Time) | Laminate 4886 Pearl Soapstone		\N	000.402.004.314.00P	LAM-CCTOP-GEN	2011-01-01 18:54:27.362115	2011-01-30 16:46:49.304179	Purchased		Item	177.84999999999999		\N	\N	0.92000000000000004	0.40000000000000002
483	CTOP Corner - Geneva (3 Week Lead Time) | Laminate 4887 Tan Soapstone	CTOP Corner - Geneva (3 Week Lead Time) | Laminate 4887 Tan Soapstone		\N	000.402.004.315.00P	LAM-CCTOP-GEN	2011-01-01 18:54:27.374587	2011-01-30 16:47:03.193539	Purchased		Item	177.84999999999999		\N	\N	0.92000000000000004	0.40000000000000002
485	CTOP Corner - Geneva (3 Week Lead Time) | Laminate 7942 Cocobala	CTOP Corner - Geneva (3 Week Lead Time) | Laminate 7942 Cocobala		\N	000.402.004.317.00P	LAM-CCTOP-GEN	2011-01-01 18:54:27.399614	2011-01-30 16:47:26.689539	Purchased		Item	228.31		\N	\N	0.92000000000000004	0.40000000000000002
486	CTOP Corner - Geneva (3 Week Lead Time) | Laminate 7948 Mambo	CTOP Corner - Geneva (3 Week Lead Time) | Laminate 7948 Mambo		\N	000.402.004.318.00P	LAM-CCTOP-GEN	2011-01-01 18:54:27.413544	2011-01-30 16:48:10.244096	Purchased		Item	193.84999999999999		\N	\N	0.92000000000000004	0.40000000000000002
489	CTOP Corner - Geneva (3 Week Lead Time) | Laminate D403 White Sand	CTOP Corner - Geneva (3 Week Lead Time) | Laminate D403 White Sand		\N	000.402.004.321.00P	LAM-CCTOP-GEN	2011-01-01 18:54:27.475349	2011-01-30 16:48:23.696289	Purchased		Item	177.84999999999999		\N	\N	0.92000000000000004	0.40000000000000002
488	CTOP Corner - Geneva (3 Week Lead Time) | Laminate D92 Dove Grey	CTOP Corner - Geneva (3 Week Lead Time) | Laminate D92 Dove Grey		\N	000.402.004.320.00P	LAM-CCTOP-GEN	2011-01-01 18:54:27.461395	2011-01-30 16:48:35.647154	Purchased		Item	177.84999999999999		\N	\N	0.92000000000000004	0.40000000000000002
545	HO Base 3 Drawer (3/8/12)	HO Base 3 Drawer 1 File (3/8/12) 		\N	000.230.322.x.00M	HO-BC	2011-01-01 18:54:33.711128	2011-01-31 16:05:33.526701	Manufactured	HomeOffice_Cabinets	Cabinet	\N		\N	\N	0.92000000000000004	0.40000000000000002
543	HO Base 2 Door 2 Drawer	HO Base 2 Door 2 Drawer 		\N	000.222.322.x.00M	HO-B2D2-2AS	2011-01-01 18:54:33.68379	2011-01-31 16:04:55.778479	Manufactured	HomeOffice_Cabinets	Cabinet	\N		\N	\N	0.92000000000000004	0.40000000000000002
541	HO Base 4 Drawer (6/6/6/6)	HO Base 4 Drawer (6/6/6/6) 		\N	000.254.122.x.00M	HO-BC	2011-01-01 18:54:33.654811	2011-01-31 16:06:21.820615	Manufactured	HomeOffice_Cabinets	Cabinet	\N		\N	\N	0.92000000000000004	0.40000000000000002
542	HO Base 2 Door	HO Base 2 Door 		\N	000.102.322.x.00M	HO-BC-1AS	2011-01-01 18:54:33.669533	2011-01-31 16:04:43.436379	Manufactured	HomeOffice_Cabinets	Cabinet	\N		\N	\N	0.92000000000000004	0.40000000000000002
695	HO Base Corner Cabinet			\N	000.196.424.x.00M	HO-CBC	2011-01-22 19:33:36.861778	2011-02-07 14:43:07.038905	Manufactured	HomeOffice_Cabinets	CornerCabinet	\N		\N	\N	0.92000000000000004	0.40000000000000002
507	HO Corner Upper	HO Corner Upper 		\N	000.308.232.x.00M	HO-CC-1AS	2011-01-01 18:54:27.8339	2011-02-03 15:54:17.556706	Manufactured	HomeOffice_Cabinets	CornerCabinet	\N		\N	\N	0.92000000000000004	0.40000000000000002
506	HO Upper 2 Door	HO Upper 2 Door 		\N	000.302.331.x.00M	HO-WC-2AS	2011-01-01 18:54:27.821167	2011-01-31 16:08:14.568214	Manufactured	HomeOffice_Cabinets	Cabinet	\N		\N	\N	0.92000000000000004	0.40000000000000002
513	HO Wall Bed Queen	HO Wall Bed Queen 		\N	000.492.681.x.00M	HO-WBQ	2011-01-01 18:54:27.954427	2011-01-31 16:08:38.562275	Manufactured	HomeOffice_Cabinets	Cabinet	\N		\N	\N	0.92000000000000004	0.40000000000000002
512	HO Wall Bed Full	HO Wall Bed Full 		\N	000.491.581.x.00M	HO-WBF	2011-01-01 18:54:27.941587	2011-01-31 16:08:26.412691	Manufactured	HomeOffice_Cabinets	Cabinet	\N		\N	\N	0.92000000000000004	0.40000000000000002
579	Powder Coated Door (23.875 x 83) | RED	Powder Coated Door (23.875 x 83) | RED	NX 23.875 x 83.025 Red	\N	000.880.308.b12.00P	PC-D	2011-01-04 06:35:34.430848	2011-01-30 19:23:43.032931	Purchased	880308b 	Item	48.907200000000003		\N	\N	0.92000000000000004	0.40000000000000002
630	CL Hutch 1 Door	Closet Wall Hutch		\N	000.306.921.x.00M	CL-HC-2AS	2011-01-13 17:44:36.195287	2011-01-30 21:27:03.957982	Manufactured	Closets	Cabinet	\N		\N	\N	0.92000000000000004	0.40000000000000002
517	Decor Door - JR7	Decor Door - JR7 		\N	000.101.000.x.00B	DS-D-JR7	2011-01-01 18:54:28.028853	2011-01-31 15:55:30.061169	Buyout	Buyout_Door	PremiumDoor	\N		\N	\N	0.92000000000000004	0.40000000000000002
569	Powder Coated Door (23.875 x 83) | GRANITE	Powder Coated Door (23.875 x 83) | GRANITE	NX 23.875 x 83.025 Granite	\N	000.880.308.a12.00P	PC-D	2011-01-04 06:35:34.379025	2011-01-30 19:23:30.635671	Purchased	880308a 	Item	48.907200000000003		\N	\N	0.92000000000000004	0.40000000000000002
563	CL Toe Kick	Closet Toe Kick		\N	000.970.x.x.00M	CL-TOE	2011-01-04 05:22:03.751871	2011-01-30 21:30:51.02772	Manufactured	Closets	BackingPanel	\N		\N	\N	0.92000000000000004	0.40000000000000002
587	ZH Screw (Hinge Fastening) PART OF A SET	M4 screw with raised head and cross-slot Z, size 2 nickel-plated 11mm\r\n	267.00.720	\N			2011-01-07 00:22:48.609149	2011-01-26 19:38:42.784912	Manufactured		Item	0.0112		\N	\N	0.92000000000000004	0.40000000000000002
588	ZH Hinge Sleeve with Screws	Hinge Sleeve Set (for half overlay hinges)	267.00.013/267.00.720	\N			2011-01-07 00:24:54.992986	2011-01-26 19:30:35.039079	Inventory	Needed	Item	\N		\N	\N	0.92000000000000004	0.40000000000000002
200	ZH Hinge | Half Overlay	Hinge Half Overlay (250/box)	65C2R9G99	\N	000.100.520.000.00I		2011-01-01 18:53:57.215683	2011-01-26 19:29:49.170124	Inventory	10052	Item	0.88		\N	\N	0.92000000000000004	0.40000000000000002
586	ZH Screw (Hinge Sleeve) PART OF A SET	Sleeves with M4 Internal Thread 22mm	267.00.013	\N			2011-01-07 00:18:14.026608	2011-01-26 19:38:58.369129	Inventory		Item	0.0458		\N	\N	0.92000000000000004	0.40000000000000002
540	HO Base 2 Drawer (12/12)	HO Base 2 File Drawers (12/12) 		\N	000.223.122.x.00M	HO-BC	2011-01-01 18:54:33.641241	2011-01-31 16:05:08.00038	Manufactured	HomeOffice_Cabinets	Cabinet	\N		\N	\N	0.92000000000000004	0.40000000000000002
533	NX Corner Cabinet 1 Door 1 Adj Shelf	NX Corner Cabinet 1 Door 1 Adj Shelf 		\N	000.308.332.x.00M	NX-CC-1AS	2011-01-01 18:54:28.497383	2011-01-31 16:11:28.887245	Manufactured	Garage_Cabinets	CornerCabinet	\N		\N	\N	0.92000000000000004	0.40000000000000002
535	NX Corner Cabinet 1 Door 3 Adj Shelf	NX Corner Cabinet 1 Door 3 Adj Shelf 		\N	000.308.382.x.00M	NX-CC-3AS	2011-01-01 18:54:28.52887	2011-01-31 16:11:55.289663	Manufactured	Garage_Cabinets	CornerCabinet	\N		\N	\N	0.92000000000000004	0.40000000000000002
574	Powder Coated Door (23.875 x 23) | RED	Powder Coated Door (23.875 x 23) | RED	NX 23.875 x 22.552 Red	\N	000.880.300.b12.00P	PC-D	2011-01-04 06:35:34.405158	2011-01-30 19:21:31.505764	Purchased	880300b	Item	16.155200000000001		\N	\N	0.92000000000000004	0.40000000000000002
536	NX Corner Cabinet 1 Door 4 Adj Shelf	NX Corner Cabinet 1 Door 4 Adj Shelf 		\N	000.308.392.x.00M	NX-CC-4AS	2011-01-01 18:54:28.54176	2011-01-31 16:12:11.289617	Manufactured	Garage_Cabinets	CornerCabinet	\N		\N	\N	0.92000000000000004	0.40000000000000002
537	HO Base 1 Door	HO Base 1 Door 		\N	000.101.122.x.00M	HO-BC-1AS	2011-01-01 18:54:33.511745	2011-01-31 16:04:18.909283	Manufactured	HomeOffice_Cabinets	Cabinet	\N		\N	\N	0.92000000000000004	0.40000000000000002
565	Powder Coated Door (23.875 x 30) | GRANITE	Powder Coated Door (23.875 x 30) | GRANITE	NX 23.875 x 30.111 Granite	\N	000.880.310.a12.00P	PC-D	2011-01-04 06:35:34.356161	2011-01-30 19:21:43.986205	Purchased	880310a	Item	20.249199999999998		\N	\N	0.92000000000000004	0.40000000000000002
575	Powder Coated Door (23.875 x 30) | RED	Powder Coated Door (23.875 x 30) | RED	NX 23.875 x 30.111 Red	\N	000.880.310.b12.00P	PC-D	2011-01-04 06:35:34.410484	2011-01-30 19:21:57.573919	Purchased	880310b	Item	20.249199999999998		\N	\N	0.92000000000000004	0.40000000000000002
566	Powder Coated Door (23.875 x 45) | GRANITE	Powder Coated Door (23.875 x 45) | GRANITE	NX 23.875 x 45.229 Granite	\N	000.880.305.a12.00P	PC-D	2011-01-04 06:35:34.361269	2011-01-30 19:22:09.253937	Purchased	880305a	Item	28.299199999999999		\N	\N	0.92000000000000004	0.40000000000000002
576	Powder Coated Door (23.875 x 45) | RED	Powder Coated Door (23.875 x 45) | RED	NX 23.875 x 45.229 Red	\N	000.880.305.b12.00P	PC-D	2011-01-04 06:35:34.415813	2011-01-30 19:22:25.09126	Purchased	880305b	Item	28.299199999999999		\N	\N	0.92000000000000004	0.40000000000000002
567	Powder Coated Door (23.875 x 68) | GRANITE	Powder Coated Door (23.875 x 68) | GRANITE	NX 23.875 x 67.906 Granite	\N	000.880.306.a12.00P	PC-D	2011-01-04 06:35:34.368521	2011-01-30 19:22:40.512601	Purchased	880306a 	Item	45.420400000000001		\N	\N	0.92000000000000004	0.40000000000000002
578	Powder Coated Door (23.875 x 75) | RED	Powder Coated Door (23.875 x 75) | RED	NX 23.875 x 75.466 Red	\N	000.880.307.b12.00P	PC-D	2011-01-04 06:35:34.425893	2011-01-30 19:23:15.589524	Purchased	880307b 	Item	47.159199999999998		\N	\N	0.92000000000000004	0.40000000000000002
158	Door - Flat	Door - Flat 		\N	000.130.000.x.00M	CP-DR	2011-01-01 18:53:55.425754	2011-01-31 15:59:37.8964	Manufactured	Manufactured_Door	Door	\N		\N	\N	0.92000000000000004	0.40000000000000002
528	Decor Door - DR1 | Cut for Glass	Decor Door - DR1 | Cut for Glass 		\N	000.122.000.x.00B	DS-D-DR1-CFG	2011-01-01 18:54:28.420835	2011-01-31 15:54:56.403511	Buyout	Buyout_Door	PremiumDoor	\N		\N	\N	0.92000000000000004	0.40000000000000002
229	CL Corner Adj Safety Shelf	CL Corner Adj Safety Shelf 		\N	000.936.x.x.00M	CL-CASS	2011-01-01 18:54:05.604995	2011-01-30 21:24:51.653699	Manufactured	Closets	ClosetShelf	\N		\N	\N	0.92000000000000004	0.40000000000000002
41	CL Hanging Partition - Radius - Left	CL Hanging Partition Radius Bottom - Left Stop Drilled		\N	000.910.15x.x.00M	CL-HPR-L	2011-01-01 18:53:43.492396	2011-01-30 21:25:57.036	Manufactured	Closets	ClosetPartition	\N		\N	\N	0.92000000000000004	0.40000000000000002
553	CL Hanging Partition - Square- Left	Closet system hanging partition - square bottom - left stop drilled		\N	000.910.16x.x.00M	CL-HPS-L	2011-01-02 01:57:22.321891	2011-01-30 21:26:30.183759	Manufactured	Closets	ClosetPartition	\N		\N	\N	0.92000000000000004	0.40000000000000002
34	CL Upright Partition - BaseNotch - Thru	CL Upright Partition - BaseNotch - Thru 		\N	000.912.2x.x.00M	CL-VUN-T	2011-01-01 18:53:39.578869	2011-01-30 21:31:31.97903	Manufactured	Closets	ClosetPartition	\N		\N	\N	0.92000000000000004	0.40000000000000002
631	ZH Screw (Drawer Front Fastener)	Screw, #8 x 1' (Box Qty 500)	0167081602	\N			2011-01-13 18:10:40.066913	2011-02-06 18:59:10.858105	Inventory	1002	Item	0.01166		\N	\N	0.92000000000000004	0.40000000000000002
147	ZH Sliding Wire Basket (24x6x16) | Oil Rubbed Bronze	Closet Basket, steel, dark oil rubbed bronze, 16"d x 23"w x 6"h	547.36.162	\N	000.547.036.162.00P		2011-01-01 18:53:54.861522	2011-01-26 20:03:56.567227	Purchased	30034-1	Item	21.109999999999999		\N	\N	0.92000000000000004	0.40000000000000002
120	ZH Sliding Wire Basket (24x6x12) | Matte Nickel	Closet Basket, steel, matt nickel, 12"d x 23"w x 6"h	547.36.622	\N	000.547.036.622.00P		2011-01-01 18:53:53.765859	2011-01-26 20:01:59.546037	Purchased	30040-1	Item	19.5		\N	\N	0.92000000000000004	0.40000000000000002
165	ZH Drawer Slide | 3/4 ext | 14 inch	Soft-Roller 100Lbs St White 350mm 14 inch	7111KSC14W	\N	007.111.KSC.14W.00I		2011-01-01 18:53:55.796305	2011-01-26 19:24:29.475216	Inventory	10034	Item	0.76000000000000001		\N	\N	0.92000000000000004	0.40000000000000002
72	ZH Sliding Wire Basket (24x6x14) | Polished Chrome	Closet Basket, steel, chrome-plated, 14"d x 23"w x 6"h	547.36.242	\N	000.547.036.242.00P		2011-01-01 18:53:52.618048	2011-01-26 20:03:06.272942	Purchased	30009-1	Item	19.859999999999999		\N	\N	0.92000000000000004	0.40000000000000002
199	ZH Hinge Plate	Hinge Plate 0mm (300/box)	65BARGL09	\N	000.102.500.000.00I		2011-01-01 18:53:57.210508	2011-01-26 19:30:20.661024	Inventory	1025	Item	0.40000000000000002		\N	\N	0.92000000000000004	0.40000000000000002
69	ZH Jewelry Tray (24)	 Jewelry Tray (24)		\N	000.984.024.000.00P		2011-01-01 18:53:52.586366	2011-01-26 19:31:41.664274	Purchased	JT24	Item	\N		\N	\N	0.92000000000000004	0.40000000000000002
65	ZH Valet Rod | Polished Chrome	Synergy Closet Valet, aluminum, chrome-plated polished, plastic, black, 14 1/8" length	808.71.203	\N	000.808.071.203.00P		2011-01-01 18:53:52.320897	2011-01-26 20:16:58.698791	Purchased		Item	16.739999999999998		\N	\N	0.92000000000000004	0.40000000000000002
202	ZH Screw (Drawer Slide 3/4 Ext)	Screw Epoxy Slides steel, zinc-plated T17 undercut flat head phillips drive #7 x 7/16" (1000/box)	0161050802	\N	000.104.900.000.00I		2011-01-01 18:53:57.225669	2011-01-26 19:37:49.067862	Inventory	1049	Item	0.0051999999999999998		\N	\N	0.92000000000000004	0.40000000000000002
160	ZH Tilt-Out Hamper (24)	Synergy Tilt-Out Hamper, steel, black, 22 1/4" width, 2 black nylon bags included	547.43.303	\N	000.547.043.303.00P		2011-01-01 18:53:55.633423	2011-01-26 20:16:11.67755	Purchased	30086	Item	57.130000000000003		\N	\N	0.92000000000000004	0.40000000000000002
66	ZH Valet Rod | Matte Nickel	Synergy Closet Valet, aluminum, nickel-plated matt, plastic, black, 14 1/8" length	808.71.603	\N	000.808.071.603.00P		2011-01-01 18:53:52.469514	2011-01-26 20:16:40.235604	Purchased		Item	17.149999999999999		\N	\N	0.92000000000000004	0.40000000000000002
139	ZH Sliding Wire Basket (30x6x16) | Matte Nickel	Closet Basket, steel, matt nickel, 16"d x 29"w x 6"h	547.37.662	\N	000.547.037.662.00P		2011-01-01 18:53:54.668509	2011-01-26 20:11:08.26119	Purchased	30058-1	Item	26.210000000000001		\N	\N	0.92000000000000004	0.40000000000000002
123	ZH Sliding Wire Basket (24x11x12) | Matte Nickel	Closet Basket, steel, matt nickel, 12"d x 23"w x 11"h	547.36.626	\N	000.547.036.626.00P		2011-01-01 18:53:53.893371	2011-01-26 19:58:04.662555	Purchased	30038-1	Item	24		\N	\N	0.92000000000000004	0.40000000000000002
14	ZH Murphy Bed Hardware Set Full	Murphy Bed Hardware Set Full	SBF-M/SBF-D	\N	000.100.610.000.00P		2011-01-01 18:53:39.081271	2011-01-26 19:34:01.710608	Purchased	10061	Item	438.82999999999998		\N	\N	0.92000000000000004	0.40000000000000002
107	ZH Hang Rail	Wall Rail Galv St 97	290.11.901	\N	000.290.011.901.00I		2011-01-01 18:53:53.620173	2011-01-26 19:28:50.664256	Inventory	10038	Item	2.988		\N	\N	0.92000000000000004	0.40000000000000002
3	ZH Handle Nickel | 128mm	Handle St.Ni.Matt M4 Ctc 128Mm	117.31.632	\N	000.117.031.632.00I		2011-01-01 18:53:39.028921	2011-01-26 19:28:08.83616	Inventory	10016	Item	0.96999999999999997		\N	\N	0.92000000000000004	0.40000000000000002
75	ZH Sliding Wire Basket (24x11x14) | Polished Chrome	Closet Basket, steel, chrome-plated, 14"d x 23"w x 11"h	547.36.246	\N	000.547.036.246.00P		2011-01-01 18:53:52.657071	2011-01-26 19:59:37.744443	Purchased	30007-1	Item	23.559999999999999		\N	\N	0.92000000000000004	0.40000000000000002
183	ZH Wardrobe Lift (20-26) | Black	Wardrobe Lift, steel, black, plastic, black, 21 1/4" - 26", 26 lbs load capacity	805.31.301	\N	000.805.031.301.00P		2011-01-01 18:53:56.321925	2011-01-26 20:17:08.15044	Purchased		Item	48.015000000000001		\N	\N	0.92000000000000004	0.40000000000000002
352	CTOP - Futura (3 Week Lead Time) | Laminate 10776 Kingstone Maple	CTOP - Futura (3 Week Lead Time) | Laminate 10776 Kingstone Maple		\N	000.401.003.319.00P	LAM-CTOP-FU	2011-01-01 18:54:21.009695	2011-01-30 17:18:47.976377	Purchased		Item	166.15000000000001		\N	\N	0.92000000000000004	0.40000000000000002
273	CTOP - Classic (3 Week Lead Time) | Laminate 4552 Ebony Star	CTOP - Classic (3 Week Lead Time) | Laminate 4552 Ebony Star		\N	000.401.000.303.00P	LAM-CTOP-CL	2011-01-01 18:54:11.946287	2011-01-30 16:17:08.107102	Purchased		Item	240.62		\N	\N	0.92000000000000004	0.40000000000000002
437	CTOP Corner - Tempo | Laminate 4883 Sable Soapstone	CTOP Corner - Tempo | Laminate 4883 Sable Soapstone		\N	000.402.002.311.00P	LAM-CCTOP-TE	2011-01-01 18:54:25.775865	2011-01-30 17:17:35.616872	Purchased		Item	146.46000000000001		\N	\N	0.92000000000000004	0.40000000000000002
188	HO Base 3 Drawer (8/8/8)	HO Base 3 Drawer (8/8/8)		\N	000.230.222.x.00M	HO-BC	2011-01-01 18:53:56.663517	2011-01-31 16:05:56.635106	Manufactured	HomeOffice_Cabinets	Cabinet	\N		\N	\N	0.92000000000000004	0.40000000000000002
546	HO Base 4 Drawer (3/6/6/8)	HO Base 4 Drawer (3/6/6/8) 		\N	000.254.322.x.00M	HO-BC	2011-01-01 18:54:33.724851	2011-01-31 16:06:10.348077	Manufactured	HomeOffice_Cabinets	Cabinet	\N		\N	\N	0.92000000000000004	0.40000000000000002
266	NX Base Cabinet 2 Drawer (15/15)	NX Base Cabinet 2 Drawer (15/15) 		\N	000.201.515.x.00M	NX-C	2011-01-01 18:54:10.63061	2011-01-31 16:10:11.996356	Manufactured	Garage_Cabinets	Cabinet	\N		\N	\N	0.92000000000000004	0.40000000000000002
257	NX Tall Cabinet 1 Door	NX Tall Cabinet 1 Door 		\N	000.402.483.x.00M	NX-C-3AS	2011-01-01 18:54:09.587988	2011-01-31 16:13:00.294094	Manufactured	Garage_Cabinets	Cabinet	\N		\N	\N	0.92000000000000004	0.40000000000000002
63	ZH Belt Rack | Matte Nickel	Belt Rack W/Slide Al Ni Matt/Bl Pl 13 7/8	807.67.613	\N	000.807.067.613.00P		2011-01-01 18:53:51.574608	2011-01-26 19:19:14.50819	Purchased		Item	20.420000000000002	Hafele	\N	\N	0.92000000000000004	0.40000000000000002
538	HO Base 1 Door 1 Drawer	HO Base 1 Door 1 Drawer 		\N	000.211.122.x.00M	HO-BC-1AS	2011-01-01 18:54:33.611004	2011-01-31 16:04:31.634042	Manufactured	HomeOffice_Cabinets	Cabinet	\N		\N	\N	0.92000000000000004	0.40000000000000002
44	CL Cam Shelf	CL Cam Shelf 		\N	000.930.x.x.00M	CL-CS	2011-01-01 18:53:45.123631	2011-01-30 21:24:38.590982	Manufactured	Closets	ClosetShelf	\N		\N	\N	0.92000000000000004	0.40000000000000002
227	CL Adj Safety Shelf	CL Adj Safety Shelf 		\N	000.935.x.x.00M	CL-ASS	2011-01-01 18:54:02.875931	2011-01-30 21:23:48.459437	Manufactured	Closets	ClosetShelf	\N		\N	\N	0.92000000000000004	0.40000000000000002
45	CL Adjustable Shelf	CL Adjustable Shelf 		\N	000.931.x.x.00M	CL-AS	2011-01-01 18:53:47.38817	2011-01-30 21:24:13.850068	Manufactured	Closets	ClosetShelf	\N		\N	\N	0.92000000000000004	0.40000000000000002
197	Drawer Box	Drawer Box		\N	000.024.001.051.00B	DBX	2011-01-01 18:53:57.174129	2011-02-02 20:45:52.544462	Buyout	Buyout_Drawerbox	Drawer	6		\N	\N	0.92000000000000004	0.40000000000000002
555	CL Hanging Partition - Square - Thru	Closet system hanging partition -square bottom - thru drilled		\N	000.910.26x.x.00M	CL-HPS-T	2011-01-02 02:02:33.954763	2011-01-30 21:26:51.122066	Manufactured	Closets	ClosetPartition	\N		\N	\N	0.92000000000000004	0.40000000000000002
5	ZH Handle Black | 128mm	Handle St.Bl.Matt M4 Ctc 128Mm	117.31.330	\N	000.117.031.330.00I		2011-01-01 18:53:39.039357	2011-01-26 19:27:05.441581	Inventory	10013	Item	0.88		\N	\N	0.92000000000000004	0.40000000000000002
12	ZH Shelf Pin (Spoon)	Shelf Support St.Nip.Dia.5X24mm	7328204711	\N	000.102.100.000.00I		2011-01-01 18:53:39.072234	2011-01-26 19:40:08.706436	Inventory	1021	Item	0.0138		\N	\N	0.92000000000000004	0.40000000000000002
592	ZH Wood Dowels 8mm x 30mm	Dowel Wood 8 x 30mm (Box Qty 2,000)	71510830	\N			2011-01-07 04:54:03.46847	2011-01-26 20:18:55.07727	Inventory	1010	Item	0.0091000000000000004		\N	\N	0.92000000000000004	0.40000000000000002
50	ZH Shoe Fence (18) | Polished Chrome	Shoe Fence, steel, chrome, 17"	547.51.202	\N	000.547.051.202.00P		2011-01-01 18:53:50.898259	2011-01-26 19:40:51.799199	Purchased	30062	Item	2.7440000000000002		\N	\N	0.92000000000000004	0.40000000000000002
13	ZH Screw (Drawer Slide Full Ext)	Screw Bb Slides Pn Hd Ph Drv #8 X 7/16	013.09.900	\N	000.013.009.900.00I		2011-01-01 18:53:39.076796	2011-01-26 19:38:14.385803	Inventory	10025	Item	0.014999999999999999		\N	\N	0.92000000000000004	0.40000000000000002
2	ZH Handle Chrome | 128mm	Handle St.Chr.Pol.M4 Ctc.128Mm	117.31.230	\N	000.117.031.230.00I		2011-01-01 18:53:39.024264	2011-01-26 19:27:36.469739	Inventory	10014	Item	0.96999999999999997		\N	\N	0.92000000000000004	0.40000000000000002
591	ZH Pole Cups (pair) | Matte Nickel	Wardrobe Tube Support Zn Ni Matt F/1 5/16	803.56.600	\N	000.803.056.600.00I		2011-01-07 04:14:09.625673	2011-01-26 19:35:01.119163	Inventory	30080	Item	1.73		\N	\N	0.92000000000000004	0.40000000000000002
593	ZH Screw (Assembly) 2 inch	Screw, #6 x 2' (Box Qty 3,500)	0461062408	\N			2011-01-07 04:56:59.068395	2011-01-26 19:36:19.867691	Inventory	1005	Item	0.0080800000000000004		\N	\N	0.92000000000000004	0.40000000000000002
52	ZH Shoe Fence (30) | Polished Chrome	Shoe Fence, steel, chrome, 29"	547.51.204	\N	000.547.051.204.00P		2011-01-01 18:53:51.089851	2011-01-26 19:42:02.157526	Purchased	30064	Item	4.1299999999999999		\N	\N	0.92000000000000004	0.40000000000000002
4	ZH Handle Bronze | 128mm	Handle St Oil-Rubbed Bzd M4 Ctc 128Mm	117.31.334	\N	000.117.031.334.00I		2011-01-01 18:53:39.034691	2011-01-26 19:27:18.124004	Inventory	10011	Item	0.93999999999999995		\N	\N	0.92000000000000004	0.40000000000000002
53	ZH Shoe Fence (18) | Matte Nickel	Shoe Fence, steel, matte nickel, 17"	547.51.602	\N	000.547.051.602.00P		2011-01-01 18:53:51.103007	2011-01-26 19:40:23.204927	Purchased	30068	Item	2.5760000000000001		\N	\N	0.92000000000000004	0.40000000000000002
109	ZH Shelf Pin (Spoon)	Shelf Support St.Nip.Dia.5X24mm	7328204711	\N	000.102.100.000.00I		2011-01-01 18:53:53.629835	2011-01-26 19:39:55.477903	Inventory	1021	Item	0.0138		\N	\N	0.92000000000000004	0.40000000000000002
98	ZH Closet Rod | Polished Chrome	Wardrobe Tube Alu. Chr Pol. 1 5/16	801.42.200	\N	000.801.042.200.00I		2011-01-01 18:53:53.498595	2011-01-26 19:23:17.107803	Inventory	30078	Item	10.82		\N	\N	0.92000000000000004	0.40000000000000002
264	NX Base Cabinet 1 Drawer 1 Door	NX Base Cabinet 1 Drawer 1 Door 		\N	000.211.233.x.00M	NX-C-1AS	2011-01-01 18:54:10.337867	2011-01-31 16:09:48.468218	Manufactured	Garage_Cabinets	Cabinet	\N		\N	\N	0.92000000000000004	0.40000000000000002
22	Decor Crown Molding - 423 | Antique White	Decor Crown Molding - 423 | Antique White		\N	000.301.000.002.00P	DS-CM-423	2011-01-01 18:53:39.169096	2011-01-30 17:43:37.713287	Purchased		Item	26.170000000000002		\N	\N	0.92000000000000004	0.40000000000000002
32	Decor Crown Molding - 423 | Chocolate Apple	Decor Crown Molding - 423 | Chocolate Apple		\N	000.301.000.007.00P	DS-CM-423	2011-01-01 18:53:39.528872	2011-01-30 17:44:30.468061	Purchased		Item	29.93		\N	\N	0.92000000000000004	0.40000000000000002
24	Decor Crown Molding - 423 | Folkstone Gray	Decor Crown Molding - 423 | Folkstone Gray		\N	000.301.000.003.00P	DS-CM-423	2011-01-01 18:53:39.317517	2011-01-30 17:45:08.216605	Purchased		Item	26.170000000000002		\N	\N	0.92000000000000004	0.40000000000000002
30	Decor Crown Molding - 423 | Mahogany Impressions	Decor Crown Molding - 423 | Mahogany Impressions		\N	000.301.000.006.00P	DS-CM-423	2011-01-01 18:53:39.477703	2011-01-30 17:46:06.521082	Purchased		Item	29.93		\N	\N	0.92000000000000004	0.40000000000000002
16	Decor Crown Molding - 423 | White	Decor Crown Molding - 423 | White		\N	000.301.000.001.00P	DS-CM-423	2011-01-01 18:53:39.090582	2011-01-30 17:46:20.172086	Purchased		Item	25.030000000000001		\N	\N	0.92000000000000004	0.40000000000000002
28	Decor Crown Molding - 423 | Wild Apple	Decor Crown Molding - 423 | Wild Apple		\N	000.301.000.005.00P	DS-CM-423	2011-01-01 18:53:39.426923	2011-01-30 17:46:40.678713	Purchased		Item	29.93		\N	\N	0.92000000000000004	0.40000000000000002
23	Decor Crown Molding - 424 | Antique White	Decor Crown Molding - 424 | Antique White		\N	000.302.000.002.00P	DS-CM-424	2011-01-01 18:53:39.182511	2011-01-30 17:47:22.202868	Purchased		Item	27.739999999999998		\N	\N	0.92000000000000004	0.40000000000000002
27	Decor Crown Molding - 424 | Carmel Apple	Decor Crown Molding - 424 | Carmel Apple		\N	000.302.000.004.00P	DS-CM-424	2011-01-01 18:53:39.387617	2011-01-30 17:47:35.970016	Purchased		Item	32.399999999999999		\N	\N	0.92000000000000004	0.40000000000000002
33	Decor Crown Molding - 424 | Chocolate Apple	Decor Crown Molding - 424 | Chocolate Apple		\N	000.302.000.007.00P	DS-CM-424	2011-01-01 18:53:39.541751	2011-01-30 17:47:46.016744	Purchased		Item	32.399999999999999		\N	\N	0.92000000000000004	0.40000000000000002
31	Decor Crown Molding - 424 | Mahogany Impressions	Decor Crown Molding - 424 | Mahogany Impressions		\N	000.302.000.006.00P	DS-CM-424	2011-01-01 18:53:39.48964	2011-01-30 17:48:19.342826	Purchased		Item	32.399999999999999		\N	\N	0.92000000000000004	0.40000000000000002
29	Decor Crown Molding - 424 | Wild Apple	Decor Crown Molding - 424 | Wild Apple		\N	000.302.000.005.00P	DS-CM-424	2011-01-01 18:53:39.439565	2011-01-30 17:48:44.810514	Purchased		Item	32.399999999999999		\N	\N	0.92000000000000004	0.40000000000000002
577	Powder Coated Door (23.875 x 68) | RED	Powder Coated Door (23.875 x 68) | RED	NX 23.875 x 67.906 Red	\N	000.880.306.b12.00P	PC-D	2011-01-04 06:35:34.420907	2011-01-30 19:22:51.864911	Purchased	880306b 	Item	45.420400000000001		\N	\N	0.92000000000000004	0.40000000000000002
564	Powder Coated Door (23.875 x 23) | GRANITE	Powder Coated Door (23.875 x 23) | GRANITE	NX 23.875 x 22.552 Granite	\N	000.880.300.a12.00P	PC-D	2011-01-04 06:35:34.340626	2011-01-30 19:21:11.856383	Purchased	880300a	Item	16.155200000000001		\N	\N	0.92000000000000004	0.40000000000000002
572	Powder Coated Drawer Front (23.875 x 15.3125) | GRANITE	Powder Coated Drawer Front (23.875 x 15.3125) | GRANITE	NX 23.875 x 14.993 Granite	\N	000.880.501.a12.00P	PC-DF	2011-01-04 06:35:34.394849	2011-01-30 19:24:20.984252	Purchased	880501a	Item	11.3712		\N	\N	0.92000000000000004	0.40000000000000002
582	Powder Coated Drawer Front (23.875 x 15.3125) | RED	Powder Coated Drawer Front (23.875 x 15.3125) | RED	NX 23.875 x 14.993 Red	\N	000.880.501.b12.00P	PC-DF	2011-01-04 06:35:34.446227	2011-01-30 19:24:34.669796	Purchased	880501b	Item	11.3712		\N	\N	0.92000000000000004	0.40000000000000002
573	Powder Coated Drawer Front (23.875 x 3.71875) | GRANITE	Powder Coated Drawer Front (23.875 x 3.71875) | GRANITE	NX 23.875 x 3.655 Granite	\N	000.880.502.a12.00P	PC-DF	2011-01-04 06:35:34.399972	2011-01-30 19:24:47.209695	Purchased	880502a	Item	7.8384		\N	\N	0.92000000000000004	0.40000000000000002
583	Powder Coated Drawer Front (23.875 x 3.71875) | RED	Powder Coated Drawer Front (23.875 x 3.71875) | RED	NX 23.875 x 3.655 Red	\N	000.880.502.b12.00P	PC-DF	2011-01-04 06:35:34.451457	2011-01-30 19:24:58.26425	Purchased	880502b	Item	7.8384		\N	\N	0.92000000000000004	0.40000000000000002
581	Powder Coated Drawer Front (23.875 x 7.5625) | RED	Powder Coated Drawer Front (23.875 x 7.5625) | RED	NX 23.875 x 7.434 Red	\N	000.880.500.b12.00P	PC-DF	2011-01-04 06:35:34.440935	2011-01-30 19:25:21.989767	Purchased	880500b	Item	7.8384		\N	\N	0.92000000000000004	0.40000000000000002
247	CL Hutch Panel 36 - Thru	CL Hutch Panel 36 - Thru 		\N	000.201.036.x.00M	CL-VHP-36-T	2011-01-01 18:54:08.325118	2011-01-30 21:28:52.852043	Manufactured	Closets	ClosetPartition	\N		\N	\N	0.92000000000000004	0.40000000000000002
106	Molding nailer	Molding nailer		\N	000.999.010.000.00M	CP-MN	2011-01-01 18:53:53.615499	2011-01-31 16:09:16.090519	Manufactured	Misc_Wood	BackingPanel	\N		\N	\N	0.92000000000000004	0.40000000000000002
56	ZH Shoe Fence (18) | Oil Rubbed Bronze	Shoe Fence, steel, dark oil rubbed bronze, 17"	547.51.102	\N	000.547.051.102.00P		2011-01-01 18:53:51.236121	2011-01-26 19:40:37.038743	Purchased	30065	Item	2.512		\N	\N	0.92000000000000004	0.40000000000000002
74	ZH Sliding Wire Basket (18x11x14) | Polished Chrome	Closet Basket, steel, chrome-plated, 14"d x 17"w x 11"h	547.35.246	\N	000.547.035.246.00P		2011-01-01 18:53:52.64428	2011-01-26 19:52:56.996051	Purchased	30004-1	Item	19.649999999999999		\N	\N	0.92000000000000004	0.40000000000000002
92	ZH Sliding Wire Basket (18x11x14) | Oil Rubbed Bronze	Closet Basket, steel, dark oil rubbed bronze, 14"d x 17"w x 11"h	547.35.146	\N	000.547.035.146.00P		2011-01-01 18:53:53.394364	2011-01-26 19:52:36.587607	Purchased	30022-1	Item	21.52		\N	\N	0.92000000000000004	0.40000000000000002
87	ZH Sliding Wire Basket (24x17x14) | Matte Nickel	Closet Basket, steel, matt nickel, 14"d x 23"w x 17"h	547.36.648	\N	000.547.036.648.00P		2011-01-01 18:53:53.197429	2011-01-26 20:00:50.775359	Purchased	30045-1	Item	26.84		\N	\N	0.92000000000000004	0.40000000000000002
58	ZH Shoe Fence (30) | Oil Rubbed Bronze	Shoe Fence, steel, dark oil rubbed bronze, 29"	547.51.104	\N	000.547.051.104.00P		2011-01-01 18:53:51.297559	2011-01-26 19:41:50.779331	Purchased	30067	Item	3.6899999999999999		\N	\N	0.92000000000000004	0.40000000000000002
55	ZH Shoe Fence (30) | Matte Nickel	Shoe Fence, steel, matt nickel, 29"	547.51.604	\N	000.547.051.604.00P		2011-01-01 18:53:51.220906	2011-01-26 19:41:39.751976	Purchased	30070	Item	3.8199999999999998		\N	\N	0.92000000000000004	0.40000000000000002
73	ZH Sliding Wire Basket (30x6x14) | Polished Chrome	Closet Basket, steel, chrome-plated, 14"d x 29"w x 6"h	547.37.242	\N	000.547.037.242.00P		2011-01-01 18:53:52.630794	2011-01-26 20:10:58.575652	Purchased	30012-1	Item	22.120000000000001		\N	\N	0.92000000000000004	0.40000000000000002
79	ZH Sliding Wire Basket (30x17x14) | Polished Chrome	Closet Basket, steel, chrome-plated, 14"d x 29"w x 17"h	547.41.248	\N	000.547.041.248.00P		2011-01-01 18:53:52.799206	2011-01-26 20:09:35.831537	Purchased	30011-1	Item	30.93		\N	\N	0.92000000000000004	0.40000000000000002
88	ZH Sliding Wire Basket (30x17x14) | Matte Nickel	Closet Basket, steel, matt nickel, 14"d x 29"w x 17"h	547.37.648	\N	000.547.037.648.00P		2011-01-01 18:53:53.216421	2011-01-26 20:06:20.478705	Purchased	30048-1	Item	29.68		\N	\N	0.92000000000000004	0.40000000000000002
85	ZH Sliding Wire Basket (30x11x14) | Matte Nickel	Closet Basket, steel, matt nickel, 14"d x 29"w x 11"h	547.37.646	\N	000.547.037.646.00P		2011-01-01 18:53:53.123341	2011-01-26 20:04:41.273912	Purchased	30047-1	Item	25.170000000000002		\N	\N	0.92000000000000004	0.40000000000000002
78	ZH Sliding Wire Basket (24x17x14) | Polished Chrome	Closet Basket, steel, chrome-plated, 14"d x 23"w x 17"h	547.40.248	\N	000.547.040.248.00P		2011-01-01 18:53:52.740245	2011-01-26 20:01:15.453602	Purchased	30008-1	Item	26.600000000000001		\N	\N	0.92000000000000004	0.40000000000000002
77	ZH Sliding Wire Basket (18x17x14) | Polished Chrome	Closet Basket, steel, chrome-plated, 14"d x 17"w x 17"h	547.35.248	\N	000.547.035.248.00P		2011-01-01 18:53:52.684273	2011-01-26 19:54:59.314716	Purchased	30005-1	Item	22.510000000000002		\N	\N	0.92000000000000004	0.40000000000000002
76	ZH Sliding Wire Basket (30x11x14) | Polished Chrome	Closet Basket, steel, chrome-plated, 14"d x 29"w x 11"h	547.41.246	\N	000.547.041.246.00P		2011-01-01 18:53:52.671263	2011-01-26 20:05:00.209919	Purchased	30010-1	Item	24.27		\N	\N	0.92000000000000004	0.40000000000000002
81	ZH Sliding Wire Basket (24x6x14) | Matte Nickel	Closet Basket, steel, matt nickel, 14"d x 23"w x 6"h	547.36.642	\N	000.547.036.642.00P		2011-01-01 18:53:52.890631	2011-01-26 20:02:42.17677	Purchased	30046-1	Item	22.800000000000001		\N	\N	0.92000000000000004	0.40000000000000002
96	ZH Sliding Wire Basket (24x17x14) | Oil Rubbed Bronze	Closet Basket, steel, dark oil rubbed bronze, 14"d x 23"w x 17"h	547.36.148	\N	000.547.036.148.00P		2011-01-01 18:53:53.463268	2011-01-26 20:01:04.026923	Purchased	30026-1	Item	28.850000000000001		\N	\N	0.92000000000000004	0.40000000000000002
84	ZH Sliding Wire Basket (24x11x14) | Matte Nickel	Closet Basket, steel, matt nickel, 14"d x 17"w x 11"h	547.36.646	\N	000.547.036.646.00P		2011-01-01 18:53:53.097122	2011-01-26 19:58:26.475272	Purchased	30044-1	Item	24.030000000000001		\N	\N	0.92000000000000004	0.40000000000000002
89	ZH Sliding Wire Basket (18x6x14) | Oil Rubbed Bronze	Closet Basket, steel, dark oil rubbed bronze, 14"d x 17"w x 6"h	547.35.142	\N	000.547.035.142.00P		2011-01-01 18:53:53.229037	2011-01-26 19:56:54.467614	Purchased	30024-1	Item	20.100000000000001		\N	\N	0.92000000000000004	0.40000000000000002
86	ZH Sliding Wire Basket (18x17x14) | Matte Nickel	Closet Basket, steel, matt nickel, 14"d x 17"w x 17"h	547.35.648	\N	000.547.035.648.00P		2011-01-01 18:53:53.184097	2011-01-26 19:54:29.959091	Purchased	30042-1	Item	24.510000000000002		\N	\N	0.92000000000000004	0.40000000000000002
57	ZH Shoe Fence (24) | Oil Rubbed Bronze	Shoe Fence, steel, dark oil rubbed bronze, 23"	547.51.103	\N	000.547.051.103.00P		2011-01-01 18:53:51.284913	2011-01-26 19:41:17.532888	Purchased	30066	Item	3.024		\N	\N	0.92000000000000004	0.40000000000000002
91	ZH Sliding Wire Basket (30x6x14) | Oil Rubbed Bronze	DOES THIS ITEM EXIST?	547.37.142	\N	000.547.037.142.00P		2011-01-01 18:53:53.349157	2011-01-26 20:10:46.63074	Purchased		Item	23.879999999999999		\N	\N	0.92000000000000004	0.40000000000000002
97	ZH Sliding Wire Basket (30x17x14) | Oil Rubbed Bronze	Closet Basket, steel, white, 14"d x 29"w x 17"h	547.37.748 	\N	000.547.037.748.00P		2011-01-01 18:53:53.476159	2011-01-26 20:06:33.545541	Purchased		Item	28.010000000000002		\N	\N	0.92000000000000004	0.40000000000000002
90	ZH Sliding Wire Basket (24x6x14) | Oil Rubbed Bronze	Closet Basket, steel, dark oil rubbed bronze, 14"d x 23"w x 6h	547.36.142	\N	000.547.036.142.00P		2011-01-01 18:53:53.332436	2011-01-26 20:02:55.273926	Purchased	30027-1	Item	20.300000000000001		\N	\N	0.92000000000000004	0.40000000000000002
71	ZH Sliding Wire Basket (18x6x14) | Polished Chrome	Closet Basket, steel, chrome-plated, 14"d x 17"w x 6"h	547.35.242	\N	000.547.035.242.00P		2011-01-01 18:53:52.604856	2011-01-26 19:57:15.454377	Purchased	30006-1	Item	17.969999999999999		\N	\N	0.92000000000000004	0.40000000000000002
82	ZH Sliding Wire Basket (30x6x14) | Matte Nickel	Closet Basket, steel, matt nickel, 14"d x 29"w x 6"h	547.37.642	\N	000.547.037.642.00P		2011-01-01 18:53:53.001264	2011-01-26 20:10:36.776588	Purchased	30049-1	Item	23.66		\N	\N	0.92000000000000004	0.40000000000000002
70	ZH Jewelry Tray (30)	Jewelry Tray (30)		\N	000.984.030.000.00P		2011-01-01 18:53:52.594879	2011-01-26 19:31:57.238382	Purchased	JT30	Item	\N		\N	\N	0.92000000000000004	0.40000000000000002
7	ZH Hinge Plate	Hinge Plate	65BARGL09	\N	000.102.500.000.00I		2011-01-01 18:53:39.049462	2011-01-26 19:30:04.263096	Inventory	1025	Item	0.40000000000000002		\N	\N	0.92000000000000004	0.40000000000000002
595	ZH MiniFix (Post)	8M 24M Quickfit TI3 Dowl S-Tan	6705395871	\N			2011-01-07 05:00:43.365099	2011-01-26 19:33:40.108415	Inventory	10051	Item	0.0596		\N	\N	0.92000000000000004	0.40000000000000002
59	ZH Tie Rack | Polished Chrome	Synergy Tie Rack with Slide, aluminum, chrome-plated polished, plastic, black, 13 7/8" length	807.67.203	\N	000.807.067.203.00P		2011-01-01 18:53:51.385759	2011-01-26 20:15:50.163437	Purchased		Item	21.300000000000001		\N	\N	0.92000000000000004	0.40000000000000002
105	ZH Hang Bracket | Right	Cabinet Hanger St Galv Rh	290.02.710	\N	000.290.002.710.00I		2011-01-01 18:53:53.602502	2011-01-26 19:28:37.676258	Inventory	10009	Item	0.92000000000000004		\N	\N	0.92000000000000004	0.40000000000000002
18	CTOP - 3/4 in. melamine	CTOP 3/4 in. melamine		\N	000.401.000.x.00M	MEL-CTOP-19	2011-01-01 18:53:39.115352	2011-02-02 06:00:07.409377	Manufactured	Worksurfaces	Countertop	\N		\N	\N	0.92000000000000004	0.40000000000000002
334	CTOP - Futura (3 Week Lead Time) | Laminate 1573 Frosty White	CTOP - Futura (3 Week Lead Time) | Laminate 1573 Frosty White		\N	000.401.003.301.00P	LAM-CTOP-FU	2011-01-01 18:54:18.579324	2011-01-30 17:19:04.769258	Purchased		Item	166.15000000000001		\N	\N	0.92000000000000004	0.40000000000000002
17	Decor Crown Molding - 424 | White	Decor Crown Molding - 424 | White		\N	000.302.000.001.00P	DS-CM-424	2011-01-01 18:53:39.10285	2011-01-30 17:48:33.566006	Purchased		Item	26.504999999999999		\N	\N	0.92000000000000004	0.40000000000000002
43	CL Backing Panel	CL Backing Panel 		\N	000.960.000.x.00M	CL-BKP	2011-01-01 18:53:45.006308	2011-01-30 21:24:25.140692	Manufactured	Closets	BackingPanel	\N		\N	\N	0.92000000000000004	0.40000000000000002
122	ZH Sliding Wire Basket (18x11x12) | Matte Nickel	Closet Basket, steel, matt nickel, 12"d x 17"w x 11"h	547.35.626	\N	000.547.035.626.00P		2011-01-01 18:53:53.877789	2011-01-26 19:51:48.154131	Purchased		Item	18.75		\N	\N	0.92000000000000004	0.40000000000000002
128	ZH Sliding Wire Basket (18x6x16) | Polished Chrome	Closet Basket, steel, chrome-plated, 16"d x 17"w x 6"h	547.35.262	\N	000.547.035.262.00P		2011-01-01 18:53:54.20815	2011-01-26 19:57:54.022969	Purchased	30015-1	Item	19.25		\N	\N	0.92000000000000004	0.40000000000000002
103	ZH Pole Cups (pair) | Oil Rubbed Bronze	Wardrobe Tube Support Zn. Oil- Rubbed Bzd For 1 5/16	803.56.100	\N	000.803.056.100.00I		2011-01-01 18:53:53.585173	2011-01-26 19:35:17.37833	Inventory	30082	Item	1.992		\N	\N	0.92000000000000004	0.40000000000000002
104	ZH Hang Bracket | Left	Cabinet Hanger St Galv Lh	290.02.711	\N	000.290.002.711.00I		2011-01-01 18:53:53.597598	2011-01-26 19:28:23.714124	Inventory	10008	Item	0.92000000000000004		\N	\N	0.92000000000000004	0.40000000000000002
100	ZH Closet Rod | Oil Rubbed Bronze	Wardrobe Tube Alu. Oil Rubbed Bzd 1 5/16	801.42.100	\N	000.801.042.100.00I		2011-01-01 18:53:53.526258	2011-01-26 19:23:02.5185	Inventory	30079	Item	12.952		\N	\N	0.92000000000000004	0.40000000000000002
124	ZH Sliding Wire Basket (30x11x12) | Matte Nickel	Closet Basket, steel, matt nickel, 12"d x 29"w x 11"h	547.37.626	\N	000.547.037.626.00P		2011-01-01 18:53:53.958893	2011-01-26 20:04:15.615158	Purchased		Item	25		\N	\N	0.92000000000000004	0.40000000000000002
126	ZH Sliding Wire Basket (24x17x12) | Matte Nickel	Closet Basket, steel, matt nickel, 12"d x 23"w x 11"h	547.36.628	\N	000.547.036.628.00P		2011-01-01 18:53:54.146194	2011-01-26 20:00:24.77571	Purchased	30039-1	Item	26		\N	\N	0.92000000000000004	0.40000000000000002
114	ZH Sliding Wire Basket (24x11x12) | Polished Chrome	Closet Basket, steel, chrome-plated, 12"d x 23"w x 11"h	547.40.226	\N	000.547.040.226.00P		2011-01-01 18:53:53.686941	2011-01-26 19:58:15.112728	Purchased		Item	24.809999999999999		\N	\N	0.92000000000000004	0.40000000000000002
125	ZH Sliding Wire Basket (18x17x12) | Matte Nickel	Closet Basket, steel, matt nickel, 12"d x 17"w x 17"h	547.35.628	\N	000.547.035.628.00P		2011-01-01 18:53:54.07906	2011-01-26 19:54:00.350664	Purchased		Item	22.5		\N	\N	0.92000000000000004	0.40000000000000002
112	ZH Sliding Wire Basket (30x6x12) | Polished Chrome	Closet Basket, steel, chrome-plated, 12"d x 29"w x 6"h	547.37.222 	\N	000.547.037.222.00P		2011-01-01 18:53:53.661007	2011-01-26 20:10:27.14468	Purchased		Item	19.210000000000001		\N	\N	0.92000000000000004	0.40000000000000002
173	ZH Drawer Slide | Full ext | 16 inch	Drawer glide 16 inch full extension 100Lb	FU3173316	\N	000.FU3.173.316.00I		2011-01-01 18:53:55.925264	2011-01-26 19:26:01.1562	Inventory		Item	3.8199999999999998		\N	\N	0.92000000000000004	0.40000000000000002
136	ZH Sliding Wire Basket (30x17x16) | Polished Chrome	Closet Basket, steel, chrome-plated, 16"d x 29"w x 17"h	547.41.268	\N	000.547.041.268.00P		2011-01-01 18:53:54.573313	2011-01-26 20:10:07.462007	Purchased	30020-1	Item	34.159999999999997		\N	\N	0.92000000000000004	0.40000000000000002
115	ZH Sliding Wire Basket (30x11x12) | Polished Chrome	Closet Basket, steel, chrome-plated, 12"d x 29"w x 11"h	547.37.226 	\N	000.547.037.226.00P		2011-01-01 18:53:53.699484	2011-01-26 20:04:26.168493	Purchased		Item	25.420000000000002		\N	\N	0.92000000000000004	0.40000000000000002
138	ZH Sliding Wire Basket (24x6x16) | Matte Nickel	Closet Basket, steel, matt nickel, 16"d x 23"w x 6"h	547.36.662	\N	000.547.036.662.00P		2011-01-01 18:53:54.638615	2011-01-26 20:03:18.004155	Purchased	30055-1	Item	24.09		\N	\N	0.92000000000000004	0.40000000000000002
117	ZH Sliding Wire Basket (24x17x12) | Polished Chrome	Closet Basket, steel, chrome-plated, 12"d x 23"w x 17"h	547.36.228 	\N	000.547.036.228.00P		2011-01-01 18:53:53.725988	2011-01-26 20:00:38.832431	Purchased		Item	26.18		\N	\N	0.92000000000000004	0.40000000000000002
141	ZH Sliding Wire Basket (24x11x16) | Matte Nickel	Closet Basket, steel, matt nickel, 16"d x 23"w x 11"h	547.36.666	\N	000.547.036.666.00P		2011-01-01 18:53:54.700015	2011-01-26 19:59:51.31812	Purchased	30053-1	Item	25.050000000000001		\N	\N	0.92000000000000004	0.40000000000000002
137	ZH Sliding Wire Basket (18x6x16) | Matte Nickel	Closet Basket, steel, matt nickel, 16"d x 17"w x 6"h	547.35.662	\N	000.547.035.662.00P		2011-01-01 18:53:54.619103	2011-01-26 19:57:27.144291	Purchased	30052-1	Item	20.699999999999999		\N	\N	0.92000000000000004	0.40000000000000002
119	ZH Sliding Wire Basket (18x6x12) | Matte Nickel	Closet Basket, steel, matt nickel, 12"d x 17"w x 6"h	547.35.622	\N	000.547.035.622.00P		2011-01-01 18:53:53.752304	2011-01-26 19:56:16.809924	Purchased		Item	16.75		\N	\N	0.92000000000000004	0.40000000000000002
131	ZH Sliding Wire Basket (18x11x16) | Polished Chrome	Closet Basket, steel, chrome-plated, 16"d x 17"w x 11"h	547.35.266	\N	000.547.035.266.00P		2011-01-01 18:53:54.258039	2011-01-26 19:53:47.832137	Purchased	30013-1	Item	21.050000000000001		\N	\N	0.92000000000000004	0.40000000000000002
140	ZH Sliding Wire Basket (18x11x16) | Matte Nickel	Closet Basket, steel, matt nickel, 16"d x 17"w x 11"h	547.35.666	\N	000.547.035.666.00P		2011-01-01 18:53:54.681235	2011-01-26 19:53:22.389968	Purchased	30050-1	Item	21.649999999999999		\N	\N	0.92000000000000004	0.40000000000000002
127	ZH Sliding Wire Basket (30x17x12) | Matte Nickel	Closet Basket, steel, matt nickel, 12"d x 29"w x 17"h\r\n	547.37.628	\N	000.547.037.628.00P		2011-01-01 18:53:54.187019	2011-01-26 20:05:54.280904	Purchased		Item	28		\N	\N	0.92000000000000004	0.40000000000000002
132	ZH Sliding Wire Basket (24x11x16) | Polished Chrome	Closet Basket, steel, chrome-plated, 16"d x 23"w x 11"h	547.36.266	\N	000.547.036.266.00P		2011-01-01 18:53:54.38009	2011-01-26 20:00:14.615592	Purchased	30016-1	Item	23.510000000000002		\N	\N	0.92000000000000004	0.40000000000000002
113	ZH Sliding Wire Basket (18x11x12) | Polished Chrome	Closet Basket, steel, chrome-plated, 12"d x 17"w x 11"h	547.38.226	\N	000.547.038.226.00P		2011-01-01 18:53:53.673204	2011-01-26 19:52:09.194875	Purchased		Item	19.859999999999999		\N	\N	0.92000000000000004	0.40000000000000002
67	ZH Valet Rod | Oil Rubbed Bronze	Synergy Closet Valet, aluminum, dark oil rubbed bronzed, plastic, black, 14 1/8" length	808.71.103	\N	000.808.071.103.00P		2011-01-01 18:53:52.492961	2011-01-26 20:16:49.564782	Purchased		Item	17.789999999999999		\N	\N	0.92000000000000004	0.40000000000000002
130	ZH Sliding Wire Basket (30x6x16) | Polished Chrome	Closet Basket, steel, chrome-plated, 16"d x 29"w x 6"h	547.37.262	\N	000.547.037.262.00P		2011-01-01 18:53:54.233435	2011-01-26 20:11:31.948222	Purchased	30021-1	Item	24.309999999999999		\N	\N	0.92000000000000004	0.40000000000000002
121	ZH Sliding Wire Basket (30x6x12) | Matte Nickel	Closet Basket, steel, matt nickel, 12"d x 29"w x 6"h	547.37.622	\N	000.547.037.622.00P		2011-01-01 18:53:53.863279	2011-01-26 20:10:17.719922	Purchased		Item	19		\N	\N	0.92000000000000004	0.40000000000000002
118	ZH Sliding Wire Basket (30x17x12) | Polished Chrome	Closet Basket, steel, chrome-plated, 12"d x 29"w x 17"h	547.37.228 	\N	000.547.037.228.00P		2011-01-01 18:53:53.738219	2011-01-26 20:06:05.444787	Purchased		Item	28.760000000000002		\N	\N	0.92000000000000004	0.40000000000000002
135	ZH Sliding Wire Basket (24x17x16) | Polished Chrome	Closet Basket, steel, chrome-plated, 16"d x 23"w x 17"h	547.40.268	\N	000.547.040.268.00P		2011-01-01 18:53:54.555586	2011-01-26 20:01:50.310443	Purchased	30017-1	Item	28.550000000000001		\N	\N	0.92000000000000004	0.40000000000000002
129	ZH Sliding Wire Basket (24x6x16) | Polished Chrome	Closet Basket, steel, chrome-plated, 16"d x 23"w x 6"h	547.36.262	\N	000.547.036.262.00P		2011-01-01 18:53:54.221078	2011-01-26 20:04:05.652793	Purchased	30018-1	Item	22.559999999999999		\N	\N	0.92000000000000004	0.40000000000000002
111	ZH Sliding Wire Basket (24x6x12) | Polished Chrome	Closet Basket, steel, chrome-plated, 12"d x 23"w x 6"h	547.40.222 	\N	000.547.040.222.00P		2011-01-01 18:53:53.648484	2011-01-26 20:02:10.303848	Purchased		Item	19.77		\N	\N	0.92000000000000004	0.40000000000000002
367	CTOP - Geneva (3 Week Lead Time) | Laminate 4885 Green Soapstone	CTOP - Geneva (3 Week Lead Time) | Laminate 4885 Green Soapstone		\N	000.401.004.313.00P	LAM-CTOP-GEN	2011-01-01 18:54:21.399378	2011-01-30 17:26:12.909797	Purchased		Item	177.84999999999999		\N	\N	0.92000000000000004	0.40000000000000002
369	CTOP - Geneva (3 Week Lead Time) | Laminate 4887 Tan Soapstone	CTOP - Geneva (3 Week Lead Time) | Laminate 4887 Tan Soapstone		\N	000.401.004.315.00P	LAM-CTOP-GEN	2011-01-01 18:54:21.638715	2011-01-30 17:26:34.562855	Purchased		Item	177.84999999999999		\N	\N	0.92000000000000004	0.40000000000000002
637	PG Stainless Workbench 24 X 25	PG Stainless Workbench 24 X 25		\N	000.991.890.100.00P	NX-CTOP-SS	2011-01-21 01:24:54.699345	2011-01-30 19:19:15.885004	Purchased	890100	Item	126.5		\N	\N	0.92000000000000004	0.40000000000000002
644	ZH SlatWall Corner Molding (4/box) | White	SlatWall Corner Molding (4/box) | White	HST1008M	\N	000.990.320.1IO.00I		2011-01-21 01:24:55.008372	2011-01-26 19:45:10.929464	Purchased	3201-IOC	Item	6.5499999999999998		\N	\N	0.92000000000000004	0.40000000000000002
646	ZH SlatWall Drywall Screws (1000/box) | White	SlatWall Drywall Screws (1000/box) | White	HSWS100W	\N	000.990.320.10S.00I		2011-01-21 01:24:55.018215	2011-01-26 19:46:58.920768	Purchased	3201-S	Item	0.034000000000000002		\N	\N	0.92000000000000004	0.40000000000000002
144	ZH Sliding Wire Basket (24x17x16) | Matte Nickel	Closet Basket, steel, matt nickel, 16"d x 23"w x 17"h	547.36.668	\N	000.547.036.668.00P		2011-01-01 18:53:54.789717	2011-01-26 20:01:26.698406	Purchased	30054-1	Item	27.949999999999999		\N	\N	0.92000000000000004	0.40000000000000002
175	ZH Drawer Slide | Full ext | 20 inch	Drawer glide 20 inch full extension 100Lb	FU3173320	\N	000.FU3.173.320.00I		2011-01-01 18:53:56.00019	2011-01-26 19:26:25.392858	Inventory		Item	4.29		\N	\N	0.92000000000000004	0.40000000000000002
156	ZH Cam (Double Stud)	Rafix Dbl.Bolt St.Zip 5/7 F.19Mm	263.24.972	\N	000.263.024.972.00I		2011-01-01 18:53:55.385639	2011-01-26 19:21:56.551639	Inventory	10019	Item	0.073599999999999999		\N	\N	0.92000000000000004	0.40000000000000002
171	ZH Drawer Slide | Full ext | 12 inch	Drawer glide 12 inch full extension 100Lb	FU3173312	\N	000.FU3.173.312.00I		2011-01-01 18:53:55.826341	2011-01-26 19:25:35.504736	Inventory	10073	Item	2.98		\N	\N	0.92000000000000004	0.40000000000000002
180	ZH Wardrobe Lift (20-26) | Matte Nickel	Wardrobe Lift, steel, nickel-plated, black, 21 1/4" - 26", 26 lbs load capacity	805.31.601 	\N	000.805.031.601.00P		2011-01-01 18:53:56.083546	2011-01-26 20:17:18.710899	Purchased		Item	68.462999999999994		\N	\N	0.92000000000000004	0.40000000000000002
155	ZH Cam (Screw-In Stud)	Rafix Bolt St.Zip Dia. 7X11Mm 5Mm	263.20.847	\N	000.263.020.847.00I		2011-01-01 18:53:55.380916	2011-01-26 19:22:22.365742	Inventory	10040	Item	0.042299999999999997		\N	\N	0.92000000000000004	0.40000000000000002
153	ZH Sliding Wire Basket (24x17x16) | Oil Rubbed Bronze	Closet Basket, steel, dark oil rubbed bronze,16"d x 23"w x 17"h	547.36.168	\N	000.547.036.168.00P		2011-01-01 18:53:55.35627	2011-01-26 20:01:39.309587	Purchased	30033-1	Item	30.449999999999999		\N	\N	0.92000000000000004	0.40000000000000002
167	ZH Drawer Slide | 3/4 ext | 18 inch	Soft-Roller 100Lbs St White 450mm 18 inch	7111KSC18W	\N	007.111.KSC.18W.00I		2011-01-01 18:53:55.806307	2011-01-26 19:24:55.671058	Inventory	10036	Item	1.05		\N	\N	0.92000000000000004	0.40000000000000002
164	ZH Drawer Slide | 3/4 ext | 12 inch	Soft-Roller 100Lbs St White 300mm 12"	7111KSC12W	\N	007.111.KSC.12W.00I		2011-01-01 18:53:55.791252	2011-01-26 19:24:16.151821	Inventory	10076	Item	0.76000000000000001		\N	\N	0.92000000000000004	0.40000000000000002
645	ZH SlatWall J Molding (4/box) | White	SlatWall J Molding (4/box) | White	HST1088L	\N	000.990.320.1JM.00I		2011-01-21 01:24:55.013337	2011-01-26 19:48:36.942099	Purchased	3201-JM	Item	5.25		\N	\N	0.92000000000000004	0.40000000000000002
151	ZH Sliding Wire Basket (30x11x16) | Oil Rubbed Bronze	Closet Basket, steel, dark oil rubbed bronze, 16"d x 29"w x 11"h	547.37.166	\N	000.547.037.166.00P		2011-01-01 18:53:55.319084	2011-01-26 20:05:33.474697	Purchased	30035-1	Item	31.890000000000001		\N	\N	0.92000000000000004	0.40000000000000002
176	ZH Drawer Slide | Full ext | 22 inch	Drawer glide 22 inch full extension 100Lb	FU3173322	\N	000.FU3.173.322.00I		2011-01-01 18:53:56.006081	2011-01-26 19:26:38.222721	Inventory	1071	Item	4.29		\N	\N	0.92000000000000004	0.40000000000000002
148	ZH Sliding Wire Basket (30x6x16) | Oil Rubbed Bronze	Closet Basket, steel, dark oil rubbed bronze, 16"d x 29"w x 6"h	547.37.162	\N	000.547.037.162.00P		2011-01-01 18:53:54.991918	2011-01-26 20:11:21.827442	Purchased	30037-1	Item	25.079999999999998		\N	\N	0.92000000000000004	0.40000000000000002
643	ZH SlatWall T Molding (4/box) | White	SlatWall T Molding (4/box) | White	HST1008D	\N	000.990.320.1DM.00I		2011-01-21 01:24:55.003315	2011-01-26 19:50:03.656944	Purchased	3201-DM	Item	5.3799999999999999		\N	\N	0.92000000000000004	0.40000000000000002
159	ZH Tilt-Out Hamper (18)	Synergy Tilt-Out Hamper, steel, black, 16 1/4" width, 1 black nylon bag included	547.43.301	\N	000.547.043.301.00P		2011-01-01 18:53:55.535954	2011-01-26 20:16:00.171316	Purchased	30085	Item	47.130000000000003		\N	\N	0.92000000000000004	0.40000000000000002
161	ZH Tilt-Out Hamper (30)	Synergy Tilt-Out Hamper, steel, black, 28 1/8" width, 2 black nylon bags included	547.43.305	\N	000.547.043.305.00P		2011-01-01 18:53:55.638594	2011-01-26 20:16:22.910512	Purchased	30087	Item	61.5		\N	\N	0.92000000000000004	0.40000000000000002
154	ZH Sliding Wire Basket (30x17x16) | Oil Rubbed Bronze	Closet Basket, steel, dark oil rubbed bronze, 16"d x 29"w x 17"h	547.37.168	\N	000.547.037.168.00P		2011-01-01 18:53:55.36885	2011-01-26 20:09:57.141244	Purchased	30036-1	Item	35.93		\N	\N	0.92000000000000004	0.40000000000000002
647	ZH SlatWall U Edge Molding (4/box) | White	SlatWall U Edge Molding (4/box) | White	HST1008E	\N	000.990.320.10U.00I		2011-01-21 01:24:55.023174	2011-01-26 19:51:31.454174	Purchased	3201-U	Item	3.5		\N	\N	0.92000000000000004	0.40000000000000002
149	ZH Sliding Wire Basket (18x11x16) | Oil Rubbed Bronze	Closet Basket, steel, dark oil rubbed bronze, 16"d x 17"w x 11"h	547.35.166	\N	000.547.035.166.00P		2011-01-01 18:53:55.109521	2011-01-26 19:53:36.649372	Purchased	30029-1	Item	25.039999999999999		\N	\N	0.92000000000000004	0.40000000000000002
143	ZH Sliding Wire Basket (18x17x16) | Matte Nickel	Closet Basket, steel, matt nickel, 16"d x 17"w x 17"h	547.35.668	\N	000.547.035.668.00P		2011-01-01 18:53:54.758167	2011-01-26 19:55:23.03295	Purchased	30051-1	Item	25.57		\N	\N	0.92000000000000004	0.40000000000000002
152	ZH Sliding Wire Basket (18x17x16) | Oil Rubbed Bronze	Closet Basket, steel, dark oil rubbed bronze, 16"d x 17"w x 17"h	547.35.168	\N	000.547.035.168.00P		2011-01-01 18:53:55.34365	2011-01-26 19:55:38.267495	Purchased	30030-1	Item	29.199999999999999		\N	\N	0.92000000000000004	0.40000000000000002
150	ZH Sliding Wire Basket (24x11x16) | Oil Rubbed Bronze	Closet Basket, steel, dark oil rubbed bronze, 16"d x 23"w x 11"h	547.36.166	\N	000.547.036.166.00P		2011-01-01 18:53:55.204072	2011-01-26 20:00:03.289031	Purchased	30032-1	Item	26.5		\N	\N	0.92000000000000004	0.40000000000000002
201	ZH Screw (Euro)	Euro Screw 5 x 10mm (Box Qty 500)	3701051002	\N	000.100.300.000.00I		2011-01-01 18:53:57.220655	2011-01-26 19:38:28.819105	Inventory	1003	Item	0.0089099999999999995		\N	\N	0.92000000000000004	0.40000000000000002
236	ZH Cam - Flush | White	Rafix SE w/o Ridge White 19mm	263.50.705	\N	000.263.050.705.00I		2011-01-01 18:54:07.455903	2011-01-26 19:22:09.950893	Inventory	10041	Item	0.096000000000000002		\N	\N	0.92000000000000004	0.40000000000000002
238	ZH Cam Cover | Beige	Rafix Cover Cap Pl Beige For Flush Cams. use with Victorian White	263.59.430	\N	000.263.059.430.00I		2011-01-01 18:54:07.544535	2011-01-26 19:20:35.737293	Inventory	10044	Item	0.0106		\N	\N	0.92000000000000004	0.40000000000000002
648	ZH SlatWall 12 x 96 (4/box) |White	SlatWall 12 x 96 (4/box) |White	HSW1008	\N	000.990.320.10W.00I		2011-01-21 01:24:55.02821	2011-01-26 19:43:49.464387	Purchased	3201-W	Item	18.16		\N	\N	0.92000000000000004	0.40000000000000002
640	PG Stainless Workbench 96 X 25	PG Stainless Workbench 96 X 25		\N	000.991.890.103.00P	NX-CTOP-SS	2011-01-21 01:24:54.714642	2011-01-30 19:20:10.290574	Purchased	890103	Item	366.16000000000003		\N	\N	0.92000000000000004	0.40000000000000002
365	CTOP - Geneva (3 Week Lead Time) | Laminate 4883 Sable Soapstone	CTOP - Geneva (3 Week Lead Time) | Laminate 4883 Sable Soapstone		\N	000.401.004.311.00P	LAM-CTOP-GEN	2011-01-01 18:54:21.308171	2011-01-30 17:25:51.66715	Purchased		Item	177.84999999999999		\N	\N	0.92000000000000004	0.40000000000000002
372	CTOP - Geneva (3 Week Lead Time) | Laminate 7948 Mambo	CTOP - Geneva (3 Week Lead Time) | Laminate 7948 Mambo		\N	000.401.004.318.00P	LAM-CTOP-GEN	2011-01-01 18:54:21.751996	2011-01-30 17:27:06.741801	Purchased		Item	193.84999999999999		\N	\N	0.92000000000000004	0.40000000000000002
641	PG Stainless Workbench 120 X 25	PG Stainless Workbench 120 X 25		\N	000.991.890.104.00P	NX-CTOP-SS	2011-01-21 01:24:54.719654	2011-01-30 19:18:43.628641	Purchased	890104	Item	452.63999999999999		\N	\N	0.92000000000000004	0.40000000000000002
638	PG Stainless Workbench 48 X 25	PG Stainless Workbench 48 X 25		\N	000.991.890.101.00P	NX-CTOP-SS	2011-01-21 01:24:54.704496	2011-01-30 19:19:32.252314	Purchased	890101	Item	231.84		\N	\N	0.92000000000000004	0.40000000000000002
639	PG Stainless Workbench 72 X 25	PG Stainless Workbench 72 X 25		\N	000.991.890.102.00P	NX-CTOP-SS	2011-01-21 01:24:54.709627	2011-01-30 19:19:44.818847	Purchased	890102	Item	281.51999999999998		\N	\N	0.92000000000000004	0.40000000000000002
241	ZH Cam Cover | Brown	Rafix Cover Cap Pl Brown For Flush Cams. use with Sable Glow	263.59.130	\N	000.263.059.130.00I		2011-01-01 18:54:07.754654	2011-01-26 19:20:48.766948	Inventory	10047	Item	0.0106		\N	\N	0.92000000000000004	0.40000000000000002
218	ZH Screw (Doors Handles)	23mm M4 Handle Screw Doors 100/box	022.35.234	\N	000.022.035.234.00I		2011-01-01 18:54:02.601139	2011-01-26 19:36:56.253945	Inventory	10057	Item	0.030499999999999999		\N	\N	0.92000000000000004	0.40000000000000002
649	ZH SlatWall T Molding (4/box) | Taupe	SlatWall T Molding (4/box) | Taupe	HST2008D	\N	000.990.320.2DM.00I		2011-01-21 01:24:55.033244	2011-01-26 19:49:47.396704	Purchased	3202-DM	Item	5.3799999999999999		\N	\N	0.92000000000000004	0.40000000000000002
226	ZH Hinge | Corner	Hinge 45 degree Corner	65C2R7M99AC	\N	000.311.066.501.00I		2011-01-01 18:54:02.847892	2011-01-26 19:29:18.709392	Inventory	1043	Item	2.3300000000000001		\N	\N	0.92000000000000004	0.40000000000000002
219	ZH Screw (Drawer Front Handles DR1)	28mm M4 Handle Screw DR1 Drawers (500/box)	022.35.259	\N	000.022.035.259.00I		2011-01-01 18:54:02.685097	2011-01-26 19:37:36.435393	Inventory	10067	Item	0.0356		\N	\N	0.92000000000000004	0.40000000000000002
228	ZH Shelf Pin (Safety Shelf)	Shelf Support W/Plug Zn.Nip. 5mm	282.24.720	\N	000.282.024.720.00I		2011-01-01 18:54:05.491279	2011-01-26 19:39:41.914686	Inventory	10033	Item	0.075700000000000003		\N	\N	0.92000000000000004	0.40000000000000002
220	ZH Screw (Drawer Front Handles)	35mm M4 Handle Screw Drawers 100/box	022.35.350	\N	000.022.035.350.00I		2011-01-01 18:54:02.689924	2011-01-26 19:37:22.814979	Inventory	10058	Item	0.043099999999999999		\N	\N	0.92000000000000004	0.40000000000000002
177	ZH Wardrobe Lift (20-26) | Polished Chrome	Wardrobe Lift, steel, chrome-plated, black, 21 1/4" - 26", 26 lbs load capacity	805.31.201	\N	000.805.031.201.00P		2011-01-01 18:53:56.010967	2011-01-26 20:17:33.891589	Purchased	30074	Item	38.920000000000002		\N	\N	0.92000000000000004	0.40000000000000002
181	ZH Wardrobe Lift (26-35) | Matte Nickel	Wardrobe Lift, steel, nickel-plated, black, 26" - 35 1/16", 26 lbs load capacity	805.31.602	\N	000.805.031.602.00P		2011-01-01 18:53:56.098468	2011-01-26 20:17:52.943114	Purchased		Item	69.677999999999997		\N	\N	0.92000000000000004	0.40000000000000002
598	ZZ NXp Panel 25 DON'T DELETE	building block: 1 inch panel		\N			2011-01-07 17:24:43.476855	2011-01-12 20:23:08.623935	Manufactured		Panel	\N	\N	\N	\N	0.92000000000000004	0.40000000000000002
185	ZH Wardrobe Lift (35-47) | Black	Wardrobe Lift, steel, black, plastic, black, 35 1/16" - 47 5/8", 26 lbs load capacity	805.31.303	\N	000.805.031.303.00P		2011-01-01 18:53:56.342484	2011-01-26 20:18:23.310218	Purchased		Item	49.5		\N	\N	0.92000000000000004	0.40000000000000002
179	ZH Wardrobe Lift (35-47) | Polished Chrome	Wardrobe Lift, steel, chrome-plated, black, 35 1/16" - 47 5/8", 26 lbs load capacity	805.31.203	\N	000.805.031.203.00P		2011-01-01 18:53:56.068112	2011-01-26 20:18:42.908532	Purchased	30076	Item	40.823999999999998		\N	\N	0.92000000000000004	0.40000000000000002
225	ZH Jewelry Tray | Black Velvet | (27-13/16 x 18-5/8 x 2)	Jewelry Tray | Black Velvet | (27-13/16 x 18-5/8 x 2)	CLO2606-2718-03	\N	000.984.278.000.00P		2011-01-01 18:54:02.750921	2011-01-26 19:32:55.35436	Purchased	30118	Item	30.859999999999999		\N	\N	0.92000000000000004	0.40000000000000002
503	NX Workbench Top (Corner)	NX Workbench Top (Corner)		\N	000.400.005.x.00M	NX-CWTOP	2011-01-01 18:54:27.719043	2011-01-31 16:13:46.797178	Manufactured	Garage_Cabinets	Countertop	\N		\N	\N	0.92000000000000004	0.40000000000000002
222	ZH Jewelry Tray | Black Velvet | (21-13/16 x 12-5/8 x 2)	Jewelry Tray | Black Velvet | (21-13/16 x 12-5/8 x 2)	CLO2606-2112-27	\N	000.984.212.000.00P		2011-01-01 18:54:02.699268	2011-01-26 19:32:13.161101	Purchased	30115	Item	23.420000000000002		\N	\N	0.92000000000000004	0.40000000000000002
205	ZH Screw (Corner Brace)	Pan Head Screw for Corner Brace (#8 x 3/4)	010.83.965	\N	000.010.083.965.00I		2011-01-01 18:53:57.240319	2011-01-26 19:36:43.286902	Inventory	10065	Item	0.0092999999999999992		\N	\N	0.92000000000000004	0.40000000000000002
223	ZH Jewelry Tray | Black Velvet | (21-13/16 x 18-5/8 x 2)	Jewelry Tray | Black Velvet | (21-13/16 x 18-5/8 x 2)	CLO2606-2118-02	\N	000.984.128.000.00P		2011-01-01 18:54:02.704023	2011-01-26 19:32:27.705037	Purchased	30116	Item	27.629999999999999		\N	\N	0.92000000000000004	0.40000000000000002
272	CTOP - Classic (3 Week Lead Time) | Laminate 1595 Black	CTOP - Classic (3 Week Lead Time) | Laminate 1595 Black		\N	000.401.000.302.00P	LAM-CTOP-CL	2011-01-01 18:54:11.855812	2011-01-30 16:16:32.378973	Purchased		Item	185.84999999999999		\N	\N	0.92000000000000004	0.40000000000000002
274	CTOP - Classic (3 Week Lead Time) | Laminate 4781 Sunstone	CTOP - Classic (3 Week Lead Time) | Laminate 4781 Sunstone		\N	000.401.000.304.00P	LAM-CTOP-CL	2011-01-01 18:54:11.98195	2011-01-30 16:17:27.793316	Purchased		Item	240.62		\N	\N	0.92000000000000004	0.40000000000000002
275	CTOP - Classic (3 Week Lead Time) | Laminate 4789 Limestone	CTOP - Classic (3 Week Lead Time) | Laminate 4789 Limestone		\N	000.401.000.305.00P	LAM-CTOP-CL	2011-01-01 18:54:12.145488	2011-01-30 16:17:43.680703	Purchased		Item	240.62		\N	\N	0.92000000000000004	0.40000000000000002
276	CTOP - Classic (3 Week Lead Time) | Laminate 4790 Greystone	CTOP - Classic (3 Week Lead Time) | Laminate 4790 Greystone		\N	000.401.000.306.00P	LAM-CTOP-CL	2011-01-01 18:54:12.245355	2011-01-30 16:18:14.762509	Purchased		Item	240.62		\N	\N	0.92000000000000004	0.40000000000000002
277	CTOP - Classic (3 Week Lead Time) | Laminate 4791 Willowstone	CTOP - Classic (3 Week Lead Time) | Laminate 4791 Willowstone		\N	000.401.000.307.00P	LAM-CTOP-CL	2011-01-01 18:54:12.425324	2011-01-30 16:18:43.837939	Purchased		Item	240.62		\N	\N	0.92000000000000004	0.40000000000000002
207	Decor Crown Molding - 423 | Hardrock Maple	Decor Crown Molding - 423 | Hardrock Maple		\N	000.301.000.010.00P	DS-CM-423	2011-01-01 18:53:57.251766	2011-01-30 17:45:43.17991	Purchased		Item	29.93		\N	\N	0.92000000000000004	0.40000000000000002
209	Decor Crown Molding - 423 | Windswept Pewter	Decor Crown Molding - 423 | Windswept Pewter		\N	000.301.000.009.00P	DS-CM-423	2011-01-01 18:53:57.427746	2011-01-30 17:47:05.809189	Purchased		Item	\N		\N	\N	0.92000000000000004	0.40000000000000002
208	Decor Crown Molding - 424 | Hardrock Maple	Decor Crown Molding - 424 | Hardrock Maple		\N	000.302.000.010.00P	DS-CM-424	2011-01-01 18:53:57.282305	2011-01-30 17:48:08.684412	Purchased		Item	32.399999999999999		\N	\N	0.92000000000000004	0.40000000000000002
233	Decor Hamper Door - DR8	Decor Hamper Door - DR8 		\N	000.143.000.x.00B	DS-HD-DR8	2011-01-01 18:54:06.360219	2011-01-31 15:57:35.029418	Buyout	Buyout_Door	PremiumDoor	\N		\N	\N	0.92000000000000004	0.40000000000000002
263	NX Base Cabinet 1 Door	NX Base Cabinet 1 Door 		\N	000.101.233.x.00M	NX-C-1AS	2011-01-01 18:54:10.080876	2011-01-31 16:09:33.035453	Manufactured	Garage_Cabinets	Cabinet	\N		\N	\N	0.92000000000000004	0.40000000000000002
230	CL Hamper Door - flat	CL Hamper Door - flat 		\N	000.140.000.x.00M	CL-HPD	2011-01-01 18:54:06.016939	2011-01-30 21:25:46.532381	Manufactured	Closets	Door	\N		\N	\N	0.92000000000000004	0.40000000000000002
244	CL Hutch Panel 36 - BaseNotch - Thru	CL Hutch Panel 36 - BaseNotch - Thru 		\N	000.211.036.x.00M	CL-VHPN-36-T	2011-01-01 18:54:08.096697	2011-01-30 21:28:14.573208	Manufactured	Closets	ClosetPartition	\N		\N	\N	0.92000000000000004	0.40000000000000002
204	ZH Hutch Base Angle Bracket	Hutch Base Angle Bracket Zinc Plated....	260.34.005	\N	000.260.034.005.00I		2011-01-01 18:53:57.235534	2011-02-01 18:03:05.871275	Inventory	10048	Item	0.21099999999999999		\N	\N	0.92000000000000004	0.40000000000000002
656	ZH SlatWall Corner Molding (4/box) | Maple	SlatWall Corner Molding (4/box) | Maple	HST9008M	\N	000.990.320.3IO.00I		2011-01-21 01:24:55.068208	2011-01-26 19:44:34.286555	Purchased	3203-IOC	Item	6.5499999999999998		\N	\N	0.92000000000000004	0.40000000000000002
285	CTOP - Classic (3 Week Lead Time) | Laminate 4887 Tan Soapstone	CTOP - Classic (3 Week Lead Time) | Laminate 4887 Tan Soapstone		\N	000.401.000.315.00P	LAM-CTOP-CL	2011-01-01 18:54:13.695315	2011-01-30 16:22:36.580094	Purchased		Item	185.84999999999999		\N	\N	0.92000000000000004	0.40000000000000002
279	CTOP - Classic (3 Week Lead Time) | Laminate 4795 Windswept Pewter	CTOP - Classic (3 Week Lead Time) | Laminate 4795 Windswept Pewter		\N	000.401.000.309.00P	LAM-CTOP-CL	2011-01-01 18:54:12.721503	2011-01-30 16:19:37.2623	Purchased		Item	240.62		\N	\N	0.92000000000000004	0.40000000000000002
280	CTOP - Classic (3 Week Lead Time) | Laminate 4882 Oiled Soapstone	CTOP - Classic (3 Week Lead Time) | Laminate 4882 Oiled Soapstone		\N	000.401.000.310.00P	LAM-CTOP-CL	2011-01-01 18:54:12.905668	2011-01-30 16:20:23.572617	Purchased		Item	185.84999999999999		\N	\N	0.92000000000000004	0.40000000000000002
281	CTOP - Classic (3 Week Lead Time) | Laminate 4883 Sable Soapstone	CTOP - Classic (3 Week Lead Time) | Laminate 4883 Sable Soapstone		\N	000.401.000.311.00P	LAM-CTOP-CL	2011-01-01 18:54:12.945602	2011-01-30 16:20:58.871037	Purchased		Item	185.84999999999999		\N	\N	0.92000000000000004	0.40000000000000002
283	CTOP - Classic (3 Week Lead Time) | Laminate 4885 Green Soapstone	CTOP - Classic (3 Week Lead Time) | Laminate 4885 Green Soapstone		\N	000.401.000.313.00P	LAM-CTOP-CL	2011-01-01 18:54:13.275644	2011-01-30 16:21:54.277112	Purchased		Item	185.84999999999999		\N	\N	0.92000000000000004	0.40000000000000002
284	CTOP - Classic (3 Week Lead Time) | Laminate 4886 Pearl Soapstone	CTOP - Classic (3 Week Lead Time) | Laminate 4886 Pearl Soapstone		\N	000.401.000.314.00P	LAM-CTOP-CL	2011-01-01 18:54:13.586018	2011-01-30 16:22:24.648016	Purchased		Item	185.84999999999999		\N	\N	0.92000000000000004	0.40000000000000002
286	CTOP - Classic (3 Week Lead Time) | Laminate 7921 Tuscan Walnut	CTOP - Classic (3 Week Lead Time) | Laminate 7921 Tuscan Walnut		\N	000.401.000.316.00P	LAM-CTOP-CL	2011-01-01 18:54:13.796147	2011-01-30 16:22:51.611932	Purchased		Item	185.84999999999999		\N	\N	0.92000000000000004	0.40000000000000002
287	CTOP - Classic (3 Week Lead Time) | Laminate 7942 Cocobala	CTOP - Classic (3 Week Lead Time) | Laminate 7942 Cocobala		\N	000.401.000.317.00P	LAM-CTOP-CL	2011-01-01 18:54:13.896094	2011-01-30 16:23:08.602142	Purchased		Item	240.62		\N	\N	0.92000000000000004	0.40000000000000002
288	CTOP - Classic (3 Week Lead Time) | Laminate 7948 Mambo	CTOP - Classic (3 Week Lead Time) | Laminate 7948 Mambo		\N	000.401.000.318.00P	LAM-CTOP-CL	2011-01-01 18:54:14.136405	2011-01-30 16:23:46.247623	Purchased		Item	211.69		\N	\N	0.92000000000000004	0.40000000000000002
212	Decor Crown Molding - 424 | Windswept Bronze	Decor Crown Molding - 424 | Windswept Bronze		\N	000.302.000.008.00P	DS-CM-424	2011-01-01 18:53:57.627785	2011-01-30 17:49:01.647447	Purchased		Item	\N		\N	\N	0.92000000000000004	0.40000000000000002
210	Decor Crown Molding - 424 | Windswept Pewter	Decor Crown Molding - 424 | Windswept Pewter		\N	000.302.000.009.00P	DS-CM-424	2011-01-01 18:53:57.473181	2011-01-30 17:49:14.944398	Purchased		Item	\N		\N	\N	0.92000000000000004	0.40000000000000002
267	NX Base Cabinet 3 Drawer (7/7/15)	NX Base Cabinet 3 Drawer (7/7/15) 		\N	000.207.715.x.00M	NX-C	2011-01-01 18:54:10.709376	2011-01-31 16:10:37.177158	Manufactured	Garage_Cabinets	Cabinet	\N		\N	\N	0.92000000000000004	0.40000000000000002
269	NX Base Cabinet 4 Drawer (3/3/7/15)	NX Base Cabinet 4 Drawer (3/3/7/15) 		\N	000.233.715.x.00M	NX-C	2011-01-01 18:54:10.879174	2011-01-31 16:10:49.203919	Manufactured	Garage_Cabinets	Cabinet	\N		\N	\N	0.92000000000000004	0.40000000000000002
268	NX Base Cabinet 4 Drawer (7/7/7/7)	NX Base Cabinet 4 Drawer (7/7/7/7) 		\N	000.207.777.x.00M	NX-C	2011-01-01 18:54:10.750451	2011-01-31 16:11:02.395454	Manufactured	Garage_Cabinets	Cabinet	\N		\N	\N	0.92000000000000004	0.40000000000000002
270	NX Base Cabinet 5 Drawer (3/3/7/7/7)	NX Base Cabinet 5 Drawer (3/3/7/7/7) 		\N	000.233.777.x.00M	NX-C	2011-01-01 18:54:10.948847	2011-01-31 16:11:15.110258	Manufactured	Garage_Cabinets	Cabinet	\N		\N	\N	0.92000000000000004	0.40000000000000002
259	NX Over Cabinet 1 Door	NX Over Cabinet 1 Door 		\N	000.301.243.x.00M	NX-C-1AS	2011-01-01 18:54:09.612474	2011-01-31 16:12:35.951369	Manufactured	Garage_Cabinets	Cabinet	\N		\N	\N	0.92000000000000004	0.40000000000000002
258	NX Over Cabinet 2 Door	NX Over Cabinet 2 Door 		\N	000.302.443.x.00M	NX-C-1AS	2011-01-01 18:54:09.600438	2011-01-31 16:12:47.760781	Manufactured	Garage_Cabinets	Cabinet	\N		\N	\N	0.92000000000000004	0.40000000000000002
256	NX Tall Cabinet 2 Door	NX Tall Cabinet 2 Door 		\N	000.402.493.x.00M	NX-C-3AS	2011-01-01 18:54:09.525131	2011-01-31 16:13:11.979776	Manufactured	Garage_Cabinets	Cabinet	\N		\N	\N	0.92000000000000004	0.40000000000000002
260	NX Upper Cabinet 2 Door	NX Upper Cabinet 2 Door 		\N	000.302.430.x.00M	NX-C-1AS	2011-01-01 18:54:09.658769	2011-01-31 16:13:35.215706	Manufactured	Garage_Cabinets	Cabinet	\N		\N	\N	0.92000000000000004	0.40000000000000002
500	NX Workbench Top (Finished Left)	NX Workbench Top (Finished Left)		\N	000.400.002.x.00M	NX-WTOP-L	2011-01-01 18:54:27.664871	2011-01-31 16:14:23.838283	Manufactured	Garage_Cabinets	Countertop	\N		\N	\N	0.92000000000000004	0.40000000000000002
265	NX Base Cabinet 2 Drawer (15/15)	NX Base Cabinet 2 Drawer (15/15) 		\N	000.240.233.x.00M	NX-C	2011-01-01 18:54:10.399828	2011-01-31 16:10:24.602081	Manufactured	Garage_Cabinets	Cabinet	\N		\N	\N	0.92000000000000004	0.40000000000000002
509	HO Hutch - Vert Divider	HO Hutch - Vert Divider 		\N	000.441.351.x.00M	HO-HCV-5AS	2011-01-01 18:54:27.858712	2011-01-31 16:07:23.258717	Manufactured	HomeOffice_Cabinets	Cabinet	\N		\N	\N	0.92000000000000004	0.40000000000000002
248	CL Hutch Panel 36 - Left	CL Hutch Panel 36 - Left 		\N	000.202.036.x.00M	CL-VHP-36-L	2011-01-01 18:54:08.339914	2011-01-30 21:28:26.770463	Manufactured	Closets	ClosetPartition	\N		\N	\N	0.92000000000000004	0.40000000000000002
249	CL Hutch Panel 36 - Right	CL Hutch Panel 36 - Right 		\N	000.203.036.x.00M	CL-VHP-36-R	2011-01-01 18:54:08.354643	2011-01-30 21:28:42.66289	Manufactured	Closets	ClosetPartition	\N		\N	\N	0.92000000000000004	0.40000000000000002
251	CL Hutch Panel 44 - BaseNotch - Left	CL Hutch Panel 44 - BaseNotch - Left 		\N	000.212.044.x.00M	CL-VHPN-44-L	2011-01-01 18:54:08.865431	2011-01-30 21:29:03.220277	Manufactured	Closets	ClosetPartition	\N		\N	\N	0.92000000000000004	0.40000000000000002
255	CL Hutch Panel 44 - Right	CL Hutch Panel 44 - Right 		\N	000.203.044.x.00M	CL-VHP-44-R	2011-01-01 18:54:09.108601	2011-01-30 21:29:47.957505	Manufactured	Closets	ClosetPartition	\N		\N	\N	0.92000000000000004	0.40000000000000002
253	CL Hutch Panel 44 - Thru	CL Hutch Panel 44 - Thru 		\N	000.201.044.x.00M	CL-VHP-44-T	2011-01-01 18:54:09.076726	2011-01-30 21:29:57.87375	Manufactured	Closets	ClosetPartition	\N		\N	\N	0.92000000000000004	0.40000000000000002
502	NX Workbench Top (Finished Ends)	NX Workbench Top (Finished Ends)		\N	000.400.004.x.00M	NX-WTOP	2011-01-01 18:54:27.682887	2011-01-31 16:13:58.64248	Manufactured	Garage_Cabinets	Countertop	\N		\N	\N	0.92000000000000004	0.40000000000000002
501	NX Workbench Top (Finished Right)	NX Workbench Top (Finished Right)		\N	000.400.003.x.00M	NX-WTOP-R	2011-01-01 18:54:27.674716	2011-01-31 16:14:32.079302	Manufactured	Garage_Cabinets	Countertop	\N		\N	\N	0.92000000000000004	0.40000000000000002
234	Decor Hamper Door - AMS329	Decor Hamper Door - AMS329 		\N	000.144.000.x.00B	DS-HD-AMS329	2011-01-01 18:54:06.468895	2011-01-31 15:57:14.043677	Buyout	Buyout_Door	PremiumDoor	\N		\N	\N	0.92000000000000004	0.40000000000000002
499	NX Workbench Top (Unfinished Ends)	NX Workbench Top (Unfinished Ends)		\N	000.400.001.x.00M	NX-WTOP-M	2011-01-01 18:54:27.636183	2011-01-31 16:14:40.303443	Manufactured	Garage_Cabinets	Countertop	\N		\N	\N	0.92000000000000004	0.40000000000000002
663	ZH SlatWall J Molding (4/box) | Black	SlatWall J Molding (4/box) | Black	HST4088L	\N	000.990.320.4JM.00I		2011-01-21 01:24:55.102906	2011-01-26 19:47:13.490182	Purchased	3204-JM	Item	5.25		\N	\N	0.92000000000000004	0.40000000000000002
661	ZH SlatWall T Molding (4/box) | Black	SlatWall T Molding (4/box) | Black	HST4008D	\N	000.990.320.4DM.00I		2011-01-21 01:24:55.092916	2011-01-26 19:48:49.762074	Purchased	3204-DM	Item	5.3799999999999999		\N	\N	0.92000000000000004	0.40000000000000002
655	ZH SlatWall T Molding (4/box) | Maple	SlatWall T Molding (4/box) | Maple	HST9008D	\N	000.990.320.3DM.00I		2011-01-21 01:24:55.063253	2011-01-26 19:49:27.391306	Purchased	3203-DM	Item	5.3799999999999999		\N	\N	0.92000000000000004	0.40000000000000002
659	ZH SlatWall U Edge Molding (4/box) | Maple	SlatWall U Edge Molding (4/box) | Maple	HST9008E	\N	000.990.320.30U.00I		2011-01-21 01:24:55.083025	2011-01-26 19:50:56.448571	Purchased	3203-U	Item	3.5		\N	\N	0.92000000000000004	0.40000000000000002
600	ZH Keyboard Tray - 200 | Black	Standard Keyboard System-Model 200-75 lbs.	632.52.300	\N	000.632.052.300.00P		2011-01-08 16:09:48.889058	2011-01-26 19:33:09.347601	Purchased		Item	88.280000000000001		\N	\N	0.92000000000000004	0.40000000000000002
292	CTOP - Nova (3 Week Lead Time) | Laminate 1573 Frosty White	CTOP - Nova (3 Week Lead Time) | Laminate 1573 Frosty White		\N	000.401.001.301.00P	LAM-CTOP-NO	2011-01-01 18:54:15.606085	2011-01-30 17:28:38.868238	Purchased		Item	166.15000000000001		\N	\N	0.92000000000000004	0.40000000000000002
293	CTOP - Nova (3 Week Lead Time) | Laminate 1595 Black	CTOP - Nova (3 Week Lead Time) | Laminate 1595 Black		\N	000.401.001.302.00P	LAM-CTOP-NO	2011-01-01 18:54:15.62886	2011-01-30 17:29:24.246475	Purchased		Item	166.15000000000001		\N	\N	0.92000000000000004	0.40000000000000002
294	CTOP - Nova (3 Week Lead Time) | Laminate 4552 Ebony Star	CTOP - Nova (3 Week Lead Time) | Laminate 4552 Ebony Star		\N	000.401.001.303.00P	LAM-CTOP-NO	2011-01-01 18:54:15.859052	2011-01-30 17:29:35.060414	Purchased		Item	210.46000000000001		\N	\N	0.92000000000000004	0.40000000000000002
295	CTOP - Nova (3 Week Lead Time) | Laminate 4781 Sunstone	CTOP - Nova (3 Week Lead Time) | Laminate 4781 Sunstone		\N	000.401.001.304.00P	LAM-CTOP-NO	2011-01-01 18:54:15.872943	2011-01-30 17:29:52.544082	Purchased		Item	210.46000000000001		\N	\N	0.92000000000000004	0.40000000000000002
297	CTOP - Nova (3 Week Lead Time) | Laminate 4790 Greystone	CTOP - Nova (3 Week Lead Time) | Laminate 4790 Greystone		\N	000.401.001.306.00P	LAM-CTOP-NO	2011-01-01 18:54:16.078422	2011-01-30 17:30:13.966725	Purchased		Item	210.46000000000001		\N	\N	0.92000000000000004	0.40000000000000002
298	CTOP - Nova (3 Week Lead Time) | Laminate 4791 Willowstone	CTOP - Nova (3 Week Lead Time) | Laminate 4791 Willowstone		\N	000.401.001.307.00P	LAM-CTOP-NO	2011-01-01 18:54:16.134753	2011-01-30 17:30:30.376439	Purchased		Item	210.46000000000001		\N	\N	0.92000000000000004	0.40000000000000002
299	CTOP - Nova (3 Week Lead Time) | Laminate 4794 Windswept Bronze	CTOP - Nova (3 Week Lead Time) | Laminate 4794 Windswept Bronze		\N	000.401.001.308.00P	LAM-CTOP-NO	2011-01-01 18:54:16.169777	2011-01-30 17:30:40.013886	Purchased		Item	210.46000000000001		\N	\N	0.92000000000000004	0.40000000000000002
300	CTOP - Nova (3 Week Lead Time) | Laminate 4795 Windswept Pewter	CTOP - Nova (3 Week Lead Time) | Laminate 4795 Windswept Pewter		\N	000.401.001.309.00P	LAM-CTOP-NO	2011-01-01 18:54:16.219106	2011-01-30 17:30:51.619902	Purchased		Item	210.46000000000001		\N	\N	0.92000000000000004	0.40000000000000002
301	CTOP - Nova (3 Week Lead Time) | Laminate 4882 Oiled Soapstone	CTOP - Nova (3 Week Lead Time) | Laminate 4882 Oiled Soapstone		\N	000.401.001.310.00P	LAM-CTOP-NO	2011-01-01 18:54:16.255194	2011-01-30 17:31:05.602015	Purchased		Item	166.15000000000001		\N	\N	0.92000000000000004	0.40000000000000002
302	CTOP - Nova (3 Week Lead Time) | Laminate 4883 Sable Soapstone	CTOP - Nova (3 Week Lead Time) | Laminate 4883 Sable Soapstone		\N	000.401.001.311.00P	LAM-CTOP-NO	2011-01-01 18:54:16.37955	2011-01-30 17:31:16.805225	Purchased		Item	166.15000000000001		\N	\N	0.92000000000000004	0.40000000000000002
303	CTOP - Nova (3 Week Lead Time) | Laminate 4884 Flame Soapstone	CTOP - Nova (3 Week Lead Time) | Laminate 4884 Flame Soapstone		\N	000.401.001.312.00P	LAM-CTOP-NO	2011-01-01 18:54:16.477906	2011-01-30 17:31:27.487539	Purchased		Item	166.15000000000001		\N	\N	0.92000000000000004	0.40000000000000002
304	CTOP - Nova (3 Week Lead Time) | Laminate 4885 Green Soapstone	CTOP - Nova (3 Week Lead Time) | Laminate 4885 Green Soapstone		\N	000.401.001.313.00P	LAM-CTOP-NO	2011-01-01 18:54:16.569274	2011-01-30 17:31:45.050659	Purchased		Item	166.15000000000001		\N	\N	0.92000000000000004	0.40000000000000002
307	CTOP - Nova (3 Week Lead Time) | Laminate 7921 Tuscan Walnut	CTOP - Nova (3 Week Lead Time) | Laminate 7921 Tuscan Walnut		\N	000.401.001.316.00P	LAM-CTOP-NO	2011-01-01 18:54:16.789013	2011-01-30 17:32:19.13919	Purchased		Item	166.15000000000001		\N	\N	0.92000000000000004	0.40000000000000002
308	CTOP - Nova (3 Week Lead Time) | Laminate 7942 Cocobala	CTOP - Nova (3 Week Lead Time) | Laminate 7942 Cocobala		\N	000.401.001.317.00P	LAM-CTOP-NO	2011-01-01 18:54:16.818754	2011-01-30 17:32:29.89558	Purchased		Item	210.46000000000001		\N	\N	0.92000000000000004	0.40000000000000002
309	CTOP - Nova (3 Week Lead Time) | Laminate 7948 Mambo	CTOP - Nova (3 Week Lead Time) | Laminate 7948 Mambo		\N	000.401.001.318.00P	LAM-CTOP-NO	2011-01-01 18:54:16.853746	2011-01-30 17:32:39.945794	Purchased		Item	182.15000000000001		\N	\N	0.92000000000000004	0.40000000000000002
312	CTOP - Nova (3 Week Lead Time) | Laminate D403 White Sand	CTOP - Nova (3 Week Lead Time) | Laminate D403 White Sand		\N	000.401.001.321.00P	LAM-CTOP-NO	2011-01-01 18:54:17.039277	2011-01-30 17:32:51.173459	Purchased		Item	166.15000000000001		\N	\N	0.92000000000000004	0.40000000000000002
311	CTOP - Nova (3 Week Lead Time) | Laminate D92 Dove Grey	CTOP - Nova (3 Week Lead Time) | Laminate D92 Dove Grey		\N	000.401.001.320.00P	LAM-CTOP-NO	2011-01-01 18:54:16.928291	2011-01-30 17:33:01.820913	Purchased		Item	166.15000000000001		\N	\N	0.92000000000000004	0.40000000000000002
313	CTOP - Tempo (3 Week Lead Time) | Laminate 1573 Frosty White	CTOP - Tempo (3 Week Lead Time) | Laminate 1573 Frosty White		\N	000.401.002.301.00P	LAM-CTOP-TE	2011-01-01 18:54:17.07004	2011-01-30 17:36:49.213205	Purchased		Item	146.46000000000001		\N	\N	0.92000000000000004	0.40000000000000002
521	Decor Door - KB732	Decor Door - KB732 		\N	000.105.000.x.00B	DS-D-KB732	2011-01-01 18:54:28.097805	2011-01-31 15:55:50.454428	Buyout	Buyout_Door	PremiumDoor	\N		\N	\N	0.92000000000000004	0.40000000000000002
314	CTOP - Tempo (3 Week Lead Time) | Laminate 1595 Black	CTOP - Tempo (3 Week Lead Time) | Laminate 1595 Black		\N	000.401.002.302.00P	LAM-CTOP-TE	2011-01-01 18:54:17.115979	2011-01-30 17:33:43.023056	Purchased		Item	146.46000000000001		\N	\N	0.92000000000000004	0.40000000000000002
316	CTOP - Tempo (3 Week Lead Time) | Laminate 4781 Sunstone	CTOP - Tempo (3 Week Lead Time) | Laminate 4781 Sunstone		\N	000.401.002.304.00P	LAM-CTOP-TE	2011-01-01 18:54:17.248464	2011-01-30 17:33:53.602312	Purchased		Item	186.46000000000001		\N	\N	0.92000000000000004	0.40000000000000002
317	CTOP - Tempo (3 Week Lead Time) | Laminate 4789 Limestone	CTOP - Tempo (3 Week Lead Time) | Laminate 4789 Limestone		\N	000.401.002.305.00P	LAM-CTOP-TE	2011-01-01 18:54:17.262089	2011-01-30 17:34:14.069666	Purchased		Item	186.46000000000001		\N	\N	0.92000000000000004	0.40000000000000002
318	CTOP - Tempo (3 Week Lead Time) | Laminate 4790 Greystone	CTOP - Tempo (3 Week Lead Time) | Laminate 4790 Greystone		\N	000.401.002.306.00P	LAM-CTOP-TE	2011-01-01 18:54:17.288129	2011-01-30 17:34:24.124016	Purchased		Item	186.46000000000001		\N	\N	0.92000000000000004	0.40000000000000002
322	CTOP - Tempo (3 Week Lead Time) | Laminate 4882 Oiled Soapstone	CTOP - Tempo (3 Week Lead Time) | Laminate 4882 Oiled Soapstone		\N	000.401.002.310.00P	LAM-CTOP-TE	2011-01-01 18:54:17.498752	2011-01-30 17:34:44.487848	Purchased		Item	146.46000000000001		\N	\N	0.92000000000000004	0.40000000000000002
324	CTOP - Tempo (3 Week Lead Time) | Laminate 4884 Flame Soapstone	CTOP - Tempo (3 Week Lead Time) | Laminate 4884 Flame Soapstone		\N	000.401.002.312.00P	LAM-CTOP-TE	2011-01-01 18:54:17.770895	2011-01-30 17:34:57.263368	Purchased		Item	146.46000000000001		\N	\N	0.92000000000000004	0.40000000000000002
320	CTOP - Tempo | Laminate 4794 Windswept Bronze	CTOP - Tempo | Laminate 4794 Windswept Bronze		\N	000.401.002.308.00P	LAM-CTOP-TE	2011-01-01 18:54:17.318183	2011-01-30 17:38:00.113584	Purchased		Item	186.46000000000001		\N	\N	0.92000000000000004	0.40000000000000002
321	CTOP - Tempo | Laminate 4795 Windswept Pewter	CTOP - Tempo | Laminate 4795 Windswept Pewter		\N	000.401.002.309.00P	LAM-CTOP-TE	2011-01-01 18:54:17.460051	2011-01-30 17:38:11.593916	Purchased		Item	186.46000000000001		\N	\N	0.92000000000000004	0.40000000000000002
532	NX Corner Upper Cabinet	NX Corner Upper Cabinet 		\N	000.308.330.x.00M	NX-CUC-1AS	2011-01-01 18:54:28.484269	2011-02-05 22:14:17.754161	Manufactured	Garage_Cabinets	CornerCabinet	\N		\N	\N	0.92000000000000004	0.40000000000000002
664	ZH SlatWall Drywall Screws (1000/box) | Black	SlatWall Drywall Screws (1000/box) | Black	HSWS400B	\N	000.990.320.40S.00I		2011-01-21 01:24:55.107741	2011-01-26 19:45:59.075125	Purchased	3204-S	Item	0.034000000000000002		\N	\N	0.92000000000000004	0.40000000000000002
667	ZH SlatWall T Molding (4/box) | Gray	SlatWall T Molding (4/box) | Gray	HST3008D	\N	000.990.320.5DM.00I		2011-01-21 01:24:55.123367	2011-01-26 19:49:11.695905	Purchased	3205-DM	Item	5.3799999999999999		\N	\N	0.92000000000000004	0.40000000000000002
20	CTOP Corner - 3/4 in. melamine	CTOP Corner 3/4 in. melamine		\N	000.402.000.x.00M	MEL-CCTOP-19	2011-01-01 18:53:39.14284	2011-01-02 02:35:37.884026	Manufactured		Countertop	\N	\N	\N	\N	0.92000000000000004	0.40000000000000002
337	CTOP - Futura (3 Week Lead Time) | Laminate 4781 Sunstone	CTOP - Futura (3 Week Lead Time) | Laminate 4781 Sunstone		\N	000.401.003.304.00P	LAM-CTOP-FU	2011-01-01 18:54:18.858293	2011-01-30 17:19:39.961008	Purchased		Item	210.46000000000001		\N	\N	0.92000000000000004	0.40000000000000002
338	CTOP - Futura (3 Week Lead Time) | Laminate 4789 Limestone	CTOP - Futura (3 Week Lead Time) | Laminate 4789 Limestone		\N	000.401.003.305.00P	LAM-CTOP-FU	2011-01-01 18:54:19.192008	2011-01-30 17:20:06.739259	Purchased		Item	210.46000000000001		\N	\N	0.92000000000000004	0.40000000000000002
339	CTOP - Futura (3 Week Lead Time) | Laminate 4790 Greystone	CTOP - Futura (3 Week Lead Time) | Laminate 4790 Greystone		\N	000.401.003.306.00P	LAM-CTOP-FU	2011-01-01 18:54:19.232701	2011-01-30 17:20:18.38931	Purchased		Item	210.46000000000001		\N	\N	0.92000000000000004	0.40000000000000002
340	CTOP - Futura (3 Week Lead Time) | Laminate 4791 Willowstone	CTOP - Futura (3 Week Lead Time) | Laminate 4791 Willowstone		\N	000.401.003.307.00P	LAM-CTOP-FU	2011-01-01 18:54:19.653902	2011-01-30 17:20:35.601652	Purchased		Item	210.46000000000001		\N	\N	0.92000000000000004	0.40000000000000002
341	CTOP - Futura (3 Week Lead Time) | Laminate 4794 Windswept Bronze	CTOP - Futura (3 Week Lead Time) | Laminate 4794 Windswept Bronze		\N	000.401.003.308.00P	LAM-CTOP-FU	2011-01-01 18:54:19.840374	2011-01-30 17:20:50.971677	Purchased		Item	210.46000000000001		\N	\N	0.92000000000000004	0.40000000000000002
343	CTOP - Futura (3 Week Lead Time) | Laminate 4882 Oiled Soapstone	CTOP - Futura (3 Week Lead Time) | Laminate 4882 Oiled Soapstone		\N	000.401.003.310.00P	LAM-CTOP-FU	2011-01-01 18:54:20.06872	2011-01-30 17:21:18.852175	Purchased		Item	166.15000000000001		\N	\N	0.92000000000000004	0.40000000000000002
344	CTOP - Futura (3 Week Lead Time) | Laminate 4883 Sable Soapstone	CTOP - Futura (3 Week Lead Time) | Laminate 4883 Sable Soapstone		\N	000.401.003.311.00P	LAM-CTOP-FU	2011-01-01 18:54:20.107698	2011-01-30 17:21:32.774348	Purchased		Item	166.15000000000001		\N	\N	0.92000000000000004	0.40000000000000002
345	CTOP - Futura (3 Week Lead Time) | Laminate 4884 Flame Soapstone	CTOP - Futura (3 Week Lead Time) | Laminate 4884 Flame Soapstone		\N	000.401.003.312.00P	LAM-CTOP-FU	2011-01-01 18:54:20.153379	2011-01-30 17:21:47.926152	Purchased		Item	166.15000000000001		\N	\N	0.92000000000000004	0.40000000000000002
346	CTOP - Futura (3 Week Lead Time) | Laminate 4885 Green Soapstone	CTOP - Futura (3 Week Lead Time) | Laminate 4885 Green Soapstone		\N	000.401.003.313.00P	LAM-CTOP-FU	2011-01-01 18:54:20.175385	2011-01-30 17:21:58.848757	Purchased		Item	166.15000000000001		\N	\N	0.92000000000000004	0.40000000000000002
347	CTOP - Futura (3 Week Lead Time) | Laminate 4886 Pearl Soapstone	CTOP - Futura (3 Week Lead Time) | Laminate 4886 Pearl Soapstone		\N	000.401.003.314.00P	LAM-CTOP-FU	2011-01-01 18:54:20.400795	2011-01-30 17:22:10.215168	Purchased		Item	166.15000000000001		\N	\N	0.92000000000000004	0.40000000000000002
349	CTOP - Futura (3 Week Lead Time) | Laminate 7921 Tuscan Walnut	CTOP - Futura (3 Week Lead Time) | Laminate 7921 Tuscan Walnut		\N	000.401.003.316.00P	LAM-CTOP-FU	2011-01-01 18:54:20.649464	2011-01-30 17:22:34.819316	Purchased		Item	166.15000000000001		\N	\N	0.92000000000000004	0.40000000000000002
350	CTOP - Futura (3 Week Lead Time) | Laminate 7942 Cocobala	CTOP - Futura (3 Week Lead Time) | Laminate 7942 Cocobala		\N	000.401.003.317.00P	LAM-CTOP-FU	2011-01-01 18:54:20.828824	2011-01-30 17:22:47.868142	Purchased		Item	210.46000000000001		\N	\N	0.92000000000000004	0.40000000000000002
351	CTOP - Futura (3 Week Lead Time) | Laminate 7948 Mambo	CTOP - Futura (3 Week Lead Time) | Laminate 7948 Mambo		\N	000.401.003.318.00P	LAM-CTOP-FU	2011-01-01 18:54:20.881215	2011-01-30 17:22:59.109036	Purchased		Item	182.15000000000001		\N	\N	0.92000000000000004	0.40000000000000002
354	CTOP - Futura (3 Week Lead Time) | Laminate D403 White Sand	CTOP - Futura (3 Week Lead Time) | Laminate D403 White Sand		\N	000.401.003.321.00P	LAM-CTOP-FU	2011-01-01 18:54:21.077636	2011-01-30 17:23:13.326607	Purchased		Item	166.15000000000001		\N	\N	0.92000000000000004	0.40000000000000002
353	CTOP - Futura (3 Week Lead Time) | Laminate D92 Dove Grey	CTOP - Futura (3 Week Lead Time) | Laminate D92 Dove Grey		\N	000.401.003.320.00P	LAM-CTOP-FU	2011-01-01 18:54:21.061819	2011-01-30 17:23:25.861773	Purchased		Item	166.15000000000001		\N	\N	0.92000000000000004	0.40000000000000002
355	CTOP - Geneva (3 Week Lead Time) | Laminate 1573 Frosty White	CTOP - Geneva (3 Week Lead Time) | Laminate 1573 Frosty White		\N	000.401.004.301.00P	LAM-CTOP-GEN	2011-01-01 18:54:21.091691	2011-01-30 17:24:05.721468	Purchased		Item	177.84999999999999		\N	\N	0.92000000000000004	0.40000000000000002
356	CTOP - Geneva (3 Week Lead Time) | Laminate 1595 Black	CTOP - Geneva (3 Week Lead Time) | Laminate 1595 Black		\N	000.401.004.302.00P	LAM-CTOP-GEN	2011-01-01 18:54:21.106339	2011-01-30 17:24:18.195806	Purchased		Item	177.84999999999999		\N	\N	0.92000000000000004	0.40000000000000002
357	CTOP - Geneva (3 Week Lead Time) | Laminate 4552 Ebony Star	CTOP - Geneva (3 Week Lead Time) | Laminate 4552 Ebony Star		\N	000.401.004.303.00P	LAM-CTOP-GEN	2011-01-01 18:54:21.119043	2011-01-30 17:24:28.7354	Purchased		Item	228.31		\N	\N	0.92000000000000004	0.40000000000000002
358	CTOP - Geneva (3 Week Lead Time) | Laminate 4781 Sunstone	CTOP - Geneva (3 Week Lead Time) | Laminate 4781 Sunstone		\N	000.401.004.304.00P	LAM-CTOP-GEN	2011-01-01 18:54:21.131947	2011-01-30 17:24:38.199245	Purchased		Item	228.31		\N	\N	0.92000000000000004	0.40000000000000002
360	CTOP - Geneva (3 Week Lead Time) | Laminate 4790 Greystone	CTOP - Geneva (3 Week Lead Time) | Laminate 4790 Greystone		\N	000.401.004.306.00P	LAM-CTOP-GEN	2011-01-01 18:54:21.229686	2011-01-30 17:24:59.385995	Purchased		Item	228.31		\N	\N	0.92000000000000004	0.40000000000000002
361	CTOP - Geneva (3 Week Lead Time) | Laminate 4791 Willowstone	CTOP - Geneva (3 Week Lead Time) | Laminate 4791 Willowstone		\N	000.401.004.307.00P	LAM-CTOP-GEN	2011-01-01 18:54:21.243813	2011-01-30 17:25:09.675541	Purchased		Item	228.31		\N	\N	0.92000000000000004	0.40000000000000002
363	CTOP - Geneva (3 Week Lead Time) | Laminate 4795 Windswept Pewter	CTOP - Geneva (3 Week Lead Time) | Laminate 4795 Windswept Pewter		\N	000.401.004.309.00P	LAM-CTOP-GEN	2011-01-01 18:54:21.278269	2011-01-30 17:25:31.286034	Purchased		Item	228.31		\N	\N	0.92000000000000004	0.40000000000000002
364	CTOP - Geneva (3 Week Lead Time) | Laminate 4882 Oiled Soapstone	CTOP - Geneva (3 Week Lead Time) | Laminate 4882 Oiled Soapstone		\N	000.401.004.310.00P	LAM-CTOP-GEN	2011-01-01 18:54:21.292644	2011-01-30 17:25:41.386146	Purchased		Item	177.84999999999999		\N	\N	0.92000000000000004	0.40000000000000002
331	CTOP - Tempo (3 Week Lead Time) | Laminate 10776 Kingstone Maple	CTOP - Tempo (3 Week Lead Time) | Laminate 10776 Kingstone Maple		\N	000.401.002.319.00P	LAM-CTOP-TE	2011-01-01 18:54:18.273851	2011-01-30 17:33:20.205855	Purchased		Item	146.46000000000001		\N	\N	0.92000000000000004	0.40000000000000002
328	CTOP - Tempo (3 Week Lead Time) | Laminate 7921 Tuscan Walnut	CTOP - Tempo (3 Week Lead Time) | Laminate 7921 Tuscan Walnut		\N	000.401.002.316.00P	LAM-CTOP-TE	2011-01-01 18:54:18.220282	2011-01-30 17:35:12.031283	Purchased		Item	146.46000000000001		\N	\N	0.92000000000000004	0.40000000000000002
323	CTOP - Tempo | Laminate 4883 Sable Soapstone	CTOP - Tempo | Laminate 4883 Sable Soapstone		\N	000.401.002.311.00P	LAM-CTOP-TE	2011-01-01 18:54:17.638931	2011-01-30 17:38:23.175333	Purchased		Item	146.46000000000001		\N	\N	0.92000000000000004	0.40000000000000002
326	CTOP - Tempo | Laminate 4886 Pearl Soapstone	CTOP - Tempo | Laminate 4886 Pearl Soapstone		\N	000.401.002.314.00P	LAM-CTOP-TE	2011-01-01 18:54:17.988743	2011-01-30 17:38:47.258543	Purchased		Item	146.46000000000001		\N	\N	0.92000000000000004	0.40000000000000002
327	CTOP - Tempo | Laminate 4887 Tan Soapstone	CTOP - Tempo | Laminate 4887 Tan Soapstone		\N	000.401.002.315.00P	LAM-CTOP-TE	2011-01-01 18:54:18.110048	2011-01-30 17:39:01.325956	Purchased		Item	146.46000000000001		\N	\N	0.92000000000000004	0.40000000000000002
254	CL Hutch Panel 44 - Left	CL Hutch Panel 44 - Left 		\N	000.202.044.x.00M	CL-VHP-44-L	2011-01-01 18:54:09.089408	2011-01-30 21:29:38.83704	Manufactured	Closets	ClosetPartition	\N		\N	\N	0.92000000000000004	0.40000000000000002
671	ZH SlatWall U Edge Molding (4/box) | Gray	SlatWall U Edge Molding (4/box) | Gray	HST3008E	\N	000.990.320.50U.00I		2011-01-21 01:24:55.143909	2011-01-26 19:50:34.822104	Purchased	3205-U	Item	3.5		\N	\N	0.92000000000000004	0.40000000000000002
556	ZZ NX Cabinet Shell DON'T DELETE	building block: NX cabinet shell		\N			2011-01-02 03:38:37.333379	2011-01-12 17:46:26.36134	Manufactured		Shell	\N	\N	\N	\N	0.92000000000000004	0.40000000000000002
387	CTOP Corner - Classic (3 Week Lead Time) | Laminate 4552 Ebony Star	CTOP Corner - Classic (3 Week Lead Time) | Laminate 4552 Ebony Star		\N	000.402.000.303.00P	LAM-CCTOP-CL	2011-01-01 18:54:22.468974	2011-01-30 16:26:40.5851	Purchased		Item	240.62		\N	\N	0.92000000000000004	0.40000000000000002
388	CTOP Corner - Classic (3 Week Lead Time) | Laminate 4781 Sunstone	CTOP Corner - Classic (3 Week Lead Time) | Laminate 4781 Sunstone		\N	000.402.000.304.00P	LAM-CCTOP-CL	2011-01-01 18:54:22.51033	2011-01-30 16:30:22.237915	Purchased		Item	240.62		\N	\N	0.92000000000000004	0.40000000000000002
389	CTOP Corner - Classic (3 Week Lead Time) | Laminate 4789 Limestone	CTOP Corner - Classic (3 Week Lead Time) | Laminate 4789 Limestone		\N	000.402.000.305.00P	LAM-CCTOP-CL	2011-01-01 18:54:22.548922	2011-01-30 16:30:39.414049	Purchased		Item	240.62		\N	\N	0.92000000000000004	0.40000000000000002
390	CTOP Corner - Classic (3 Week Lead Time) | Laminate 4790 Greystone	CTOP Corner - Classic (3 Week Lead Time) | Laminate 4790 Greystone		\N	000.402.000.306.00P	LAM-CCTOP-CL	2011-01-01 18:54:22.618877	2011-01-30 16:30:56.487247	Purchased		Item	240.62		\N	\N	0.92000000000000004	0.40000000000000002
391	CTOP Corner - Classic (3 Week Lead Time) | Laminate 4791 Willowstone	CTOP Corner - Classic (3 Week Lead Time) | Laminate 4791 Willowstone		\N	000.402.000.307.00P	LAM-CCTOP-CL	2011-01-01 18:54:22.688512	2011-01-30 16:31:18.404212	Purchased		Item	240.62		\N	\N	0.92000000000000004	0.40000000000000002
392	CTOP Corner - Classic (3 Week Lead Time) | Laminate 4794 Windswept Bronze	CTOP Corner - Classic (3 Week Lead Time) | Laminate 4794 Windswept Bronze		\N	000.402.000.308.00P	LAM-CCTOP-CL	2011-01-01 18:54:22.768842	2011-01-30 16:31:42.142444	Purchased		Item	240.62		\N	\N	0.92000000000000004	0.40000000000000002
393	CTOP Corner - Classic (3 Week Lead Time) | Laminate 4795 Windswept Pewter	CTOP Corner - Classic (3 Week Lead Time) | Laminate 4795 Windswept Pewter		\N	000.402.000.309.00P	LAM-CCTOP-CL	2011-01-01 18:54:22.839392	2011-01-30 16:31:58.487602	Purchased		Item	240.62		\N	\N	0.92000000000000004	0.40000000000000002
394	CTOP Corner - Classic (3 Week Lead Time) | Laminate 4882 Oiled Soapstone	CTOP Corner - Classic (3 Week Lead Time) | Laminate 4882 Oiled Soapstone		\N	000.402.000.310.00P	LAM-CCTOP-CL	2011-01-01 18:54:22.931321	2011-01-30 16:32:22.60832	Purchased		Item	185.84999999999999		\N	\N	0.92000000000000004	0.40000000000000002
396	CTOP Corner - Classic (3 Week Lead Time) | Laminate 4884 Flame Soapstone	CTOP Corner - Classic (3 Week Lead Time) | Laminate 4884 Flame Soapstone		\N	000.402.000.312.00P	LAM-CCTOP-CL	2011-01-01 18:54:23.160253	2011-01-30 16:33:06.829674	Purchased		Item	185.84999999999999		\N	\N	0.92000000000000004	0.40000000000000002
397	CTOP Corner - Classic (3 Week Lead Time) | Laminate 4885 Green Soapstone	CTOP Corner - Classic (3 Week Lead Time) | Laminate 4885 Green Soapstone		\N	000.402.000.313.00P	LAM-CCTOP-CL	2011-01-01 18:54:23.238796	2011-01-30 16:33:24.788649	Purchased		Item	185.84999999999999		\N	\N	0.92000000000000004	0.40000000000000002
398	CTOP Corner - Classic (3 Week Lead Time) | Laminate 4886 Pearl Soapstone	CTOP Corner - Classic (3 Week Lead Time) | Laminate 4886 Pearl Soapstone		\N	000.402.000.314.00P	LAM-CCTOP-CL	2011-01-01 18:54:23.278711	2011-01-30 16:33:47.484081	Purchased		Item	185.84999999999999		\N	\N	0.92000000000000004	0.40000000000000002
399	CTOP Corner - Classic (3 Week Lead Time) | Laminate 4887 Tan Soapstone	CTOP Corner - Classic (3 Week Lead Time) | Laminate 4887 Tan Soapstone		\N	000.402.000.315.00P	LAM-CCTOP-CL	2011-01-01 18:54:23.29855	2011-01-30 16:34:07.116282	Purchased		Item	185.84999999999999		\N	\N	0.92000000000000004	0.40000000000000002
400	CTOP Corner - Classic (3 Week Lead Time) | Laminate 7921 Tuscan Walnut	CTOP Corner - Classic (3 Week Lead Time) | Laminate 7921 Tuscan Walnut		\N	000.402.000.316.00P	LAM-CCTOP-CL	2011-01-01 18:54:23.318118	2011-01-30 16:34:28.886155	Purchased		Item	185.84999999999999		\N	\N	0.92000000000000004	0.40000000000000002
402	CTOP Corner - Classic (3 Week Lead Time) | Laminate 7948 Mambo	CTOP Corner - Classic (3 Week Lead Time) | Laminate 7948 Mambo		\N	000.402.000.318.00P	LAM-CCTOP-CL	2011-01-01 18:54:23.343289	2011-01-30 16:35:01.676147	Purchased		Item	211.69		\N	\N	0.92000000000000004	0.40000000000000002
404	CTOP Corner - Classic (3 Week Lead Time) | Laminate D92 Dove Grey	CTOP Corner - Classic (3 Week Lead Time) | Laminate D92 Dove Grey		\N	000.402.000.320.00P	LAM-CCTOP-CL	2011-01-01 18:54:23.36842	2011-01-30 16:35:35.207109	Purchased		Item	185.84999999999999		\N	\N	0.92000000000000004	0.40000000000000002
424	CTOP Corner - Nova (3 Week Lead Time) | Laminate 10776 Kingstone Maple	CTOP Corner - Nova (3 Week Lead Time) | Laminate 10776 Kingstone Maple		\N	000.402.001.319.00P	LAM-CCTOP-NO	2011-01-01 18:54:25.370794	2011-01-30 16:49:02.95114	Purchased		Item	166.15000000000001		\N	\N	0.92000000000000004	0.40000000000000002
366	CTOP - Geneva (3 Week Lead Time) | Laminate 4884 Flame Soapstone	CTOP - Geneva (3 Week Lead Time) | Laminate 4884 Flame Soapstone		\N	000.401.004.312.00P	LAM-CTOP-GEN	2011-01-01 18:54:21.340418	2011-01-30 17:26:01.775282	Purchased		Item	177.84999999999999		\N	\N	0.92000000000000004	0.40000000000000002
368	CTOP - Geneva (3 Week Lead Time) | Laminate 4886 Pearl Soapstone	CTOP - Geneva (3 Week Lead Time) | Laminate 4886 Pearl Soapstone		\N	000.401.004.314.00P	LAM-CTOP-GEN	2011-01-01 18:54:21.592802	2011-01-30 17:26:22.734908	Purchased		Item	177.84999999999999		\N	\N	0.92000000000000004	0.40000000000000002
370	CTOP - Geneva (3 Week Lead Time) | Laminate 7921 Tuscan Walnut	CTOP - Geneva (3 Week Lead Time) | Laminate 7921 Tuscan Walnut		\N	000.401.004.316.00P	LAM-CTOP-GEN	2011-01-01 18:54:21.701903	2011-01-30 17:26:44.500967	Purchased		Item	177.84999999999999		\N	\N	0.92000000000000004	0.40000000000000002
375	CTOP - Geneva (3 Week Lead Time) | Laminate D403 White Sand	CTOP - Geneva (3 Week Lead Time) | Laminate D403 White Sand		\N	000.401.004.321.00P	LAM-CTOP-GEN	2011-01-01 18:54:21.865731	2011-01-30 17:27:17.140288	Purchased		Item	177.84999999999999		\N	\N	0.92000000000000004	0.40000000000000002
374	CTOP - Geneva (3 Week Lead Time) | Laminate D92 Dove Grey	CTOP - Geneva (3 Week Lead Time) | Laminate D92 Dove Grey		\N	000.401.004.320.00P	LAM-CTOP-GEN	2011-01-01 18:54:21.83811	2011-01-30 17:27:26.635955	Purchased		Item	177.84999999999999		\N	\N	0.92000000000000004	0.40000000000000002
325	CTOP - Tempo | Laminate 4885 Green Soapstone	CTOP - Tempo | Laminate 4885 Green Soapstone		\N	000.401.002.313.00P	LAM-CTOP-TE	2011-01-01 18:54:17.859779	2011-01-30 17:38:34.650489	Purchased		Item	146.46000000000001		\N	\N	0.92000000000000004	0.40000000000000002
329	CTOP - Tempo (3 Week Lead Time) | Laminate 7942 Cocobala	CTOP - Tempo (3 Week Lead Time) | Laminate 7942 Cocobala		\N	000.401.002.317.00P	LAM-CTOP-TE	2011-01-01 18:54:18.246183	2011-01-30 17:35:21.956763	Purchased		Item	186.46000000000001		\N	\N	0.92000000000000004	0.40000000000000002
330	CTOP - Tempo (3 Week Lead Time) | Laminate 7948 Mambo	CTOP - Tempo (3 Week Lead Time) | Laminate 7948 Mambo		\N	000.401.002.318.00P	LAM-CTOP-TE	2011-01-01 18:54:18.258772	2011-01-30 17:35:59.632619	Purchased		Item	161.22999999999999		\N	\N	0.92000000000000004	0.40000000000000002
333	CTOP - Tempo (3 Week Lead Time) | Laminate D403 White Sand	CTOP - Tempo (3 Week Lead Time) | Laminate D403 White Sand		\N	000.401.002.321.00P	LAM-CTOP-TE	2011-01-01 18:54:18.490312	2011-01-30 17:37:22.652461	Purchased		Item	146.46000000000001		\N	\N	0.92000000000000004	0.40000000000000002
332	CTOP - Tempo (3 Week Lead Time) | Laminate D92 Dove Grey	CTOP - Tempo (3 Week Lead Time) | Laminate D92 Dove Grey		\N	000.401.002.320.00P	LAM-CTOP-TE	2011-01-01 18:54:18.378891	2011-01-30 17:37:35.493967	Purchased		Item	146.46000000000001		\N	\N	0.92000000000000004	0.40000000000000002
520	Decor Door - AMS329	Decor Door - AMS329 		\N	000.104.000.x.00B	DS-D-AMS329	2011-01-01 18:54:28.082167	2011-01-31 15:53:49.839159	Buyout	Buyout_Door	PremiumDoor	\N		\N	\N	0.92000000000000004	0.40000000000000002
510	HO Tall Storage 1 Door	HO Tall Storage 1 Door 		\N	000.401.182.x.00M	HO-TC-4AS	2011-01-01 18:54:27.916281	2011-01-31 16:07:34.973474	Manufactured	HomeOffice_Cabinets	Cabinet	\N		\N	\N	0.92000000000000004	0.40000000000000002
245	CL Hutch Panel 36 - BaseNotch - Left	CL Hutch Panel 36 - BaseNotch - Left 		\N	000.212.036.x.00M	CL-VHPN-36-L	2011-01-01 18:54:08.11234	2011-01-30 21:27:40.233946	Manufactured	Closets	ClosetPartition	\N		\N	\N	0.92000000000000004	0.40000000000000002
246	CL Hutch Panel 36 - BaseNotch - Right	CL Hutch Panel 36 - BaseNotch - Right 		\N	000.213.036.x.00M	CL-VHPN-36-R	2011-01-01 18:54:08.136565	2011-01-30 21:28:01.931692	Manufactured	Closets	ClosetPartition	\N		\N	\N	0.92000000000000004	0.40000000000000002
675	ZH The Skate Rack & Basket (4/box)	~ The Skate Rack & Basket (4/box)	7110-5030-50	\N	000.995.300.300.00I		2011-01-21 01:24:55.166256	2011-01-26 20:14:45.514972	Purchased	3003	Item	17.008130000000001		\N	\N	0.92000000000000004	0.40000000000000002
15	ZH Murphy Bed Hardware Set Queen	Murphy Bed Hardware Set Queen	SBF-M/SBF-Q	\N	000.100.620.000.00P		2011-01-01 18:53:39.085946	2011-01-26 19:34:30.114303	Purchased	10062	Item	452.13		\N	\N	0.92000000000000004	0.40000000000000002
692	ZH The Big Basket (6/box)	~ The Big Basket (6/box)	7110-5630-50	\N	000.995.302.000.00I		2011-01-21 01:24:55.25238	2011-01-26 20:11:52.371571	Purchased	3020	Item	10.936030000000001		\N	\N	0.92000000000000004	0.40000000000000002
688	ZH The Big Everything Hook (6/box)	~ The Big Everything Hook (6/box)	7110-5611-50	\N	000.995.301.600.00I		2011-01-21 01:24:55.232273	2011-01-26 20:12:03.255879	Purchased	3016	Item	4.3319900000000002		\N	\N	0.92000000000000004	0.40000000000000002
686	ZH The Big Tool Rack (4/box)	~ The Big Tool Rack (4/box)	7110-5603-50	\N	000.995.301.400.00I		2011-01-21 01:24:55.222148	2011-01-26 20:12:14.280462	Purchased	3014	Item	11.632009999999999		\N	\N	0.92000000000000004	0.40000000000000002
690	ZH The Big Work Hook (6/box)	~ The Big Work Hook (6/box)	7110-5613-50	\N	000.995.301.800.00I		2011-01-21 01:24:55.242324	2011-01-26 20:12:24.561977	Purchased	3018	Item	5.0840500000000004		\N	\N	0.92000000000000004	0.40000000000000002
221	ZH Flap Stay | White	Flap Stay steel white 225mm\r\n	365.75.710	\N	000.365.075.710.00P		2011-01-01 18:54:02.694552	2011-01-26 19:26:52.585725	Purchased	30088	Item	1.3700000000000001		\N	\N	0.92000000000000004	0.40000000000000002
681	ZH The Garden Rack & Basket (4/box)	~ The Garden Rack & Basket (4/box)	7110-5200-50	\N	000.995.300.900.00I		2011-01-21 01:24:55.196604	2011-01-26 20:13:17.882485	Purchased	3009	Item	18.052		\N	\N	0.92000000000000004	0.40000000000000002
409	CTOP Corner - Nova (3 Week Lead Time) | Laminate 4781 Sunstone	CTOP Corner - Nova (3 Week Lead Time) | Laminate 4781 Sunstone		\N	000.402.001.304.00P	LAM-CCTOP-NO	2011-01-01 18:54:23.508586	2011-01-30 16:50:43.878711	Purchased		Item	210.46000000000001		\N	\N	0.92000000000000004	0.40000000000000002
407	CTOP Corner - Nova (3 Week Lead Time) | Laminate 1595 Black	CTOP Corner - Nova (3 Week Lead Time) | Laminate 1595 Black		\N	000.402.001.302.00P	LAM-CCTOP-NO	2011-01-01 18:54:23.457166	2011-01-30 16:50:17.473188	Purchased		Item	166.15000000000001		\N	\N	0.92000000000000004	0.40000000000000002
408	CTOP Corner - Nova (3 Week Lead Time) | Laminate 4552 Ebony Star	CTOP Corner - Nova (3 Week Lead Time) | Laminate 4552 Ebony Star		\N	000.402.001.303.00P	LAM-CCTOP-NO	2011-01-01 18:54:23.470863	2011-01-30 16:50:29.542694	Purchased		Item	210.46000000000001		\N	\N	0.92000000000000004	0.40000000000000002
422	CTOP Corner - Nova (3 Week Lead Time) | Laminate 7942 Cocobala	CTOP Corner - Nova (3 Week Lead Time) | Laminate 7942 Cocobala		\N	000.402.001.317.00P	LAM-CCTOP-NO	2011-01-01 18:54:25.303941	2011-01-30 17:11:46.893559	Purchased		Item	210.46000000000001		\N	\N	0.92000000000000004	0.40000000000000002
410	CTOP Corner - Nova (3 Week Lead Time) | Laminate 4789 Limestone	CTOP Corner - Nova (3 Week Lead Time) | Laminate 4789 Limestone		\N	000.402.001.305.00P	LAM-CCTOP-NO	2011-01-01 18:54:23.618919	2011-01-30 16:51:08.47924	Purchased		Item	210.46000000000001		\N	\N	0.92000000000000004	0.40000000000000002
412	CTOP Corner - Nova (3 Week Lead Time) | Laminate 4791 Willowstone	CTOP Corner - Nova (3 Week Lead Time) | Laminate 4791 Willowstone		\N	000.402.001.307.00P	LAM-CCTOP-NO	2011-01-01 18:54:23.90965	2011-01-30 16:51:33.159667	Purchased		Item	210.46000000000001		\N	\N	0.92000000000000004	0.40000000000000002
413	CTOP Corner - Nova (3 Week Lead Time) | Laminate 4794 Windswept Bronze	CTOP Corner - Nova (3 Week Lead Time) | Laminate 4794 Windswept Bronze		\N	000.402.001.308.00P	LAM-CCTOP-NO	2011-01-01 18:54:24.138838	2011-01-30 16:51:53.441832	Purchased		Item	210.46000000000001		\N	\N	0.92000000000000004	0.40000000000000002
414	CTOP Corner - Nova (3 Week Lead Time) | Laminate 4795 Windswept Pewter	CTOP Corner - Nova (3 Week Lead Time) | Laminate 4795 Windswept Pewter		\N	000.402.001.309.00P	LAM-CCTOP-NO	2011-01-01 18:54:24.327056	2011-01-30 16:52:05.943641	Purchased		Item	210.46000000000001		\N	\N	0.92000000000000004	0.40000000000000002
415	CTOP Corner - Nova (3 Week Lead Time) | Laminate 4882 Oiled Soapstone	CTOP Corner - Nova (3 Week Lead Time) | Laminate 4882 Oiled Soapstone		\N	000.402.001.310.00P	LAM-CCTOP-NO	2011-01-01 18:54:24.427109	2011-01-30 16:52:21.747999	Purchased		Item	166.15000000000001		\N	\N	0.92000000000000004	0.40000000000000002
416	CTOP Corner - Nova (3 Week Lead Time) | Laminate 4883 Sable Soapstone	CTOP Corner - Nova (3 Week Lead Time) | Laminate 4883 Sable Soapstone		\N	000.402.001.311.00P	LAM-CCTOP-NO	2011-01-01 18:54:24.589065	2011-01-30 16:52:34.126272	Purchased		Item	166.15000000000001		\N	\N	0.92000000000000004	0.40000000000000002
417	CTOP Corner - Nova (3 Week Lead Time) | Laminate 4884 Flame Soapstone	CTOP Corner - Nova (3 Week Lead Time) | Laminate 4884 Flame Soapstone		\N	000.402.001.312.00P	LAM-CCTOP-NO	2011-01-01 18:54:24.602096	2011-01-30 16:52:51.12455	Purchased		Item	166.15000000000001		\N	\N	0.92000000000000004	0.40000000000000002
418	CTOP Corner - Nova (3 Week Lead Time) | Laminate 4885 Green Soapstone	CTOP Corner - Nova (3 Week Lead Time) | Laminate 4885 Green Soapstone		\N	000.402.001.313.00P	LAM-CCTOP-NO	2011-01-01 18:54:24.620766	2011-01-30 17:10:43.63706	Purchased		Item	166.15000000000001		\N	\N	0.92000000000000004	0.40000000000000002
419	CTOP Corner - Nova (3 Week Lead Time) | Laminate 4886 Pearl Soapstone	CTOP Corner - Nova (3 Week Lead Time) | Laminate 4886 Pearl Soapstone		\N	000.402.001.314.00P	LAM-CCTOP-NO	2011-01-01 18:54:24.830271	2011-01-30 17:10:56.43599	Purchased		Item	166.15000000000001		\N	\N	0.92000000000000004	0.40000000000000002
423	CTOP Corner - Nova (3 Week Lead Time) | Laminate 7948 Mambo	CTOP Corner - Nova (3 Week Lead Time) | Laminate 7948 Mambo		\N	000.402.001.318.00P	LAM-CCTOP-NO	2011-01-01 18:54:25.349988	2011-01-30 17:12:01.783671	Purchased		Item	182.15000000000001		\N	\N	0.92000000000000004	0.40000000000000002
426	CTOP Corner - Nova (3 Week Lead Time) | Laminate D403 White Sand	CTOP Corner - Nova (3 Week Lead Time) | Laminate D403 White Sand		\N	000.402.001.321.00P	LAM-CCTOP-NO	2011-01-01 18:54:25.424789	2011-01-30 17:12:16.781908	Purchased		Item	166.15000000000001		\N	\N	0.92000000000000004	0.40000000000000002
425	CTOP Corner - Nova (3 Week Lead Time) | Laminate D92 Dove Grey	CTOP Corner - Nova (3 Week Lead Time) | Laminate D92 Dove Grey		\N	000.402.001.320.00P	LAM-CCTOP-NO	2011-01-01 18:54:25.411103	2011-01-30 17:12:35.191495	Purchased		Item	166.15000000000001		\N	\N	0.92000000000000004	0.40000000000000002
427	CTOP Corner - Tempo (3 Week Lead Time) | Laminate 1573 Frosty White	CTOP Corner - Tempo (3 Week Lead Time) | Laminate 1573 Frosty White		\N	000.402.002.301.00P	LAM-CCTOP-TE	2011-01-01 18:54:25.496966	2011-01-30 17:13:30.416105	Purchased		Item	146.46000000000001		\N	\N	0.92000000000000004	0.40000000000000002
534	NX Corner Cabinet 1 Door 2 Adj Shelf	NX Corner Cabinet 1 Door 2 Adj Shelf 		\N	000.308.342.x.00M	NX-CC-2AS	2011-01-01 18:54:28.5141	2011-01-31 16:11:41.578478	Manufactured	Garage_Cabinets	CornerCabinet	\N		\N	\N	0.92000000000000004	0.40000000000000002
428	CTOP Corner - Tempo (3 Week Lead Time) | Laminate 1595 Black	CTOP Corner - Tempo (3 Week Lead Time) | Laminate 1595 Black		\N	000.402.002.302.00P	LAM-CCTOP-TE	2011-01-01 18:54:25.511408	2011-01-30 17:13:44.176186	Purchased		Item	146.46000000000001		\N	\N	0.92000000000000004	0.40000000000000002
429	CTOP Corner - Tempo (3 Week Lead Time) | Laminate 4552 Ebony Star	CTOP Corner - Tempo (3 Week Lead Time) | Laminate 4552 Ebony Star		\N	000.402.002.303.00P	LAM-CCTOP-TE	2011-01-01 18:54:25.558668	2011-01-30 17:13:59.275594	Purchased		Item	186.46000000000001		\N	\N	0.92000000000000004	0.40000000000000002
430	CTOP Corner - Tempo (3 Week Lead Time) | Laminate 4781 Sunstone	CTOP Corner - Tempo (3 Week Lead Time) | Laminate 4781 Sunstone		\N	000.402.002.304.00P	LAM-CCTOP-TE	2011-01-01 18:54:25.571411	2011-01-30 17:14:11.573823	Purchased		Item	186.46000000000001		\N	\N	0.92000000000000004	0.40000000000000002
518	Decor Door - DR1	Decor Door - DR1 		\N	000.102.000.x.00B	DS-D-DR1	2011-01-01 18:54:28.057551	2011-02-07 19:10:35.75433	Buyout	Buyout_Door	PremiumDoor	\N		\N	\N	0.92000000000000004	0.40000000000000002
46	CL Corner Cam Shelf	CL Corner Cam Shelf 		\N	000.932.x.x.00M	CL-CCS	2011-01-01 18:53:49.522936	2011-01-30 21:25:36.732226	Manufactured	Closets	ClosetShelf	\N		\N	\N	0.92000000000000004	0.40000000000000002
40	CL Hanging Partition - Radius - Thru	CL Hanging Partition Radius Bottom - Thru Drilled		\N	000.910.25x.x.00M	CL-HPR-T	2011-01-01 18:53:43.331732	2011-01-30 21:26:20.035264	Manufactured	Closets	ClosetPartition	\N		\N	\N	0.92000000000000004	0.40000000000000002
36	CL Upright Partition - BaseNotch - Right	CL Upright Partition - BaseNotch - Right 		\N	000.912.3x.x.00M	CL-VUN-R	2011-01-01 18:53:39.605932	2011-01-30 21:31:22.694453	Manufactured	Closets	ClosetPartition	\N		\N	\N	0.92000000000000004	0.40000000000000002
38	CL Upright Partition - Left	CL Upright Partition - Left 		\N	000.911.1x.x.00M	CL-VU-L	2011-01-01 18:53:39.908101	2011-01-30 21:31:41.374476	Manufactured	Closets	ClosetPartition	\N		\N	\N	0.92000000000000004	0.40000000000000002
682	ZH The Hand Tool Rack (4/box)	~ The Hand Tool Rack (4/box)	7110-5210-50	\N	000.995.301.000.00I		2011-01-21 01:24:55.20162	2011-01-26 20:14:00.468721	Purchased	3010	Item	10.696		\N	\N	0.92000000000000004	0.40000000000000002
684	ZH The Loop Hook (4/box)	~ The Loop Hook (4/box)	7110-5601-50	\N	000.995.301.200.00I		2011-01-21 01:24:55.211782	2011-01-26 20:14:12.601293	Purchased	3012	Item	6.1480300000000003		\N	\N	0.92000000000000004	0.40000000000000002
685	ZH The Shelf with Hooks (4/box)	~ The Shelf with Hooks (4/box)	7110-5602-50	\N	000.995.301.300.00I		2011-01-21 01:24:55.216885	2011-01-26 20:14:34.562916	Purchased	3013	Item	14.039999999999999		\N	\N	0.92000000000000004	0.40000000000000002
680	ZH The Sports Rack & Basket (4/box)	~ The Sports Rack & Basket (4/box)	7110-5070-50	\N	000.995.300.800.00I		2011-01-21 01:24:55.191514	2011-01-26 20:15:04.081773	Purchased	3008	Item	19.039999999999999		\N	\N	0.92000000000000004	0.40000000000000002
689	ZH The Work Hook (6/box)	~ The Work Hook (6/box)	7110-5612-50	\N	000.995.301.700.00I		2011-01-21 01:24:55.237306	2011-01-26 20:15:21.048386	Purchased	3017	Item	4.0960000000000001		\N	\N	0.92000000000000004	0.40000000000000002
184	ZH Wardrobe Lift (26-35) | Black	Wardrobe Lift, steel, black, plastic, black, 26" - 35 1/16", 26 lbs load capacity	805.31.302 	\N	000.805.031.302.00P		2011-01-01 18:53:56.336387	2011-01-26 20:17:43.77723	Purchased		Item	48.744		\N	\N	0.92000000000000004	0.40000000000000002
662	ZH SlatWall Corner Molding (4/box) | Black	SlatWall Corner Molding (4/box) | Black	HST4008M	\N	000.990.320.4IO.00I		2011-01-21 01:24:55.097949	2011-01-26 19:44:03.719124	Purchased	3204-IOC	Item	6.5499999999999998		\N	\N	0.92000000000000004	0.40000000000000002
21	CTOP Corner - 1 in. melamine	CTOP Corner 1 in. melamine		\N	000.502.000.x.00M	MEL-CCTOP-25	2011-01-01 18:53:39.156106	2011-01-02 02:35:24.104617	Manufactured		Countertop	\N	\N	\N	\N	0.92000000000000004	0.40000000000000002
10	ZH Screw (Installation) 3-1/2 inch	Screw, Install  3' QDFL Type 17 NB, Plain (Box Qty 1,000)	069110300117N	\N	000.102.200.000.00I		2011-01-01 18:53:39.063244	2011-01-26 19:39:13.323603	Inventory	1022	Item	0.042599999999999999		\N	\N	0.92000000000000004	0.40000000000000002
668	ZH SlatWall Corner Molding (4/box) | Gray	SlatWall Corner Molding (4/box) | Gray	HST3008M	\N	000.990.320.5IO.00I		2011-01-21 01:24:55.128521	2011-01-26 19:44:17.715035	Purchased	3205-IOC	Item	6.5499999999999998		\N	\N	0.92000000000000004	0.40000000000000002
94	ZH Sliding Wire Basket (30x11x14) | Oil Rubbed Bronze		547.37.146	\N	000.547.037.146.00P		2011-01-01 18:53:53.436093	2011-01-26 20:04:51.061475	Purchased	30028-1	Item	26.760000000000002		\N	\N	0.92000000000000004	0.40000000000000002
602	ZH Murphy Bed Hardware Set Single/Twin		SBF-M/SBF-S	\N			2011-01-11 05:33:20.126027	2011-01-26 19:34:43.845305	Purchased	10060	Item	425.54000000000002		\N	\N	0.92000000000000004	0.40000000000000002
606	ZH Screw (Installation) 3 inch	#10 x 3 inch	88FCPHZ831500PC	\N			2011-01-11 05:48:03.757061	2011-01-26 19:39:26.158985	Purchased	10053	Item	0.066000000000000003		\N	\N	0.92000000000000004	0.40000000000000002
217	ZH Bumper Stop	Bumper Stop Self Adhesive Poly Clear .335 Wide x .805 Thick (Box Qty. 5400)	7129BS7SD	\N	000.104.700.000.00I		2011-01-01 18:54:02.48911	2011-01-26 19:20:20.277021	Inventory	1047	Item	0.02		\N	\N	0.92000000000000004	0.40000000000000002
605	ZH Draw Bolt		2500413002	\N			2011-01-11 05:42:10.812649	2011-01-26 19:24:02.985152	Purchased	10066	Item	0.089999999999999997		\N	\N	0.92000000000000004	0.40000000000000002
607	ZH Cam Cover | Tan	Rafix Cover Cap Pl Tan For Flush Cams. use with Carmel Apple	263.59.133	\N	000.263.059.133.00I		2011-01-11 17:01:29.039953	2011-01-26 19:21:16.614833	Purchased	10042	Item	0.0106		\N	\N	0.92000000000000004	0.40000000000000002
666	ZH SlatWall 12 x 96 (4/box) |Black	SlatWall 12 x 96 (4/box) |Black	HSW4008	\N	000.990.320.40W.00I		2011-01-21 01:24:55.118209	2011-01-26 19:42:46.442414	Purchased	3204-W	Item	18.16		\N	\N	0.92000000000000004	0.40000000000000002
166	ZH Drawer Slide | 3/4 ext | 16 inch	Soft-Roller 100Lbs St White 400mm 16 inch	7111KSC16W	\N	007.111.KSC.16W.00I		2011-01-01 18:53:55.801622	2011-01-26 19:24:42.927754	Inventory	10035	Item	0.81000000000000005		\N	\N	0.92000000000000004	0.40000000000000002
11	ZH Screw (Assembly) 1 1/4 inch	Screw, Zip-R, Fl Csk, T17, Ph Drv #8 X 1 1/4	010.21.968	\N	000.010.021.968.00I		2011-01-01 18:53:39.06776	2011-01-26 19:36:09.024551	Inventory	10030	Item	0.0080000000000000002		\N	\N	0.92000000000000004	0.40000000000000002
650	ZH SlatWall Corner Molding (4/box) | Taupe	SlatWall Corner Molding (4/box) | Taupe	HST2008M	\N	000.990.320.2IO.00I		2011-01-21 01:24:55.038209	2011-01-26 19:44:50.752756	Purchased	3202-IOC	Item	6.5499999999999998		\N	\N	0.92000000000000004	0.40000000000000002
654	ZH SlatWall 12 x 96 (4/box) |Taupe	SlatWall 12 x 96 (4/box) |Taupe	HSW2008	\N	000.990.320.20W.00I		2011-01-21 01:24:55.058333	2011-01-26 19:55:11.851732	Purchased	3202-W	Item	18.16		\N	\N	0.92000000000000004	0.40000000000000002
146	ZH Sliding Wire Basket (18x6x16) | Oil Rubbed Bronze	Closet Basket, steel, dark oil rubbed bronze, 16"d x 17"w x 6"h	547.35.162	\N	000.547.035.162.00P		2011-01-01 18:53:54.848216	2011-01-26 19:57:37.931962	Purchased	30031-1	Item	21.539999999999999		\N	\N	0.92000000000000004	0.40000000000000002
145	ZH Sliding Wire Basket (30x17x16) | Matte Nickel	Closet Basket, steel, matt nickel, 16"d x 29"w x 17"h	547.41.668	\N	000.547.041.668.00P		2011-01-01 18:53:54.808834	2011-01-26 20:09:46.330644	Purchased	30057-1	Item	31.300000000000001		\N	\N	0.92000000000000004	0.40000000000000002
451	CTOP Corner - Futura (3 Week Lead Time) | Laminate 4781 Sunstone	CTOP Corner - Futura (3 Week Lead Time) | Laminate 4781 Sunstone		\N	000.402.003.304.00P	LAM-CCTOP-FU	2011-01-01 18:54:26.095949	2011-01-30 16:37:03.018109	Purchased		Item	210.46000000000001		\N	\N	0.92000000000000004	0.40000000000000002
465	CTOP Corner - Futura (3 Week Lead Time) | Laminate 7948 Mambo	CTOP Corner - Futura (3 Week Lead Time) | Laminate 7948 Mambo		\N	000.402.003.318.00P	LAM-CCTOP-FU	2011-01-01 18:54:26.823627	2011-01-30 16:40:16.961617	Purchased		Item	182.15000000000001		\N	\N	0.92000000000000004	0.40000000000000002
431	CTOP Corner - Tempo (3 Week Lead Time) | Laminate 4789 Limestone	CTOP Corner - Tempo (3 Week Lead Time) | Laminate 4789 Limestone		\N	000.402.002.305.00P	LAM-CCTOP-TE	2011-01-01 18:54:25.583499	2011-01-30 17:14:29.121617	Purchased		Item	186.46000000000001		\N	\N	0.92000000000000004	0.40000000000000002
433	CTOP Corner - Tempo (3 Week Lead Time) | Laminate 4791 Willowstone	CTOP Corner - Tempo (3 Week Lead Time) | Laminate 4791 Willowstone		\N	000.402.002.307.00P	LAM-CCTOP-TE	2011-01-01 18:54:25.607773	2011-01-30 17:15:32.468117	Purchased		Item	186.46000000000001		\N	\N	0.92000000000000004	0.40000000000000002
436	CTOP Corner - Tempo (3 Week Lead Time) | Laminate 4882 Oiled Soapstone	CTOP Corner - Tempo (3 Week Lead Time) | Laminate 4882 Oiled Soapstone		\N	000.402.002.310.00P	LAM-CCTOP-TE	2011-01-01 18:54:25.72567	2011-01-30 17:15:44.639022	Purchased		Item	146.46000000000001		\N	\N	0.92000000000000004	0.40000000000000002
434	CTOP Corner - Tempo | Laminate 4794 Windswept Bronze	CTOP Corner - Tempo | Laminate 4794 Windswept Bronze		\N	000.402.002.308.00P	LAM-CCTOP-TE	2011-01-01 18:54:25.620663	2011-01-30 17:17:11.549336	Purchased		Item	186.46000000000001		\N	\N	0.92000000000000004	0.40000000000000002
435	CTOP Corner - Tempo | Laminate 4795 Windswept Pewter	CTOP Corner - Tempo | Laminate 4795 Windswept Pewter		\N	000.402.002.309.00P	LAM-CCTOP-TE	2011-01-01 18:54:25.634254	2011-01-30 17:17:23.168851	Purchased		Item	186.46000000000001		\N	\N	0.92000000000000004	0.40000000000000002
48	CL Top Shelf	CL Top Shelf 		\N	000.934.x.x.00M	CL-TS	2011-01-01 18:53:50.009214	2011-01-30 21:30:59.891278	Manufactured	Closets	ClosetShelf	\N		\N	\N	0.92000000000000004	0.40000000000000002
42	CL Hanging Partition - Radius - Right	CL Hanging Partition Radius Bottom - Right Stop Drilled		\N	000.910.35x.x.00M	CL-HPR-R	2011-01-01 18:53:43.944414	2011-01-30 21:26:08.205701	Manufactured	Closets	ClosetPartition	\N		\N	\N	0.92000000000000004	0.40000000000000002
35	CL Upright Partition - BaseNotch - Left	CL Upright Partition - BaseNotch - Left 		\N	000.912.1x.x.00M	CL-VUN-L	2011-01-01 18:53:39.592444	2011-01-30 21:31:09.483238	Manufactured	Closets	ClosetPartition	\N		\N	\N	0.92000000000000004	0.40000000000000002
37	CL Upright Partition - Thru	CL Upright Partition - Thru 		\N	000.911.2x.x.00M	CL-VU-T	2011-01-01 18:53:39.894924	2011-01-30 21:32:02.903968	Manufactured	Closets	ClosetPartition	\N		\N	\N	0.92000000000000004	0.40000000000000002
677	ZH The Bike Hook (4/box)	~ The Bike Hook (4/box)	7110-5041-50	\N	000.995.300.500.00I		2011-01-21 01:24:55.176356	2011-01-26 20:12:35.376491	Purchased	3005	Item	6.6079999999999997		\N	\N	0.92000000000000004	0.40000000000000002
174	ZH Drawer Slide | Full ext | 18 inch	Drawer glide 18 inch full extension 100Lb	FU3173318	\N	000.FU3.173.318.00I		2011-01-01 18:53:55.976279	2011-01-26 19:26:13.418396	Inventory	1072	Item	3.8199999999999998		\N	\N	0.92000000000000004	0.40000000000000002
134	ZH Sliding Wire Basket (18x17x16) | Polished Chrome	Closet Basket, steel, chrome-plated, 16"d x 17"w x 17"h	547.38.268	\N	000.547.038.268.00P		2011-01-01 18:53:54.509174	2011-01-26 19:55:51.124313	Purchased	30014-1	Item	25.09		\N	\N	0.92000000000000004	0.40000000000000002
61	ZH Tie Rack | Oil Rubbed Bronze	Synergy Tie Rack with Slide, aluminum, dark oil rubbed bronzed, plastic, black, 13 7/8" length	807.67.103	\N	000.807.067.103.00P		2011-01-01 18:53:51.496891	2011-01-26 20:15:41.169456	Purchased		Item	24.050000000000001		\N	\N	0.92000000000000004	0.40000000000000002
687	ZH The Everything Hook (6/box)	~ The Everything Hook (6/box)	7110-5610-50	\N	000.995.301.500.00I		2011-01-21 01:24:55.227204	2011-01-26 20:12:55.495813	Purchased	3015	Item	3.61199		\N	\N	0.92000000000000004	0.40000000000000002
673	ZH The Golf Rack & Basket (4/box)	~ The Golf Rack & Basket (4/box)	7110-5010-50	\N	000.995.300.100.00I		2011-01-21 01:24:55.154261	2011-01-26 20:13:29.835286	Purchased	3001	Item	17.515830000000001		\N	\N	0.92000000000000004	0.40000000000000002
683	ZH The Grip Everything Hook (6/box)	~ The Grip Everything Hook (6/box)	7110-5600-50	\N	000.995.301.100.00I		2011-01-21 01:24:55.206755	2011-01-26 20:13:50.94786	Purchased	3011	Item	3.6119699999999999		\N	\N	0.92000000000000004	0.40000000000000002
674	ZH The Racquet Rack (4/box)	~ The Racquet Rack (4/box)	7110-5020-50	\N	000.995.300.200.00I		2011-01-21 01:24:55.159748	2011-01-26 20:14:22.38748	Purchased	3002	Item	10.91188		\N	\N	0.92000000000000004	0.40000000000000002
679	ZH The Ski Rack (4/box)	~ The Ski Rack (4/box)	7110-5060-50	\N	000.995.300.700.00I		2011-01-21 01:24:55.186421	2011-01-26 20:14:54.57665	Purchased	3007	Item	6.1479799999999996		\N	\N	0.92000000000000004	0.40000000000000002
672	ZH SlatWall 12 x 96 (4/box) |Gray	SlatWall 12 x 96 (4/box) |Gray	HSW3008	\N	000.990.320.50W.00I		2011-01-21 01:24:55.149093	2011-01-26 19:43:00.105063	Purchased	3205-W	Item	18.16		\N	\N	0.92000000000000004	0.40000000000000002
652	ZH SlatWall Drywall Screws (1000/box) | Taupe	SlatWall Drywall Screws (1000/box) | Taupe	HSWS200T	\N	000.990.320.20S.00I		2011-01-21 01:24:55.0481	2011-01-26 19:46:40.252369	Purchased	3202-S	Item	0.034000000000000002		\N	\N	0.92000000000000004	0.40000000000000002
657	ZH SlatWall J Molding (4/box) | Maple	SlatWall J Molding (4/box) | Maple	HST9088L	\N	000.990.320.3JM.00I		2011-01-21 01:24:55.073155	2011-01-26 19:47:44.471438	Purchased	3203-JM	Item	5.25		\N	\N	0.92000000000000004	0.40000000000000002
651	ZH SlatWall J Molding (4/box) | Taupe	SlatWall J Molding (4/box) | Taupe	HST2088L	\N	000.990.320.2JM.00I		2011-01-21 01:24:55.043128	2011-01-26 19:48:23.972916	Purchased	3202-JM	Item	5.25		\N	\N	0.92000000000000004	0.40000000000000002
622	ZZ HO Tall Cabinet Shell DON'T DELETE	Home Office tall cabinet		\N			2011-01-12 15:33:32.143978	2011-01-12 17:23:43.894056	Manufactured		Shell	\N	\N	\N	\N	0.92000000000000004	0.40000000000000002
665	ZH SlatWall U Edge Molding (4/box) | Black	SlatWall U Edge Molding (4/box) | Black	HST4008E	\N	000.990.320.40U.00I		2011-01-21 01:24:55.112983	2011-01-26 19:50:17.849507	Purchased	3204-U	Item	3.5		\N	\N	0.92000000000000004	0.40000000000000002
653	ZH SlatWall U Edge Molding (4/box) | Taupe	SlatWall U Edge Molding (4/box) | Taupe	HST2008E	\N	000.990.320.20U.00I		2011-01-21 01:24:55.053099	2011-01-26 19:51:19.355408	Purchased	3202-U	Item	3.5		\N	\N	0.92000000000000004	0.40000000000000002
558	ZZ NXp Adj Shelf DON'T DELETE	building block: NX adj shelf 1 inch		\N			2011-01-02 03:56:04.415433	2011-01-12 21:18:44.796773	Manufactured		Panel	\N	\N	\N	\N	0.92000000000000004	0.40000000000000002
116	ZH Sliding Wire Basket (18x17x12) | Polished Chrome	Closet Basket, steel, chrome-plated, 12"d x 17"w x 17"h	547.35.228 	\N	000.547.035.228.00P		2011-01-01 18:53:53.712979	2011-01-26 19:54:18.645676	Purchased		Item	20.59		\N	\N	0.92000000000000004	0.40000000000000002
142	ZH Sliding Wire Basket (30x11x16) | Matte Nickel	Closet Basket, steel, matt nickel, 16"d x 29"w x 11"h	547.37.666	\N	000.547.037.666.00P		2011-01-01 18:53:54.712775	2011-01-26 20:05:10.454277	Purchased	30056-1	Item	28.25		\N	\N	0.92000000000000004	0.40000000000000002
624	ZZ NXp Panel 06 DON'T DELETE	White only		\N			2011-01-12 17:55:42.72321	2011-01-12 20:22:28.627928	Manufactured		Panel	\N	\N	\N	\N	0.92000000000000004	0.40000000000000002
453	CTOP Corner - Futura (3 Week Lead Time) | Laminate 4790 Greystone	CTOP Corner - Futura (3 Week Lead Time) | Laminate 4790 Greystone		\N	000.402.003.306.00P	LAM-CCTOP-FU	2011-01-01 18:54:26.350727	2011-01-30 16:37:34.755595	Purchased		Item	210.46000000000001		\N	\N	0.92000000000000004	0.40000000000000002
454	CTOP Corner - Futura (3 Week Lead Time) | Laminate 4791 Willowstone	CTOP Corner - Futura (3 Week Lead Time) | Laminate 4791 Willowstone		\N	000.402.003.307.00P	LAM-CCTOP-FU	2011-01-01 18:54:26.500496	2011-01-30 16:37:48.052145	Purchased		Item	210.46000000000001		\N	\N	0.92000000000000004	0.40000000000000002
455	CTOP Corner - Futura (3 Week Lead Time) | Laminate 4794 Windswept Bronze	CTOP Corner - Futura (3 Week Lead Time) | Laminate 4794 Windswept Bronze		\N	000.402.003.308.00P	LAM-CCTOP-FU	2011-01-01 18:54:26.52838	2011-01-30 16:38:00.611525	Purchased		Item	210.46000000000001		\N	\N	0.92000000000000004	0.40000000000000002
456	CTOP Corner - Futura (3 Week Lead Time) | Laminate 4795 Windswept Pewter	CTOP Corner - Futura (3 Week Lead Time) | Laminate 4795 Windswept Pewter		\N	000.402.003.309.00P	LAM-CCTOP-FU	2011-01-01 18:54:26.540852	2011-01-30 16:38:15.359846	Purchased		Item	210.46000000000001		\N	\N	0.92000000000000004	0.40000000000000002
464	CTOP Corner - Futura (3 Week Lead Time) | Laminate 7942 Cocobala	CTOP Corner - Futura (3 Week Lead Time) | Laminate 7942 Cocobala		\N	000.402.003.317.00P	LAM-CCTOP-FU	2011-01-01 18:54:26.774362	2011-01-30 16:40:04.853376	Purchased		Item	210.46000000000001		\N	\N	0.92000000000000004	0.40000000000000002
477	CTOP Corner - Geneva (3 Week Lead Time) | Laminate 4795 Windswept Pewter	CTOP Corner - Geneva (3 Week Lead Time) | Laminate 4795 Windswept Pewter		\N	000.402.004.309.00P	LAM-CCTOP-GEN	2011-01-01 18:54:27.247029	2011-01-30 16:45:13.543264	Purchased		Item	228.31		\N	\N	0.92000000000000004	0.40000000000000002
342	CTOP - Futura (3 Week Lead Time) | Laminate 4795 Windswept Pewter	CTOP - Futura (3 Week Lead Time) | Laminate 4795 Windswept Pewter		\N	000.401.003.309.00P	LAM-CTOP-FU	2011-01-01 18:54:19.924606	2011-01-30 17:21:05.652845	Purchased		Item	210.46000000000001		\N	\N	0.92000000000000004	0.40000000000000002
362	CTOP - Geneva (3 Week Lead Time) | Laminate 4794 Windswept Bronze	CTOP - Geneva (3 Week Lead Time) | Laminate 4794 Windswept Bronze		\N	000.401.004.308.00P	LAM-CTOP-GEN	2011-01-01 18:54:21.258692	2011-01-30 17:25:20.406274	Purchased		Item	228.31		\N	\N	0.92000000000000004	0.40000000000000002
306	CTOP - Nova (3 Week Lead Time) | Laminate 4887 Tan Soapstone	CTOP - Nova (3 Week Lead Time) | Laminate 4887 Tan Soapstone		\N	000.401.001.315.00P	LAM-CTOP-NO	2011-01-01 18:54:16.706123	2011-01-30 17:32:08.605648	Purchased		Item	166.15000000000001		\N	\N	0.92000000000000004	0.40000000000000002
315	CTOP - Tempo | Laminate 4552 Ebony Star	CTOP - Tempo | Laminate 4552 Ebony Star		\N	000.401.002.303.00P	LAM-CTOP-TE	2011-01-01 18:54:17.218889	2011-01-30 17:37:47.544287	Purchased		Item	186.46000000000001		\N	\N	0.92000000000000004	0.40000000000000002
515	HO Bookcase - Vert Divider	HO Bookcase - Vert Divider 		\N	000.401.381.x.00M	HO-TCV-10AS	2011-01-01 18:54:27.978979	2011-01-31 16:06:57.694556	Manufactured	HomeOffice_Cabinets	Cabinet	\N		\N	\N	0.92000000000000004	0.40000000000000002
617	CL Island Back Panel 	CL Island Back Panel 		\N	000.960.103.x.00M	CL-IBP	2011-01-12 00:14:00.186554	2011-01-30 21:30:06.75626	Manufactured	Closets	Door	\N		\N	\N	0.92000000000000004	0.40000000000000002
613	CL Island End Panel 	CL Island End Panel 		\N	000.960.101.x.00M	CL-IEP	2011-01-12 00:13:59.916142	2011-01-30 21:30:15.035356	Manufactured	Closets	Door	\N		\N	\N	0.92000000000000004	0.40000000000000002
614	CL Island Thru Panel 	CL Island Thru Panel 		\N	000.960.102.x.00M	CL-ITP	2011-01-12 00:14:00.110891	2011-01-30 21:30:24.373039	Manufactured	Closets	ClosetPartition	\N		\N	\N	0.92000000000000004	0.40000000000000002
514	HO Bookcase	HO Bookcase 		\N	000.400.181.x.00M	HO-TC-5AS	2011-01-01 18:54:27.966772	2011-01-31 16:06:45.058571	Manufactured	HomeOffice_Cabinets	Cabinet	\N		\N	\N	0.92000000000000004	0.40000000000000002
625	ZZ NX Tall Cabinet Shell DON'T DELETE			\N			2011-01-12 21:58:05.526486	2011-01-12 21:58:05.526486	Manufactured		Shell	\N	\N	\N	\N	0.92000000000000004	0.40000000000000002
552	ZZ HO Tall Cabinet Shell w/VD DON'T DELETE	building block: home office tall cabinet shell with 1 vertical divider		\N			2011-01-02 00:28:22.162265	2011-01-13 15:10:53.010798	Manufactured		Shell	\N	\N	\N	\N	0.92000000000000004	0.40000000000000002
385	CTOP Corner - Classic (3 Week Lead Time) | Laminate 1573 Frosty White	CTOP Corner - Classic (3 Week Lead Time) | Laminate 1573 Frosty White		\N	000.402.000.301.00P	LAM-CCTOP-CL	2011-01-01 18:54:22.245911	2011-01-30 16:29:38.586614	Purchased		Item	185.84999999999999		\N	\N	0.92000000000000004	0.40000000000000002
524	Decor Drawer Front - DR8	Decor Drawer Front - DR8 		\N	000.203.000.x.00B	DS-DF-DR8	2011-01-01 18:54:28.15596	2011-01-31 15:56:37.04664	Buyout	Buyout_Door	PremiumDrawerfront	\N		\N	\N	0.92000000000000004	0.40000000000000002
635	CL Island  Top (1 inch)	Closet Island  Top 1 inch		\N	000.960.250.x.00M	MEL-CTOP-25	2011-01-15 20:02:15.125857	2011-01-30 21:30:33.380468	Purchased	Closets	Countertop	\N		\N	\N	0.92000000000000004	0.40000000000000002
634	CL Island Top (3/4 inch)	Closet Island Top 3/4 inch thick		\N	000.960.200.x.00M	MEL-CTOP-19	2011-01-15 18:44:56.729008	2011-01-30 21:30:42.107791	Purchased	Closets	Countertop	\N		\N	\N	0.92000000000000004	0.40000000000000002
636	CTOP - Butcher Block	CTOP - Butcher Block		\N	000.401.004.400.00P	NX-CTOP-BB	2011-01-21 01:24:54.683772	2011-02-02 06:00:23.600531	Purchased	Worksurfaces	ScaledItem	\N		\N	\N	0.92000000000000004	0.40000000000000002
289	CTOP - Classic (3 Week Lead Time) | Laminate 10776 Kingstone Maple	CTOP - Classic (3 Week Lead Time) | Laminate 10776 Kingstone Maple		\N	000.401.000.319.00P	LAM-CTOP-CL	2011-01-01 18:54:14.484486	2011-01-30 16:15:54.777151	Purchased		Item	185.84999999999999		\N	\N	0.92000000000000004	0.40000000000000002
271	CTOP - Classic (3 Week Lead Time) | Laminate 1573 Frosty White	CTOP - Classic (3 Week Lead Time) | Laminate 1573 Frosty White		\N	000.401.000.301.00P	LAM-CTOP-CL	2011-01-01 18:54:11.811055	2011-01-30 16:16:14.430145	Purchased		Item	185.84999999999999		\N	\N	0.92000000000000004	0.40000000000000002
278	CTOP - Classic (3 Week Lead Time) | Laminate 4794 Windswept Bronze	CTOP - Classic (3 Week Lead Time) | Laminate 4794 Windswept Bronze		\N	000.401.000.308.00P	LAM-CTOP-CL	2011-01-01 18:54:12.456636	2011-01-30 16:19:17.982534	Purchased		Item	240.62		\N	\N	0.92000000000000004	0.40000000000000002
282	CTOP - Classic (3 Week Lead Time) | Laminate 4884 Flame Soapstone	CTOP - Classic (3 Week Lead Time) | Laminate 4884 Flame Soapstone		\N	000.401.000.312.00P	LAM-CTOP-CL	2011-01-01 18:54:13.134383	2011-01-30 16:21:25.973297	Purchased		Item	185.84999999999999		\N	\N	0.92000000000000004	0.40000000000000002
291	CTOP - Classic (3 Week Lead Time) | Laminate D403 White Sand	CTOP - Classic (3 Week Lead Time) | Laminate D403 White Sand		\N	000.401.000.321.00P	LAM-CTOP-CL	2011-01-01 18:54:15.353702	2011-01-30 16:24:03.784562	Purchased		Item	185.84999999999999		\N	\N	0.92000000000000004	0.40000000000000002
290	CTOP - Classic (3 Week Lead Time) | Laminate D92 Dove Grey	CTOP - Classic (3 Week Lead Time) | Laminate D92 Dove Grey		\N	000.401.000.320.00P	LAM-CTOP-CL	2011-01-01 18:54:15.032725	2011-01-30 16:24:21.007264	Purchased		Item	185.84999999999999		\N	\N	0.92000000000000004	0.40000000000000002
386	CTOP Corner - Classic (3 Week Lead Time) | Laminate 1595 Black	CTOP Corner - Classic (3 Week Lead Time) | Laminate 1595 Black		\N	000.402.000.302.00P	LAM-CCTOP-CL	2011-01-01 18:54:22.408856	2011-01-30 16:29:56.037235	Purchased		Item	185.84999999999999		\N	\N	0.92000000000000004	0.40000000000000002
395	CTOP Corner - Classic (3 Week Lead Time) | Laminate 4883 Sable Soapstone	CTOP Corner - Classic (3 Week Lead Time) | Laminate 4883 Sable Soapstone		\N	000.402.000.311.00P	LAM-CCTOP-CL	2011-01-01 18:54:23.068882	2011-01-30 16:32:47.722038	Purchased		Item	185.84999999999999		\N	\N	0.92000000000000004	0.40000000000000002
403	CTOP Corner - Classic (3 Week Lead Time) | Laminate 10776 Kingstone Maple	CTOP Corner - Classic (3 Week Lead Time) | Laminate 10776 Kingstone Maple		\N	000.402.000.319.00P	LAM-CCTOP-CL	2011-01-01 18:54:23.355838	2011-01-30 16:29:19.7736	Purchased		Item	185.84999999999999		\N	\N	0.92000000000000004	0.40000000000000002
405	CTOP Corner - Classic (3 Week Lead Time) | Laminate D403 White Sand	CTOP Corner - Classic (3 Week Lead Time) | Laminate D403 White Sand		\N	000.402.000.321.00P	LAM-CCTOP-CL	2011-01-01 18:54:23.412798	2011-01-30 16:35:18.438324	Purchased		Item	185.84999999999999		\N	\N	0.92000000000000004	0.40000000000000002
401	CTOP Corner - Classic (3 Week Lead Time) | Laminate 7942 Cocobala	CTOP Corner - Classic (3 Week Lead Time) | Laminate 7942 Cocobala		\N	000.402.000.317.00P	LAM-CCTOP-CL	2011-01-01 18:54:23.330579	2011-01-30 16:34:46.456457	Purchased		Item	240.62		\N	\N	0.92000000000000004	0.40000000000000002
448	CTOP Corner - Futura (3 Week Lead Time) | Laminate 1573 Frosty White	CTOP Corner - Futura (3 Week Lead Time) | Laminate 1573 Frosty White		\N	000.402.003.301.00P	LAM-CCTOP-FU	2011-01-01 18:54:26.048601	2011-01-30 16:36:28.101859	Purchased		Item	166.15000000000001		\N	\N	0.92000000000000004	0.40000000000000002
466	CTOP Corner - Futura (3 Week Lead Time) | Laminate 10776 Kingstone Maple	CTOP Corner - Futura (3 Week Lead Time) | Laminate 10776 Kingstone Maple		\N	000.402.003.319.00P	LAM-CCTOP-FU	2011-01-01 18:54:26.932091	2011-01-30 16:36:06.741689	Purchased		Item	166.15000000000001		\N	\N	0.92000000000000004	0.40000000000000002
449	CTOP Corner - Futura (3 Week Lead Time) | Laminate 1595 Black	CTOP Corner - Futura (3 Week Lead Time) | Laminate 1595 Black		\N	000.402.003.302.00P	LAM-CCTOP-FU	2011-01-01 18:54:26.061046	2011-01-30 16:36:44.540422	Purchased		Item	166.15000000000001		\N	\N	0.92000000000000004	0.40000000000000002
452	CTOP Corner - Futura (3 Week Lead Time) | Laminate 4789 Limestone	CTOP Corner - Futura (3 Week Lead Time) | Laminate 4789 Limestone		\N	000.402.003.305.00P	LAM-CCTOP-FU	2011-01-01 18:54:26.183717	2011-01-30 16:37:20.592286	Purchased		Item	210.46000000000001		\N	\N	0.92000000000000004	0.40000000000000002
457	CTOP Corner - Futura (3 Week Lead Time) | Laminate 4882 Oiled Soapstone	CTOP Corner - Futura (3 Week Lead Time) | Laminate 4882 Oiled Soapstone		\N	000.402.003.310.00P	LAM-CCTOP-FU	2011-01-01 18:54:26.553285	2011-01-30 16:38:30.534303	Purchased		Item	166.15000000000001		\N	\N	0.92000000000000004	0.40000000000000002
459	CTOP Corner - Futura (3 Week Lead Time) | Laminate 4884 Flame Soapstone	CTOP Corner - Futura (3 Week Lead Time) | Laminate 4884 Flame Soapstone		\N	000.402.003.312.00P	LAM-CCTOP-FU	2011-01-01 18:54:26.608339	2011-01-30 16:39:02.687305	Purchased		Item	166.15000000000001		\N	\N	0.92000000000000004	0.40000000000000002
468	CTOP Corner - Futura (3 Week Lead Time) | Laminate D403 White Sand	CTOP Corner - Futura (3 Week Lead Time) | Laminate D403 White Sand		\N	000.402.003.321.00P	LAM-CCTOP-FU	2011-01-01 18:54:27.011921	2011-01-30 16:40:32.157177	Purchased		Item	166.15000000000001		\N	\N	0.92000000000000004	0.40000000000000002
487	CTOP Corner - Geneva (3 Week Lead Time) | Laminate 10776 Kingstone Maple	CTOP Corner - Geneva (3 Week Lead Time) | Laminate 10776 Kingstone Maple		\N	000.402.004.319.00P	LAM-CCTOP-GEN	2011-01-01 18:54:27.448967	2011-01-30 16:42:18.10945	Purchased		Item	177.84999999999999		\N	\N	0.92000000000000004	0.40000000000000002
484	CTOP Corner - Geneva (3 Week Lead Time) | Laminate 7921 Tuscan Walnut	CTOP Corner - Geneva (3 Week Lead Time) | Laminate 7921 Tuscan Walnut		\N	000.402.004.316.00P	LAM-CCTOP-GEN	2011-01-01 18:54:27.387064	2011-01-30 16:47:14.176941	Purchased		Item	177.84999999999999		\N	\N	0.92000000000000004	0.40000000000000002
516	Door - Flat	Door - Flat 		\N	000.100.000.x.00M	CP-DR	2011-01-01 18:54:27.991093	2011-01-31 15:59:52.102191	Manufactured	Manufactured_Door	Door	\N		\N	\N	0.92000000000000004	0.40000000000000002
162	Drawer Front - Flat	Drawer Front - Flat 		\N	000.200.000.x.00M	CP-DF	2011-01-01 18:53:55.655578	2011-01-31 16:03:25.990158	Manufactured	Manufactured_Door	Door	\N		\N	\N	0.92000000000000004	0.40000000000000002
47	CL Corner Adjustable Shelf	CL Corner Adjustable Shelf 		\N	000.933.x.x.00M	CL-CAS	2011-01-01 18:53:49.77802	2011-01-30 21:25:04.154581	Manufactured	Closets	ClosetShelf	\N		\N	\N	0.92000000000000004	0.40000000000000002
406	CTOP Corner - Nova (3 Week Lead Time) | Laminate 1573 Frosty White	CTOP Corner - Nova (3 Week Lead Time) | Laminate 1573 Frosty White		\N	000.402.001.301.00P	LAM-CCTOP-NO	2011-01-01 18:54:23.425203	2011-01-30 16:50:03.785061	Purchased		Item	166.15000000000001		\N	\N	0.92000000000000004	0.40000000000000002
411	CTOP Corner - Nova (3 Week Lead Time) | Laminate 4790 Greystone	CTOP Corner - Nova (3 Week Lead Time) | Laminate 4790 Greystone		\N	000.402.001.306.00P	LAM-CCTOP-NO	2011-01-01 18:54:23.83147	2011-01-30 16:51:20.403745	Purchased		Item	210.46000000000001		\N	\N	0.92000000000000004	0.40000000000000002
420	CTOP Corner - Nova (3 Week Lead Time) | Laminate 4887 Tan Soapstone	CTOP Corner - Nova (3 Week Lead Time) | Laminate 4887 Tan Soapstone		\N	000.402.001.315.00P	LAM-CCTOP-NO	2011-01-01 18:54:24.97043	2011-01-30 17:11:08.753482	Purchased		Item	166.15000000000001		\N	\N	0.92000000000000004	0.40000000000000002
421	CTOP Corner - Nova (3 Week Lead Time) | Laminate 7921 Tuscan Walnut	CTOP Corner - Nova (3 Week Lead Time) | Laminate 7921 Tuscan Walnut		\N	000.402.001.316.00P	LAM-CCTOP-NO	2011-01-01 18:54:25.240168	2011-01-30 17:11:22.403432	Purchased		Item	166.15000000000001		\N	\N	0.92000000000000004	0.40000000000000002
445	CTOP Corner - Tempo (3 Week Lead Time) | Laminate 10776 Kingstone Maple	CTOP Corner - Tempo (3 Week Lead Time) | Laminate 10776 Kingstone Maple		\N	000.402.002.319.00P	LAM-CCTOP-TE	2011-01-01 18:54:25.890284	2011-01-30 17:13:14.877842	Purchased		Item	146.46000000000001		\N	\N	0.92000000000000004	0.40000000000000002
432	CTOP Corner - Tempo (3 Week Lead Time) | Laminate 4790 Greystone	CTOP Corner - Tempo (3 Week Lead Time) | Laminate 4790 Greystone		\N	000.402.002.306.00P	LAM-CCTOP-TE	2011-01-01 18:54:25.595577	2011-01-30 17:14:49.251378	Purchased		Item	186.46000000000001		\N	\N	0.92000000000000004	0.40000000000000002
335	CTOP - Futura (3 Week Lead Time) | Laminate 1595 Black	CTOP - Futura (3 Week Lead Time) | Laminate 1595 Black		\N	000.401.003.302.00P	LAM-CTOP-FU	2011-01-01 18:54:18.699358	2011-01-30 17:19:14.883006	Purchased		Item	166.15000000000001		\N	\N	0.92000000000000004	0.40000000000000002
336	CTOP - Futura (3 Week Lead Time) | Laminate 4552 Ebony Star	CTOP - Futura (3 Week Lead Time) | Laminate 4552 Ebony Star		\N	000.401.003.303.00P	LAM-CTOP-FU	2011-01-01 18:54:18.798698	2011-01-30 17:19:27.309397	Purchased		Item	210.46000000000001		\N	\N	0.92000000000000004	0.40000000000000002
348	CTOP - Futura (3 Week Lead Time) | Laminate 4887 Tan Soapstone	CTOP - Futura (3 Week Lead Time) | Laminate 4887 Tan Soapstone		\N	000.401.003.315.00P	LAM-CTOP-FU	2011-01-01 18:54:20.44481	2011-01-30 17:22:21.669733	Purchased		Item	166.15000000000001		\N	\N	0.92000000000000004	0.40000000000000002
373	CTOP - Geneva (3 Week Lead Time) | Laminate 10776 Kingstone Maple	CTOP - Geneva (3 Week Lead Time) | Laminate 10776 Kingstone Maple		\N	000.401.004.319.00P	LAM-CTOP-GEN	2011-01-01 18:54:21.805072	2011-01-30 17:23:51.240614	Purchased		Item	177.84999999999999		\N	\N	0.92000000000000004	0.40000000000000002
359	CTOP - Geneva (3 Week Lead Time) | Laminate 4789 Limestone	CTOP - Geneva (3 Week Lead Time) | Laminate 4789 Limestone		\N	000.401.004.305.00P	LAM-CTOP-GEN	2011-01-01 18:54:21.204012	2011-01-30 17:24:48.544625	Purchased		Item	228.31		\N	\N	0.92000000000000004	0.40000000000000002
371	CTOP - Geneva (3 Week Lead Time) | Laminate 7942 Cocobala	CTOP - Geneva (3 Week Lead Time) | Laminate 7942 Cocobala		\N	000.401.004.317.00P	LAM-CTOP-GEN	2011-01-01 18:54:21.739463	2011-01-30 17:26:55.949452	Purchased		Item	228.31		\N	\N	0.92000000000000004	0.40000000000000002
694	CL Hutch 2 Door	CL Hutch 2 Door 1 Adjustable Shelf		\N	000.306.922.x.00M	CL-HC-2AS	2011-01-21 22:56:34.727101	2011-01-30 21:27:14.754381	Manufactured	Closets	Cabinet	\N		\N	\N	0.92000000000000004	0.40000000000000002
310	CTOP - Nova (3 Week Lead Time) | Laminate 10776 Kingstone Maple	CTOP - Nova (3 Week Lead Time) | Laminate 10776 Kingstone Maple		\N	000.401.001.319.00P	LAM-CTOP-NO	2011-01-01 18:54:16.888278	2011-01-30 17:28:05.148955	Purchased		Item	166.15000000000001		\N	\N	0.92000000000000004	0.40000000000000002
296	CTOP - Nova (3 Week Lead Time) | Laminate 4789 Limestone	CTOP - Nova (3 Week Lead Time) | Laminate 4789 Limestone		\N	000.401.001.305.00P	LAM-CTOP-NO	2011-01-01 18:54:15.887384	2011-01-30 17:30:02.285339	Purchased		Item	210.46000000000001		\N	\N	0.92000000000000004	0.40000000000000002
305	CTOP - Nova (3 Week Lead Time) | Laminate 4886 Pearl Soapstone	CTOP - Nova (3 Week Lead Time) | Laminate 4886 Pearl Soapstone		\N	000.401.001.314.00P	LAM-CTOP-NO	2011-01-01 18:54:16.590787	2011-01-30 17:31:56.163821	Purchased		Item	166.15000000000001		\N	\N	0.92000000000000004	0.40000000000000002
319	CTOP - Tempo (3 Week Lead Time) | Laminate 4791 Willowstone	CTOP - Tempo (3 Week Lead Time) | Laminate 4791 Willowstone		\N	000.401.002.307.00P	LAM-CTOP-TE	2011-01-01 18:54:17.30119	2011-01-30 17:34:34.331462	Purchased		Item	186.46000000000001		\N	\N	0.92000000000000004	0.40000000000000002
26	Decor Crown Molding - 423 | Carmel Apple	Decor Crown Molding - 423 | Carmel Apple		\N	000.301.000.004.00P	DS-CM-423	2011-01-01 18:53:39.373062	2011-01-30 17:44:14.018501	Purchased		Item	29.93		\N	\N	0.92000000000000004	0.40000000000000002
211	Decor Crown Molding - 423 | Windswept Bronze	Decor Crown Molding - 423 | Windswept Bronze		\N	000.301.000.008.00P	DS-CM-423	2011-01-01 18:53:57.516415	2011-01-30 17:46:52.852139	Purchased		Item	\N		\N	\N	0.92000000000000004	0.40000000000000002
25	Decor Crown Molding - 424 | Folkstone Gray	Decor Crown Molding - 424 | Folkstone Gray		\N	000.302.000.003.00P	DS-CM-424	2011-01-01 18:53:39.331962	2011-01-30 17:47:58.513976	Purchased		Item	27.739999999999998		\N	\N	0.92000000000000004	0.40000000000000002
571	Powder Coated Drawer Front (23.875 x 7.5625) | GRANITE	Powder Coated Drawer Front (23.875 x 7.5625) | GRANITE	NX 23.875 x 7.434 Granite	\N	000.880.500.a12.00P	PC-DF	2011-01-04 06:35:34.389702	2011-01-30 19:25:10.428219	Purchased	880500a	Item	7.8384		\N	\N	0.92000000000000004	0.40000000000000002
252	CL Hutch Panel 44 - BaseNotch - Right	CL Hutch Panel 44 - BaseNotch - Right 		\N	000.213.044.x.00M	CL-VHPN-44-R	2011-01-01 18:54:08.968802	2011-01-30 21:29:14.093877	Manufactured	Closets	ClosetPartition	\N		\N	\N	0.92000000000000004	0.40000000000000002
697	ZO Door Processing	Door processing operation		\N			2011-02-02 04:35:55.78472	2011-02-02 04:35:55.78472	Manufactured		Item	4		\N	\N	0.92000000000000004	0.40000000000000002
580	Powder Coated Door (23.875 x 90) | RED	Powder Coated Door (23.875 x 90) | RED	NX 23.875 x 90.584 Red	\N	000.880.309.b12.00P	PC-D	2011-01-04 06:35:34.435866	2011-01-31 16:15:05.627877	Purchased		Item	55.200000000000003		\N	\N	0.92000000000000004	0.40000000000000002
698	ZO Drawer Front Processing	Drawer front processing operation.		\N			2011-02-02 04:36:39.280728	2011-02-02 04:36:39.280728	Purchased		Item	4		\N	\N	0.92000000000000004	0.40000000000000002
203	ZH Hutch Base Corner Brace	Hutch Base Corner Brace Unfinished..	260.28.505	\N	000.260.028.505.00I		2011-01-01 18:53:57.23064	2011-02-01 18:02:43.118671	Inventory	10054	Item	0.16		\N	\N	0.92000000000000004	0.40000000000000002
544	HO Base 2 Drawer (Lateral File)	HO Base 2 Drawer (Lateral File)		\N	000.224.322.x.00M	HO-BC	2011-01-01 18:54:33.697399	2011-01-31 16:05:21.007365	Manufactured	HomeOffice_Cabinets	Cabinet	\N		\N	\N	0.92000000000000004	0.40000000000000002
539	HO Base 3 Drawer (6/6/12)	HO Base 3 Drawer 1 File (6/6/12) 		\N	000.230.122.x.00M	HO-BC	2011-01-01 18:54:33.627663	2011-01-31 16:05:45.564764	Manufactured	HomeOffice_Cabinets	Cabinet	\N		\N	\N	0.92000000000000004	0.40000000000000002
261	NX Upper Cabinet 1 Door	NX Upper Cabinet 1 Door 		\N	000.301.430.x.00M	NX-C-1AS	2011-01-01 18:54:09.83074	2011-01-31 16:13:23.209879	Manufactured	Garage_Cabinets	Cabinet	\N		\N	\N	0.92000000000000004	0.40000000000000002
703	Drawer Box | Birch	Drawer Box | Birch		\N	000.024.005.050.00B	DBX	2011-02-02 20:55:27.286527	2011-02-02 20:55:27.286527	Buyout	Buyout_Drawerbox	Drawer	6		\N	\N	0.92000000000000004	0.40000000000000002
704	ZH File Hardware Kit	Hanging File System (Letter Width)	422.74.310	\N			2011-02-03 22:05:07.328012	2011-02-07 04:59:38.883182	Inventory		Item	5.6079999999999997	Hafele	\N	\N	0.92000000000000004	0.40000000000000002
701	Drawer Box | Birch	Drawer Box | Birch		\N	000.024.003.050.00B	DBX	2011-02-02 20:53:23.069477	2011-02-02 20:56:01.757199	Buyout	Buyout_Drawerbox	Drawer	6		\N	\N	0.92000000000000004	0.40000000000000002
568	Powder Coated Door (23.875 x 75) | GRANITE	Powder Coated Door (23.875 x 75) | GRANITE	NX 23.875 x 75.466 Granite	\N	000.880.307.a12.00P	PC-D	2011-01-04 06:35:34.373923	2011-01-30 19:23:03.409571	Purchased	880307a 	Item	47.159199999999998		\N	\N	0.92000000000000004	0.40000000000000002
570	Powder Coated Door (23.875 x 90) | GRANITE	Powder Coated Door (23.875 x 90) | GRANITE	NX 23.875 x 90.584 Granite	\N	000.880.309.a12.00P	PC-D	2011-01-04 06:35:34.384454	2011-01-31 16:14:56.993499	Purchased		Item	55.200000000000003		\N	\N	0.92000000000000004	0.40000000000000002
527	Decor Door - JR7 | Cut for Glass	Decor Door - JR7 | Cut for Glass 		\N	000.121.000.x.00B	DS-D-JR7-CFG	2011-01-01 18:54:28.406864	2011-01-31 15:55:40.299014	Buyout	Buyout_Door	PremiumDoor	\N		\N	\N	0.92000000000000004	0.40000000000000002
525	Decor Drawer Front - AMS329	Decor Drawer Front - AMS329 		\N	000.204.000.x.00B	DS-DF-AMS329	2011-01-01 18:54:28.249725	2011-01-31 15:56:08.30613	Buyout	Buyout_Door	PremiumDrawerfront	\N		\N	\N	0.92000000000000004	0.40000000000000002
523	Decor Drawer Front - DR1	Decor Drawer Front - DR1 		\N	000.202.000.x.00B	DS-DF-DR1	2011-01-01 18:54:28.137909	2011-01-31 15:56:25.93003	Buyout	Buyout_Door	PremiumDrawerfront	\N		\N	\N	0.92000000000000004	0.40000000000000002
522	Decor Drawer Front - JR7	Decor Drawer Front - JR7 		\N	000.201.000.x.00B	DS-DF-JR7	2011-01-01 18:54:28.117271	2011-01-31 15:56:53.774054	Buyout	Buyout_Door	PremiumDrawerfront	\N		\N	\N	0.92000000000000004	0.40000000000000002
530	Decor Door - AMS329 | Cut for Glass	Decor Door - AMS329 | Cut for Glass 		\N	000.124.000.x.00B	DS-D-AMS329-CFG	2011-01-01 18:54:28.448628	2011-01-31 15:54:21.848395	Buyout	Buyout_Door	PremiumDoor	\N		\N	\N	0.92000000000000004	0.40000000000000002
198	Drawer Box	Drawer Box		\N	000.024.002.051.00B	DBX	2011-01-01 18:53:57.183425	2011-02-02 20:46:29.811327	Buyout	Buyout_Drawerbox	Drawer	6		\N	\N	0.92000000000000004	0.40000000000000002
195	Drawer Box	Drawer Box		\N	000.024.003.051.00B	DBX	2011-01-01 18:53:57.083347	2011-02-02 20:44:02.397126	Buyout	Buyout_Drawerbox	Drawer	6		\N	\N	0.92000000000000004	0.40000000000000002
194	Drawer Box	Drawer Box		\N	000.024.005.051.00B	DBX	2011-01-01 18:53:57.077561	2011-02-02 20:45:23.093005	Buyout	Buyout_Drawerbox	Drawer	6		\N	\N	0.92000000000000004	0.40000000000000002
196	Drawer Box	Drawer Box		\N	000.024.004.051.00B	DBX	2011-01-01 18:53:57.088273	2011-02-02 20:46:46.395802	Buyout	Buyout_Drawerbox	Drawer	6		\N	\N	0.92000000000000004	0.40000000000000002
232	Decor Hamper Door - DR1	Decor Hamper Door - DR1 		\N	000.142.000.x.00B	DS-HD-DR1	2011-01-01 18:54:06.240982	2011-01-31 15:57:23.961105	Buyout	Buyout_Door	PremiumDoor	\N		\N	\N	0.92000000000000004	0.40000000000000002
235	Decor Hamper Door - KB732	Decor Hamper Door - KB732 		\N	000.145.000.x.00B	DS-HD-KB732	2011-01-01 18:54:06.561024	2011-01-31 15:57:56.38869	Buyout	Buyout_Door	PremiumDoor	\N		\N	\N	0.92000000000000004	0.40000000000000002
526	Decor Drawer Front - KB732	Decor Drawer Front - KB732 		\N	000.205.000.x.00B	DS-DF-KB732	2011-01-01 18:54:28.290566	2011-01-31 15:57:04.549739	Buyout	Buyout_Door	PremiumDrawerfront	\N		\N	\N	0.92000000000000004	0.40000000000000002
231	Decor Hamper Door - JR7	Decor Hamper Door - JR7 		\N	000.141.000.x.00B	DS-HD-JR7	2011-01-01 18:54:06.088072	2011-01-31 15:57:44.635195	Buyout	Buyout_Door	PremiumDoor	\N		\N	\N	0.92000000000000004	0.40000000000000002
529	Decor Door - DR8 | Cut for Glass	Decor Door - DR8 | Cut for Glass 		\N	000.123.000.x.00B	DS-D-DR8-CFG	2011-01-01 18:54:28.434684	2011-01-31 15:55:19.668652	Buyout	Buyout_Door	PremiumDoor	\N		\N	\N	0.92000000000000004	0.40000000000000002
700	Drawer Box | Birch	Drawer Box | Birch		\N	000.024.002.050.00B	DBX	2011-02-02 20:52:12.648575	2011-02-02 20:52:12.648575	Buyout	Buyout_Drawerbox	Drawer	6		\N	\N	0.92000000000000004	0.40000000000000002
702	Drawer Box | Birch	Drawer Box | Birch		\N	000.024.004.050.00B	DBX	2011-02-02 20:54:29.055837	2011-02-02 20:54:29.055837	Buyout	Buyout_Drawerbox	Drawer	6		\N	\N	0.92000000000000004	0.40000000000000002
699	Drawer Box | Birch	Drawer Box | Birch		\N	000.024.001.050.00B	DBX	2011-02-02 20:49:22.664801	2011-02-02 20:50:10.054808	Buyout	Buyout_Drawerbox	Drawer	6		\N	\N	0.92000000000000004	0.40000000000000002
\.


--
-- Data for Name: job_item_properties; Type: TABLE DATA; Schema: public; Owner: pg_orders
--

COPY job_item_properties (id, job_item_id, ingest_id, family, qualifier, module_names, value_str, created_at, updated_at) FROM stdin;
2072	1555	\N	dimensions	\N	Width,Depth	{"width":"24.000","depth":"14.000","linear_units":"in"}	2011-02-12 05:14:27.529459	2011-02-12 05:14:27.529459
2073	1555	\N	color	\N	Color	{"color":"Hardrock Maple"}	2011-02-12 05:14:27.57641	2011-02-12 05:14:27.57641
2074	1556	\N	dimensions	\N	Width,Depth	{"width":"24.000","depth":"14.000","linear_units":"in"}	2011-02-12 05:14:27.70497	2011-02-12 05:14:27.70497
2075	1556	\N	color	\N	Color	{"color":"Hardrock Maple"}	2011-02-12 05:14:27.720104	2011-02-12 05:14:27.720104
2076	1557	\N	dimensions	\N	Width,Depth,Height	{"height":"31.001","width":"25.500","depth":"14.000","linear_units":"in"}	2011-02-12 05:14:28.031514	2011-02-12 05:14:28.031514
2077	1557	\N	color	\N	Color	{"color":"Hardrock Maple"}	2011-02-12 05:14:28.081099	2011-02-12 05:14:28.081099
2078	1558	\N	dimensions	\N	Width,Depth,Height	{"height":"36.039","width":"25.500","depth":"20.000","linear_units":"in"}	2011-02-12 05:14:28.091881	2011-02-12 05:14:28.091881
2079	1558	\N	color	\N	Color	{"color":"Hardrock Maple"}	2011-02-12 05:14:28.150857	2011-02-12 05:14:28.150857
2080	1559	\N	dimensions	\N	Depth,Height	{"height":"85.125","depth":"14.000","linear_units":"in"}	2011-02-12 05:14:28.171231	2011-02-12 05:14:28.171231
2081	1559	\N	color	\N	Color	{"color":"Hardrock Maple"}	2011-02-12 05:14:28.310987	2011-02-12 05:14:28.310987
2082	1560	\N	dimensions	\N	Depth,Height	{"height":"85.125","depth":"20.000","linear_units":"in"}	2011-02-12 05:14:28.332249	2011-02-12 05:14:28.332249
2083	1560	\N	color	\N	Color	{"color":"Hardrock Maple"}	2011-02-12 05:14:28.344611	2011-02-12 05:14:28.344611
2084	1561	\N	dimensions	\N	Width,Depth	{"width":"25.500","depth":"24.000","linear_units":"in"}	2011-02-12 05:14:28.367292	2011-02-12 05:14:28.367292
2085	1561	\N	color	\N	Color	{"color":"Hardrock Maple"}	2011-02-12 05:14:28.37895	2011-02-12 05:14:28.37895
2086	1562	\N	dimensions	\N	Width,Height	{"height":"30.111","width":"12.625","linear_units":"in"}	2011-02-12 05:14:28.390301	2011-02-12 05:14:28.390301
2087	1562	\N	color	\N	Color	{"color":"Ruston Maple"}	2011-02-12 05:14:28.408871	2011-02-12 05:14:28.408871
2088	1563	\N	dimensions	\N	Width,Height	{"height":"12.475","width":"25.375","linear_units":"in"}	2011-02-12 05:14:28.419988	2011-02-12 05:14:28.419988
2089	1563	\N	color	\N	Color	{"color":"Ruston Maple"}	2011-02-12 05:14:28.438369	2011-02-12 05:14:28.438369
2090	1564	\N	dimensions	\N	Width,Height	{"height":"6.173","width":"24.625","linear_units":"in"}	2011-02-12 05:14:28.448365	2011-02-12 05:14:28.448365
2091	1564	\N	color	\N	Color	{"color":"Ruston Maple"}	2011-02-12 05:14:28.46312	2011-02-12 05:14:28.46312
2092	1565	\N	dimensions	\N	Width,Height	{"height":"8.693","width":"24.625","linear_units":"in"}	2011-02-12 05:14:28.473127	2011-02-12 05:14:28.473127
2093	1565	\N	color	\N	Color	{"color":"Ruston Maple"}	2011-02-12 05:14:28.487678	2011-02-12 05:14:28.487678
2094	1566	\N	dimensions	\N	Width,Height	{"height":"8.693","width":"25.375","linear_units":"in"}	2011-02-12 05:14:28.640269	2011-02-12 05:14:28.640269
2095	1566	\N	color	\N	Color	{"color":"Ruston Maple"}	2011-02-12 05:14:28.65709	2011-02-12 05:14:28.65709
2096	1567	\N	dimensions	\N	Width,Height	{"height":"6.173","width":"25.375","linear_units":"in"}	2011-02-12 05:14:28.667674	2011-02-12 05:14:28.667674
2097	1567	\N	color	\N	Color	{"color":"Ruston Maple"}	2011-02-12 05:14:28.684251	2011-02-12 05:14:28.684251
2098	1568	\N	dimensions	\N	Width,Height	{"height":"26.331","width":"24.625","linear_units":"in"}	2011-02-12 05:14:28.695539	2011-02-12 05:14:28.695539
2099	1568	\N	color	\N	Color	{"color":"Ruston Maple"}	2011-02-12 05:14:28.713138	2011-02-12 05:14:28.713138
2100	1569	\N	dimensions	\N	Width,Depth,Height	{"height":"9.500","width":"23.000","depth":"19.750","linear_units":"in"}	2011-02-12 05:14:28.723671	2011-02-12 05:14:28.723671
2101	1570	\N	dimensions	\N	Width,Depth,Height	{"height":"7.000","width":"23.000","depth":"19.750","linear_units":"in"}	2011-02-12 05:14:28.742822	2011-02-12 05:14:28.742822
2102	1571	\N	dimensions	\N	Width,Depth,Height	{"height":"7.000","width":"23.000","depth":"13.750","linear_units":"in"}	2011-02-12 05:14:28.760216	2011-02-12 05:14:28.760216
2103	1572	\N	dimensions	\N	Width,Depth,Height	{"height":"4.500","width":"23.000","depth":"19.750","linear_units":"in"}	2011-02-12 05:14:28.77527	2011-02-12 05:14:28.77527
2104	1573	\N	dimensions	\N	Width,Depth,Height	{"height":"4.500","width":"23.000","depth":"13.750","linear_units":"in"}	2011-02-12 05:14:28.790284	2011-02-12 05:14:28.790284
2105	1574	\N	dimensions	\N		{"linear_units":"in"}	2011-02-12 05:14:28.915724	2011-02-12 05:14:28.915724
2106	1575	\N	dimensions	\N		{"linear_units":"in"}	2011-02-12 05:14:28.928614	2011-02-12 05:14:28.928614
2107	1576	\N	dimensions	\N		{"linear_units":"in"}	2011-02-12 05:14:28.939784	2011-02-12 05:14:28.939784
2108	1577	\N	dimensions	\N		{"linear_units":"in"}	2011-02-12 05:14:28.950591	2011-02-12 05:14:28.950591
2109	1578	\N	dimensions	\N		{"linear_units":"in"}	2011-02-12 05:14:28.961363	2011-02-12 05:14:28.961363
2110	1579	\N	dimensions	\N	Width	{"width":"23.750","linear_units":"in"}	2011-02-12 05:14:28.971901	2011-02-12 05:14:28.971901
2111	1580	\N	dimensions	\N		{"linear_units":"in"}	2011-02-12 05:14:28.982143	2011-02-12 05:14:28.982143
2112	1581	\N	dimensions	\N		{"linear_units":"in"}	2011-02-12 05:14:28.992392	2011-02-12 05:14:28.992392
2113	1582	\N	dimensions	\N		{"linear_units":"in"}	2011-02-12 05:14:29.002784	2011-02-12 05:14:29.002784
2114	1583	\N	dimensions	\N		{"linear_units":"in"}	2011-02-12 05:14:29.012827	2011-02-12 05:14:29.012827
2115	1584	\N	dimensions	\N		{"linear_units":"in"}	2011-02-12 05:14:29.022914	2011-02-12 05:14:29.022914
2116	1585	\N	dimensions	\N		{"linear_units":"in"}	2011-02-12 05:14:29.032773	2011-02-12 05:14:29.032773
2117	1586	\N	dimensions	\N		{"linear_units":"in"}	2011-02-12 05:14:29.042503	2011-02-12 05:14:29.042503
2118	1587	\N	dimensions	\N		{"linear_units":"in"}	2011-02-12 05:14:29.052366	2011-02-12 05:14:29.052366
2119	1588	\N	dimensions	\N		{"linear_units":"in"}	2011-02-12 05:14:29.183099	2011-02-12 05:14:29.183099
2120	1589	\N	dimensions	\N		{"linear_units":"in"}	2011-02-12 05:14:29.197778	2011-02-12 05:14:29.197778
2121	1590	\N	dimensions	\N		{"linear_units":"in"}	2011-02-12 05:14:29.210275	2011-02-12 05:14:29.210275
2122	1591	\N	dimensions	\N		{"linear_units":"in"}	2011-02-12 05:14:29.221846	2011-02-12 05:14:29.221846
1958	1473	\N	dimensions	\N	Width,Depth	{"width":"24.000","linear_units":"in","depth":"14.000"}	2011-02-10 20:52:55.460475	2011-02-10 20:52:55.460475
1959	1473	\N	color	\N	Color	{"color":"Hardrock Maple"}	2011-02-10 20:52:55.475031	2011-02-10 20:52:55.475031
1960	1474	\N	dimensions	\N	Width,Depth	{"width":"24.000","linear_units":"in","depth":"14.000"}	2011-02-10 20:52:55.613127	2011-02-10 20:52:55.613127
1961	1474	\N	color	\N	Color	{"color":"Hardrock Maple"}	2011-02-10 20:52:55.62719	2011-02-10 20:52:55.62719
1962	1475	\N	dimensions	\N	Width,Depth,Height	{"height":"31.001","width":"25.500","linear_units":"in","depth":"14.000"}	2011-02-10 20:52:55.911593	2011-02-10 20:52:55.911593
1963	1475	\N	color	\N	Color	{"color":"Hardrock Maple"}	2011-02-10 20:52:55.964799	2011-02-10 20:52:55.964799
1964	1476	\N	dimensions	\N	Width,Depth,Height	{"height":"36.039","width":"25.500","linear_units":"in","depth":"20.000"}	2011-02-10 20:52:55.978751	2011-02-10 20:52:55.978751
1965	1476	\N	color	\N	Color	{"color":"Hardrock Maple"}	2011-02-10 20:52:56.048774	2011-02-10 20:52:56.048774
1966	1477	\N	dimensions	\N	Depth,Height	{"height":"85.125","linear_units":"in","depth":"14.000"}	2011-02-10 20:52:56.065978	2011-02-10 20:52:56.065978
1967	1477	\N	color	\N	Color	{"color":"Hardrock Maple"}	2011-02-10 20:52:56.077466	2011-02-10 20:52:56.077466
1968	1478	\N	dimensions	\N	Depth,Height	{"height":"85.125","linear_units":"in","depth":"20.000"}	2011-02-10 20:52:56.241336	2011-02-10 20:52:56.241336
1969	1478	\N	color	\N	Color	{"color":"Hardrock Maple"}	2011-02-10 20:52:56.255258	2011-02-10 20:52:56.255258
1970	1479	\N	dimensions	\N	Width,Depth	{"width":"25.500","linear_units":"in","depth":"24.000"}	2011-02-10 20:52:56.276604	2011-02-10 20:52:56.276604
1971	1479	\N	color	\N	Color	{"color":"Hardrock Maple"}	2011-02-10 20:52:56.288594	2011-02-10 20:52:56.288594
1972	1480	\N	dimensions	\N	Width,Height	{"height":"30.111","width":"12.625","linear_units":"in"}	2011-02-10 20:52:56.300235	2011-02-10 20:52:56.300235
1973	1480	\N	color	\N	Color	{"color":"Ruston Maple"}	2011-02-10 20:52:56.316329	2011-02-10 20:52:56.316329
1974	1481	\N	dimensions	\N	Width,Height	{"height":"12.475","width":"25.375","linear_units":"in"}	2011-02-10 20:52:56.328058	2011-02-10 20:52:56.328058
1975	1481	\N	color	\N	Color	{"color":"Ruston Maple"}	2011-02-10 20:52:56.348053	2011-02-10 20:52:56.348053
1976	1482	\N	dimensions	\N	Width,Height	{"height":"6.173","width":"24.625","linear_units":"in"}	2011-02-10 20:52:56.359828	2011-02-10 20:52:56.359828
1977	1482	\N	color	\N	Color	{"color":"Ruston Maple"}	2011-02-10 20:52:56.377261	2011-02-10 20:52:56.377261
1978	1483	\N	dimensions	\N	Width,Height	{"height":"8.693","width":"24.625","linear_units":"in"}	2011-02-10 20:52:56.388986	2011-02-10 20:52:56.388986
1979	1483	\N	color	\N	Color	{"color":"Ruston Maple"}	2011-02-10 20:52:56.4085	2011-02-10 20:52:56.4085
1980	1484	\N	dimensions	\N	Width,Height	{"height":"8.693","width":"25.375","linear_units":"in"}	2011-02-10 20:52:56.422	2011-02-10 20:52:56.422
1981	1484	\N	color	\N	Color	{"color":"Ruston Maple"}	2011-02-10 20:52:56.602158	2011-02-10 20:52:56.602158
1982	1485	\N	dimensions	\N	Width,Height	{"height":"6.173","width":"25.375","linear_units":"in"}	2011-02-10 20:52:56.617814	2011-02-10 20:52:56.617814
1983	1485	\N	color	\N	Color	{"color":"Ruston Maple"}	2011-02-10 20:52:56.640137	2011-02-10 20:52:56.640137
1984	1486	\N	dimensions	\N	Width,Height	{"height":"26.331","width":"24.625","linear_units":"in"}	2011-02-10 20:52:56.652975	2011-02-10 20:52:56.652975
1985	1486	\N	color	\N	Color	{"color":"Ruston Maple"}	2011-02-10 20:52:56.671088	2011-02-10 20:52:56.671088
1986	1487	\N	dimensions	\N	Width,Depth,Height	{"height":"9.500","width":"23.000","linear_units":"in","depth":"19.750"}	2011-02-10 20:52:56.681906	2011-02-10 20:52:56.681906
1987	1488	\N	dimensions	\N	Width,Depth,Height	{"height":"7.000","width":"23.000","linear_units":"in","depth":"19.750"}	2011-02-10 20:52:56.701542	2011-02-10 20:52:56.701542
1988	1489	\N	dimensions	\N	Width,Depth,Height	{"height":"7.000","width":"23.000","linear_units":"in","depth":"13.750"}	2011-02-10 20:52:56.721496	2011-02-10 20:52:56.721496
1989	1490	\N	dimensions	\N	Width,Depth,Height	{"height":"4.500","width":"23.000","linear_units":"in","depth":"19.750"}	2011-02-10 20:52:56.742147	2011-02-10 20:52:56.742147
1990	1491	\N	dimensions	\N	Width,Depth,Height	{"height":"4.500","width":"23.000","linear_units":"in","depth":"13.750"}	2011-02-10 20:52:56.759886	2011-02-10 20:52:56.759886
1991	1492	\N	dimensions	\N		{"linear_units":"in"}	2011-02-10 20:52:56.781406	2011-02-10 20:52:56.781406
1992	1493	\N	dimensions	\N		{"linear_units":"in"}	2011-02-10 20:52:56.795048	2011-02-10 20:52:56.795048
1993	1494	\N	dimensions	\N		{"linear_units":"in"}	2011-02-10 20:52:56.965655	2011-02-10 20:52:56.965655
1994	1495	\N	dimensions	\N		{"linear_units":"in"}	2011-02-10 20:52:56.98013	2011-02-10 20:52:56.98013
1995	1496	\N	dimensions	\N		{"linear_units":"in"}	2011-02-10 20:52:56.994883	2011-02-10 20:52:56.994883
1996	1497	\N	dimensions	\N	Width	{"width":"23.750","linear_units":"in"}	2011-02-10 20:52:57.008427	2011-02-10 20:52:57.008427
1997	1498	\N	dimensions	\N		{"linear_units":"in"}	2011-02-10 20:52:57.019898	2011-02-10 20:52:57.019898
1998	1499	\N	dimensions	\N		{"linear_units":"in"}	2011-02-10 20:52:57.031184	2011-02-10 20:52:57.031184
1999	1500	\N	dimensions	\N		{"linear_units":"in"}	2011-02-10 20:52:57.042395	2011-02-10 20:52:57.042395
2000	1501	\N	dimensions	\N		{"linear_units":"in"}	2011-02-10 20:52:57.053356	2011-02-10 20:52:57.053356
2001	1502	\N	dimensions	\N		{"linear_units":"in"}	2011-02-10 20:52:57.064376	2011-02-10 20:52:57.064376
2002	1503	\N	dimensions	\N		{"linear_units":"in"}	2011-02-10 20:52:57.075296	2011-02-10 20:52:57.075296
2003	1504	\N	dimensions	\N		{"linear_units":"in"}	2011-02-10 20:52:57.08626	2011-02-10 20:52:57.08626
2004	1505	\N	dimensions	\N		{"linear_units":"in"}	2011-02-10 20:52:57.097227	2011-02-10 20:52:57.097227
2005	1506	\N	dimensions	\N		{"linear_units":"in"}	2011-02-10 20:52:57.107981	2011-02-10 20:52:57.107981
2006	1507	\N	dimensions	\N		{"linear_units":"in"}	2011-02-10 20:52:57.118482	2011-02-10 20:52:57.118482
2007	1508	\N	dimensions	\N		{"linear_units":"in"}	2011-02-10 20:52:57.257881	2011-02-10 20:52:57.257881
2008	1509	\N	dimensions	\N		{"linear_units":"in"}	2011-02-10 20:52:57.27386	2011-02-10 20:52:57.27386
2009	1510	\N	dimensions	\N	Width,Depth	{"width":"30.000","linear_units":"in","depth":"16.000"}	2011-02-10 21:40:41.361489	2011-02-10 21:40:41.361489
2010	1510	\N	color	\N	Color	{"color":"White"}	2011-02-10 21:40:41.376318	2011-02-10 21:40:41.376318
2011	1511	\N	dimensions	\N	Width,Depth	{"width":"36.000","linear_units":"in","depth":"12.000"}	2011-02-10 21:40:41.387963	2011-02-10 21:40:41.387963
2012	1511	\N	color	\N	Color	{"color":"White"}	2011-02-10 21:40:41.401323	2011-02-10 21:40:41.401323
2013	1512	\N	dimensions	\N	Width,Depth	{"width":"28.875","linear_units":"in","depth":"12.000"}	2011-02-10 21:40:41.412294	2011-02-10 21:40:41.412294
2014	1512	\N	color	\N	Color	{"color":"White"}	2011-02-10 21:40:41.425252	2011-02-10 21:40:41.425252
2015	1513	\N	dimensions	\N	Width,Depth	{"width":"30.000","linear_units":"in","depth":"16.000"}	2011-02-10 21:40:41.435884	2011-02-10 21:40:41.435884
2016	1513	\N	color	\N	Color	{"color":"White"}	2011-02-10 21:40:41.448305	2011-02-10 21:40:41.448305
2017	1514	\N	dimensions	\N	Width,Depth	{"width":"25.000","linear_units":"in","depth":"16.000"}	2011-02-10 21:40:41.458446	2011-02-10 21:40:41.458446
2018	1514	\N	color	\N	Color	{"color":"White"}	2011-02-10 21:40:41.470629	2011-02-10 21:40:41.470629
2019	1515	\N	dimensions	\N	Width,Depth	{"width":"24.375","linear_units":"in","depth":"16.000"}	2011-02-10 21:40:41.480855	2011-02-10 21:40:41.480855
2020	1515	\N	color	\N	Color	{"color":"White"}	2011-02-10 21:40:41.493888	2011-02-10 21:40:41.493888
2021	1516	\N	dimensions	\N	Width,Depth	{"width":"30.000","linear_units":"in","depth":"12.000"}	2011-02-10 21:40:41.50398	2011-02-10 21:40:41.50398
2022	1516	\N	color	\N	Color	{"color":"White"}	2011-02-10 21:40:41.516305	2011-02-10 21:40:41.516305
2023	1517	\N	dimensions	\N	Width,Depth	{"width":"34.875","linear_units":"in","depth":"12.000"}	2011-02-10 21:40:41.661402	2011-02-10 21:40:41.661402
2024	1517	\N	color	\N	Color	{"color":"White"}	2011-02-10 21:40:41.675607	2011-02-10 21:40:41.675607
2025	1518	\N	dimensions	\N	Depth,Height	{"height":"47.750","linear_units":"in","depth":"12.000"}	2011-02-10 21:40:41.711794	2011-02-10 21:40:41.711794
2026	1518	\N	color	\N	Color	{"color":"White"}	2011-02-10 21:40:41.722897	2011-02-10 21:40:41.722897
2027	1519	\N	dimensions	\N	Width,Height	{"height":"2.500","width":"30.000","linear_units":"in"}	2011-02-10 21:40:41.734566	2011-02-10 21:40:41.734566
2028	1519	\N	color	\N	Color	{"color":"White"}	2011-02-10 21:40:41.751058	2011-02-10 21:40:41.751058
2029	1520	\N	dimensions	\N	Depth,Height	{"height":"85.125","linear_units":"in","depth":"16.000"}	2011-02-10 21:40:41.774257	2011-02-10 21:40:41.774257
2030	1520	\N	color	\N	Color	{"color":"White"}	2011-02-10 21:40:41.785309	2011-02-10 21:40:41.785309
2031	1521	\N	dimensions	\N	Depth,Height	{"height":"85.125","linear_units":"in","depth":"16.000"}	2011-02-10 21:40:41.802269	2011-02-10 21:40:41.802269
2032	1521	\N	color	\N	Color	{"color":"White"}	2011-02-10 21:40:41.81498	2011-02-10 21:40:41.81498
2033	1522	\N	dimensions	\N	Depth,Height	{"height":"85.125","linear_units":"in","depth":"16.000"}	2011-02-10 21:40:41.988456	2011-02-10 21:40:41.988456
2034	1522	\N	color	\N	Color	{"color":"White"}	2011-02-10 21:40:42.000258	2011-02-10 21:40:42.000258
2035	1523	\N	dimensions	\N	Width,Height	{"height":"6.173","width":"30.625","linear_units":"in"}	2011-02-10 21:40:42.012058	2011-02-10 21:40:42.012058
2036	1523	\N	color	\N	Color	{"color":"White"}	2011-02-10 21:40:42.028435	2011-02-10 21:40:42.028435
2037	1524	\N	dimensions	\N	Width,Height	{"height":"8.693","width":"30.625","linear_units":"in"}	2011-02-10 21:40:42.03946	2011-02-10 21:40:42.03946
2038	1524	\N	color	\N	Color	{"color":"White"}	2011-02-10 21:40:42.056351	2011-02-10 21:40:42.056351
2039	1525	\N	dimensions	\N	Width,Height	{"height":"26.331","width":"30.625","linear_units":"in"}	2011-02-10 21:40:42.066982	2011-02-10 21:40:42.066982
2040	1525	\N	color	\N	Color	{"color":"White"}	2011-02-10 21:40:42.082574	2011-02-10 21:40:42.082574
2041	1526	\N	dimensions	\N	Width,Depth,Height	{"height":"7.000","width":"29.000","linear_units":"in","depth":"15.750"}	2011-02-10 21:40:42.093432	2011-02-10 21:40:42.093432
2042	1526	\N	color	\N	Color	{"color":"White"}	2011-02-10 21:40:42.103781	2011-02-10 21:40:42.103781
2043	1527	\N	dimensions	\N	Width,Depth,Height	{"height":"4.500","width":"29.000","linear_units":"in","depth":"15.750"}	2011-02-10 21:40:42.114704	2011-02-10 21:40:42.114704
2044	1527	\N	color	\N	Color	{"color":"White"}	2011-02-10 21:40:42.126348	2011-02-10 21:40:42.126348
2045	1528	\N	dimensions	\N		{"linear_units":"in"}	2011-02-10 21:40:42.137263	2011-02-10 21:40:42.137263
2046	1529	\N	dimensions	\N		{"linear_units":"in"}	2011-02-10 21:40:42.148909	2011-02-10 21:40:42.148909
2047	1530	\N	dimensions	\N		{"linear_units":"in"}	2011-02-10 21:40:42.301013	2011-02-10 21:40:42.301013
2048	1531	\N	dimensions	\N		{"linear_units":"in"}	2011-02-10 21:40:42.315715	2011-02-10 21:40:42.315715
2049	1532	\N	dimensions	\N		{"linear_units":"in"}	2011-02-10 21:40:42.329663	2011-02-10 21:40:42.329663
2050	1533	\N	dimensions	\N		{"linear_units":"in"}	2011-02-10 21:40:42.342757	2011-02-10 21:40:42.342757
2051	1534	\N	dimensions	\N	Width	{"width":"34.625","linear_units":"in"}	2011-02-10 21:40:42.356521	2011-02-10 21:40:42.356521
2052	1535	\N	dimensions	\N	Width	{"width":"29.750","linear_units":"in"}	2011-02-10 21:40:42.368012	2011-02-10 21:40:42.368012
2053	1536	\N	dimensions	\N	Width	{"width":"35.750","linear_units":"in"}	2011-02-10 21:40:42.378723	2011-02-10 21:40:42.378723
2054	1537	\N	dimensions	\N	Width	{"width":"28.625","linear_units":"in"}	2011-02-10 21:40:42.389285	2011-02-10 21:40:42.389285
2055	1538	\N	dimensions	\N		{"linear_units":"in"}	2011-02-10 21:40:42.402317	2011-02-10 21:40:42.402317
2056	1539	\N	dimensions	\N		{"linear_units":"in"}	2011-02-10 21:40:42.414558	2011-02-10 21:40:42.414558
2057	1540	\N	dimensions	\N		{"linear_units":"in"}	2011-02-10 21:40:42.425887	2011-02-10 21:40:42.425887
2058	1541	\N	dimensions	\N		{"linear_units":"in"}	2011-02-10 21:40:42.43793	2011-02-10 21:40:42.43793
2059	1542	\N	dimensions	\N		{"linear_units":"in"}	2011-02-10 21:40:42.449257	2011-02-10 21:40:42.449257
2060	1543	\N	dimensions	\N		{"linear_units":"in"}	2011-02-10 21:40:42.461111	2011-02-10 21:40:42.461111
2061	1544	\N	dimensions	\N		{"linear_units":"in"}	2011-02-10 21:40:42.472673	2011-02-10 21:40:42.472673
2062	1545	\N	dimensions	\N		{"linear_units":"in"}	2011-02-10 21:40:42.614796	2011-02-10 21:40:42.614796
2063	1546	\N	dimensions	\N		{"linear_units":"in"}	2011-02-10 21:40:42.63023	2011-02-10 21:40:42.63023
2064	1547	\N	dimensions	\N		{"linear_units":"in"}	2011-02-10 21:40:42.644708	2011-02-10 21:40:42.644708
2065	1548	\N	dimensions	\N		{"linear_units":"in"}	2011-02-10 21:40:42.657691	2011-02-10 21:40:42.657691
2066	1549	\N	dimensions	\N		{"linear_units":"in"}	2011-02-10 21:40:42.671689	2011-02-10 21:40:42.671689
2067	1550	\N	dimensions	\N		{"linear_units":"in"}	2011-02-10 21:40:42.684311	2011-02-10 21:40:42.684311
2068	1551	\N	dimensions	\N		{"linear_units":"in"}	2011-02-10 21:40:42.695563	2011-02-10 21:40:42.695563
2069	1552	\N	dimensions	\N		{"linear_units":"in"}	2011-02-10 21:40:42.706244	2011-02-10 21:40:42.706244
2070	1553	\N	dimensions	\N		{"linear_units":"in"}	2011-02-10 21:40:42.71666	2011-02-10 21:40:42.71666
2071	1554	\N	dimensions	\N		{"linear_units":"in"}	2011-02-10 21:40:42.728196	2011-02-10 21:40:42.728196
\.


--
-- Data for Name: job_items; Type: TABLE DATA; Schema: public; Owner: pg_orders
--

COPY job_items (id, job_id, item_id, ingest_id, quantity, comment, created_at, updated_at, unit_price, tracking_id, ingest_desc, override_price) FROM stdin;
1555	122	227	000.935.011.010.00M	3		2011-02-12 05:14:27.51108	2011-02-12 05:14:27.51108	7.4499000000000004	1	CL Adj Safety Shelf | Hardrock Maple	\N
1556	122	44	000.930.011.010.00M	5		2011-02-12 05:14:27.699481	2011-02-12 05:14:27.699481	7.4498800000000003	2	CL Cam Shelf | Hardrock Maple	\N
1557	122	694	000.306.922.010.00M	1		2011-02-12 05:14:28.025563	2011-02-12 05:14:28.025563	58.171199999999999	3	CL Hutch 2 Door | Hardrock Maple	\N
1558	122	531	000.300.131.010.00M	1		2011-02-12 05:14:28.087105	2011-02-12 05:14:28.087105	50.303800000000003	4	CL Hutch Base | Hardrock Maple	\N
1559	122	34	000.912.271.010.00M	2		2011-02-12 05:14:28.166608	2011-02-12 05:14:28.166608	25.097249999999999	5	CL Upright Partition - BaseNotch - Thru | Hardrock Maple	\N
1560	122	34	000.912.273.010.00M	1		2011-02-12 05:14:28.326917	2011-02-12 05:14:28.326917	35.429900000000004	6	CL Upright Partition - BaseNotch - Thru | Hardrock Maple	\N
1561	122	18	000.401.000.010.00M	1		2011-02-12 05:14:28.361837	2011-02-12 05:14:28.361837	9.0900999999999996	7	CTOP - 3/4 in. melamine | Hardrock Maple	\N
1562	122	518	000.102.000.010.00B	2		2011-02-12 05:14:28.385566	2011-02-12 05:14:28.385566	44.137549999999997	8	Decor Door - DR1 | Hardrock Maple	\N
1563	122	523	000.202.000.010.00B	1		2011-02-12 05:14:28.415237	2011-02-12 05:14:28.415237	43.108899999999998	9	Decor Drawer Front - DR1 | Hardrock Maple	\N
1564	122	523	000.202.000.010.00B	1		2011-02-12 05:14:28.444238	2011-02-12 05:14:28.444238	24.174299999999999	10	Decor Drawer Front - DR1 | Hardrock Maple	\N
1565	122	523	000.202.000.010.00B	1		2011-02-12 05:14:28.468909	2011-02-12 05:14:28.468909	31.315200000000001	11	Decor Drawer Front - DR1 | Hardrock Maple	\N
1566	122	523	000.202.000.010.00B	1		2011-02-12 05:14:28.634529	2011-02-12 05:14:28.634529	32.0655	12	Decor Drawer Front - DR1 | Hardrock Maple	\N
1567	122	523	000.202.000.010.00B	2		2011-02-12 05:14:28.66308	2011-02-12 05:14:28.66308	24.707049999999999	13	Decor Drawer Front - DR1 | Hardrock Maple	\N
1568	122	232	000.142.000.010.00B	1		2011-02-12 05:14:28.69095	2011-02-12 05:14:28.69095	75.006	14	Decor Hamper Door - DR1 | Hardrock Maple	\N
1569	122	702	000.024.004.050.00B	1		2011-02-12 05:14:28.718234	2011-02-12 05:14:28.718234	34.392800000000001	15	Drawer Box | Birch	\N
1570	122	701	000.024.003.050.00B	1		2011-02-12 05:14:28.738471	2011-02-12 05:14:28.738471	30.055800000000001	16	Drawer Box | Birch	\N
1571	122	701	000.024.003.050.00B	1		2011-02-12 05:14:28.755959	2011-02-12 05:14:28.755959	25.551400000000001	17	Drawer Box | Birch	\N
1572	122	700	000.024.002.050.00B	2		2011-02-12 05:14:28.771111	2011-02-12 05:14:28.771111	25.71885	18	Drawer Box | Birch	\N
1573	122	700	000.024.002.050.00B	1		2011-02-12 05:14:28.786128	2011-02-12 05:14:28.786128	21.8232	19	Drawer Box | Birch	\N
1574	122	217	000.104.700.000.00I	6		2011-02-12 05:14:28.910609	2011-02-12 05:14:28.910609	0.0200166666666667	20	ZH Bumper Stop	\N
1575	122	236	000.263.050.705.00I	20		2011-02-12 05:14:28.923823	2011-02-12 05:14:28.923823	0.106665	21	ZH Cam - Flush | White	\N
1576	122	156	000.263.024.972.00I	2		2011-02-12 05:14:28.935451	2011-02-12 05:14:28.935451	0.081799999999999998	22	ZH Cam (Double Stud)	\N
1577	122	155	000.263.020.847.00I	16		2011-02-12 05:14:28.946271	2011-02-12 05:14:28.946271	0.047	23	ZH Cam (Screw-In Stud)	\N
1578	122	238	000.263.059.430.00I	20		2011-02-12 05:14:28.95707	2011-02-12 05:14:28.95707	0.011780000000000001	24	ZH Cam Cover | Beige	\N
1579	122	100	000.801.042.100.00I	1		2011-02-12 05:14:28.967664	2011-02-12 05:14:28.967664	3.5977999999999999	25	ZH Closet Rod | Oil Rubbed Bronze	\N
1580	122	172	000.FU3.173.314.00I	2		2011-02-12 05:14:28.97803	2011-02-12 05:14:28.97803	3.5055499999999999	26	ZH Drawer Slide | Full ext | 14 inch	\N
1581	122	175	000.FU3.173.320.00I	4		2011-02-12 05:14:28.988281	2011-02-12 05:14:28.988281	5.1073750000000002	27	ZH Drawer Slide | Full ext | 20 inch	\N
1582	122	221	000.365.075.710.00P	2		2011-02-12 05:14:28.99866	2011-02-12 05:14:28.99866	2.1077499999999998	28	ZH Flap Stay | White	\N
1583	122	4	000.117.031.334.00I	9		2011-02-12 05:14:29.008763	2011-02-12 05:14:29.008763	1.0444444444444401	29	ZH Handle Bronze | 128mm	\N
1584	122	200	000.100.520.000.00I	2		2011-02-12 05:14:29.018857	2011-02-12 05:14:29.018857	1.3539000000000001	30	ZH Hinge | Half Overlay	\N
1585	122	199	000.102.500.000.00I	2		2011-02-12 05:14:29.028807	2011-02-12 05:14:29.028807	0.61539999999999995	31	ZH Hinge Plate	\N
1586	122	103	000.803.056.100.00I	2		2011-02-12 05:14:29.038644	2011-02-12 05:14:29.038644	2.2133500000000002	32	ZH Pole Cups (pair) | Oil Rubbed Bronze	\N
1587	122	218	000.022.035.234.00I	2		2011-02-12 05:14:29.048387	2011-02-12 05:14:29.048387	0.0339	33	ZH Screw (Doors Handles)	\N
1588	122	219	000.022.035.259.00I	4		2011-02-12 05:14:29.058348	2011-02-12 05:14:29.058348	0.039550000000000002	34	ZH Screw (Drawer Front Handles DR1)	\N
1589	122	201	000.100.300.000.00I	8		2011-02-12 05:14:29.192211	2011-02-12 05:14:29.192211	0.014812499999999999	35	ZH Screw (Euro)	\N
1590	122	228	000.282.024.720.00I	12		2011-02-12 05:14:29.205182	2011-02-12 05:14:29.205182	0.116466666666667	36	ZH Shelf Pin (Safety Shelf)	\N
1591	122	160	000.547.043.303.00P	1		2011-02-12 05:14:29.21726	2011-02-12 05:14:29.21726	63.477800000000002	37	ZH Tilt-Out Hamper (24)	\N
1489	120	701	000.024.003.050.00B	1		2011-02-10 20:52:56.716097	2011-02-10 20:52:56.716097	25.551400000000001	17	Drawer Box | Birch	\N
1488	120	701	000.024.003.050.00B	1		2011-02-10 20:52:56.695748	2011-02-10 20:52:56.695748	30.055800000000001	16	Drawer Box | Birch	\N
1473	120	227	000.935.011.010.00M	3		2011-02-10 20:52:55.454902	2011-02-10 20:52:55.454902	7.4499000000000004	1	CL Adj Safety Shelf | Hardrock Maple	\N
1474	120	44	000.930.011.010.00M	5		2011-02-10 20:52:55.607893	2011-02-10 20:52:55.607893	7.4498800000000003	2	CL Cam Shelf | Hardrock Maple	\N
1475	120	694	000.306.922.010.00M	1		2011-02-10 20:52:55.905249	2011-02-10 20:52:55.905249	58.171199999999999	3	CL Hutch 2 Door | Hardrock Maple	\N
1476	120	531	000.300.131.010.00M	1		2011-02-10 20:52:55.972864	2011-02-10 20:52:55.972864	50.303800000000003	4	CL Hutch Base | Hardrock Maple	\N
1477	120	34	000.912.271.010.00M	2		2011-02-10 20:52:56.061025	2011-02-10 20:52:56.061025	25.097249999999999	5	CL Upright Partition - BaseNotch - Thru | Hardrock Maple	\N
1478	120	34	000.912.273.010.00M	1		2011-02-10 20:52:56.229485	2011-02-10 20:52:56.229485	35.429900000000004	6	CL Upright Partition - BaseNotch - Thru | Hardrock Maple	\N
1479	120	18	000.401.000.010.00M	1		2011-02-10 20:52:56.27157	2011-02-10 20:52:56.27157	9.0900999999999996	7	CTOP - 3/4 in. melamine | Hardrock Maple	\N
1480	120	518	000.102.000.010.00B	2		2011-02-10 20:52:56.295443	2011-02-10 20:52:56.295443	44.137549999999997	8	Decor Door - DR1 | Hardrock Maple	\N
1481	120	523	000.202.000.010.00B	1		2011-02-10 20:52:56.323084	2011-02-10 20:52:56.323084	43.108899999999998	9	Decor Drawer Front - DR1 | Hardrock Maple	\N
1482	120	523	000.202.000.010.00B	1		2011-02-10 20:52:56.354216	2011-02-10 20:52:56.354216	24.174299999999999	10	Decor Drawer Front - DR1 | Hardrock Maple	\N
1483	120	523	000.202.000.010.00B	1		2011-02-10 20:52:56.384084	2011-02-10 20:52:56.384084	31.315200000000001	11	Decor Drawer Front - DR1 | Hardrock Maple	\N
1484	120	523	000.202.000.010.00B	1		2011-02-10 20:52:56.416686	2011-02-10 20:52:56.416686	32.0655	12	Decor Drawer Front - DR1 | Hardrock Maple	\N
1485	120	523	000.202.000.010.00B	2		2011-02-10 20:52:56.61139	2011-02-10 20:52:56.61139	24.707049999999999	13	Decor Drawer Front - DR1 | Hardrock Maple	\N
1486	120	232	000.142.000.010.00B	1		2011-02-10 20:52:56.647411	2011-02-10 20:52:56.647411	75.006	14	Decor Hamper Door - DR1 | Hardrock Maple	\N
1487	120	702	000.024.004.050.00B	1		2011-02-10 20:52:56.677046	2011-02-10 20:52:56.677046	34.392800000000001	15	Drawer Box | Birch	\N
1490	120	700	000.024.002.050.00B	2		2011-02-10 20:52:56.736967	2011-02-10 20:52:56.736967	25.71885	18	Drawer Box | Birch	\N
1491	120	700	000.024.002.050.00B	1		2011-02-10 20:52:56.755016	2011-02-10 20:52:56.755016	21.8232	19	Drawer Box | Birch	\N
1492	120	217	000.104.700.000.00I	6		2011-02-10 20:52:56.775489	2011-02-10 20:52:56.775489	0.0200166666666667	20	ZH Bumper Stop	\N
1493	120	236	000.263.050.705.00I	20		2011-02-10 20:52:56.789731	2011-02-10 20:52:56.789731	0.106665	21	ZH Cam - Flush | White	\N
1494	120	156	000.263.024.972.00I	2		2011-02-10 20:52:56.959433	2011-02-10 20:52:56.959433	0.081799999999999998	22	ZH Cam (Double Stud)	\N
1495	120	155	000.263.020.847.00I	16		2011-02-10 20:52:56.974251	2011-02-10 20:52:56.974251	0.047	23	ZH Cam (Screw-In Stud)	\N
1496	120	238	000.263.059.430.00I	20		2011-02-10 20:52:56.988841	2011-02-10 20:52:56.988841	0.011780000000000001	24	ZH Cam Cover | Beige	\N
1497	120	100	000.801.042.100.00I	1		2011-02-10 20:52:57.003054	2011-02-10 20:52:57.003054	3.5977999999999999	25	ZH Closet Rod | Oil Rubbed Bronze	\N
1498	120	172	000.FU3.173.314.00I	2		2011-02-10 20:52:57.015365	2011-02-10 20:52:57.015365	3.5055499999999999	26	ZH Drawer Slide | Full ext | 14 inch	\N
1499	120	175	000.FU3.173.320.00I	4		2011-02-10 20:52:57.026748	2011-02-10 20:52:57.026748	5.1073750000000002	27	ZH Drawer Slide | Full ext | 20 inch	\N
1500	120	221	000.365.075.710.00P	2		2011-02-10 20:52:57.037867	2011-02-10 20:52:57.037867	2.1077499999999998	28	ZH Flap Stay | White	\N
1501	120	4	000.117.031.334.00I	9		2011-02-10 20:52:57.048898	2011-02-10 20:52:57.048898	1.0444444444444401	29	ZH Handle Bronze | 128mm	\N
1502	120	200	000.100.520.000.00I	2		2011-02-10 20:52:57.05997	2011-02-10 20:52:57.05997	1.3539000000000001	30	ZH Hinge | Half Overlay	\N
1503	120	199	000.102.500.000.00I	2		2011-02-10 20:52:57.070961	2011-02-10 20:52:57.070961	0.61539999999999995	31	ZH Hinge Plate	\N
1504	120	103	000.803.056.100.00I	2		2011-02-10 20:52:57.081887	2011-02-10 20:52:57.081887	2.2133500000000002	32	ZH Pole Cups (pair) | Oil Rubbed Bronze	\N
1505	120	218	000.022.035.234.00I	2		2011-02-10 20:52:57.092793	2011-02-10 20:52:57.092793	0.0339	33	ZH Screw (Doors Handles)	\N
1506	120	219	000.022.035.259.00I	4		2011-02-10 20:52:57.103722	2011-02-10 20:52:57.103722	0.039550000000000002	34	ZH Screw (Drawer Front Handles DR1)	\N
1507	120	201	000.100.300.000.00I	8		2011-02-10 20:52:57.114291	2011-02-10 20:52:57.114291	0.014812499999999999	35	ZH Screw (Euro)	\N
1508	120	228	000.282.024.720.00I	12		2011-02-10 20:52:57.124925	2011-02-10 20:52:57.124925	0.116466666666667	36	ZH Shelf Pin (Safety Shelf)	\N
1509	120	160	000.547.043.303.00P	1		2011-02-10 20:52:57.267188	2011-02-10 20:52:57.267188	63.477800000000002	37	ZH Tilt-Out Hamper (24)	\N
1510	121	45	000.931.022.001.00M	4		2011-02-10 21:40:41.355892	2011-02-10 21:40:41.355892	7.2066499999999998	1	CL Adjustable Shelf | White	\N
1511	121	44	000.930.030.001.00M	6		2011-02-10 21:40:41.383083	2011-02-10 21:40:41.383083	7.4105666666666696	2	CL Cam Shelf | White	\N
1512	121	44	000.930.030.001.00M	2		2011-02-10 21:40:41.407595	2011-02-10 21:40:41.407595	5.9439000000000002	3	CL Cam Shelf | White	\N
1513	121	44	000.930.022.001.00M	8		2011-02-10 21:40:41.431385	2011-02-10 21:40:41.431385	8.1675374999999999	4	CL Cam Shelf | White	\N
1514	121	44	000.930.022.001.00M	1		2011-02-10 21:40:41.454203	2011-02-10 21:40:41.454203	6.8063000000000002	5	CL Cam Shelf | White	\N
1515	121	44	000.930.022.001.00M	1		2011-02-10 21:40:41.476579	2011-02-10 21:40:41.476579	6.6360999999999999	6	CL Cam Shelf | White	\N
1516	121	44	000.930.020.001.00M	2		2011-02-10 21:40:41.499924	2011-02-10 21:40:41.499924	6.1754499999999997	7	CL Cam Shelf | White	\N
1517	121	44	000.930.040.001.00M	2		2011-02-10 21:40:41.522155	2011-02-10 21:40:41.522155	7.1790000000000003	8	CL Cam Shelf | White	\N
1518	121	40	000.910.250.001.00M	8		2011-02-10 21:40:41.706915	2011-02-10 21:40:41.706915	13.620975	9	CL Hanging Partition - Radius - Thru | White	\N
1519	121	563	000.970.030.001.00M	2		2011-02-10 21:40:41.728689	2011-02-10 21:40:41.728689	3.7351000000000001	10	CL Toe Kick | White	\N
1520	121	38	000.911.172.001.00M	1		2011-02-10 21:40:41.769293	2011-02-10 21:40:41.769293	21.926200000000001	11	CL Upright Partition - Left | White	\N
1521	121	39	000.911.372.001.00M	1		2011-02-10 21:40:41.797422	2011-02-10 21:40:41.797422	21.926200000000001	12	CL Upright Partition - Right | White	\N
1522	121	37	000.911.272.001.00M	1		2011-02-10 21:40:41.983469	2011-02-10 21:40:41.983469	21.926200000000001	13	CL Upright Partition - Thru | White	\N
1523	121	524	000.203.000.001.00B	2		2011-02-10 21:40:42.006371	2011-02-10 21:40:42.006371	16.589600000000001	14	Decor Drawer Front - DR8 | White	\N
1524	121	524	000.203.000.001.00B	5		2011-02-10 21:40:42.034256	2011-02-10 21:40:42.034256	20.62632	15	Decor Drawer Front - DR8 | White	\N
1525	121	233	000.143.000.001.00B	1		2011-02-10 21:40:42.062409	2011-02-10 21:40:42.062409	42.571199999999997	16	Decor Hamper Door - DR8 | White	\N
1526	121	195	000.024.003.051.00B	5		2011-02-10 21:40:42.088479	2011-02-10 21:40:42.088479	30.282160000000001	17	Drawer Box	\N
1527	121	198	000.024.002.051.00B	2		2011-02-10 21:40:42.110306	2011-02-10 21:40:42.110306	25.823350000000001	18	Drawer Box	\N
1528	121	64	000.807.067.113.00P	2		2011-02-10 21:40:42.13258	2011-02-10 21:40:42.13258	24.699999999999999	19	ZH Belt Rack | Oil Rubbed Bronze	\N
1529	121	217	000.104.700.000.00I	16		2011-02-10 21:40:42.144354	2011-02-10 21:40:42.144354	0.02000625	20	ZH Bumper Stop	\N
1530	121	236	000.263.050.705.00I	108		2011-02-10 21:40:42.155736	2011-02-10 21:40:42.155736	0.10666666666666701	21	ZH Cam - Flush | White	\N
1531	121	156	000.263.024.972.00I	25		2011-02-10 21:40:42.309675	2011-02-10 21:40:42.309675	0.081776000000000001	22	ZH Cam (Double Stud)	\N
1532	121	155	000.263.020.847.00I	52		2011-02-10 21:40:42.324562	2011-02-10 21:40:42.324562	0.047	23	ZH Cam (Screw-In Stud)	\N
1533	121	237	000.263.059.730.00I	108		2011-02-10 21:40:42.337549	2011-02-10 21:40:42.337549	0.0117777777777778	24	ZH Cam Cover | White	\N
1534	121	100	000.801.042.100.00I	2		2011-02-10 21:40:42.350282	2011-02-10 21:40:42.350282	5.3966500000000002	25	ZH Closet Rod | Oil Rubbed Bronze	\N
1535	121	100	000.801.042.100.00I	1		2011-02-10 21:40:42.363562	2011-02-10 21:40:42.363562	5.3967000000000001	26	ZH Closet Rod | Oil Rubbed Bronze	\N
1536	121	100	000.801.042.100.00I	6		2011-02-10 21:40:42.374462	2011-02-10 21:40:42.374462	5.3966666666666701	27	ZH Closet Rod | Oil Rubbed Bronze	\N
1537	121	100	000.801.042.100.00I	1		2011-02-10 21:40:42.384997	2011-02-10 21:40:42.384997	5.3967000000000001	28	ZH Closet Rod | Oil Rubbed Bronze	\N
1538	121	166	007.111.KSC.16W.00I	7		2011-02-10 21:40:42.39763	2011-02-10 21:40:42.39763	1.01257142857143	29	ZH Drawer Slide | 3/4 ext | 16 inch	\N
1539	121	221	000.365.075.710.00P	2		2011-02-10 21:40:42.409654	2011-02-10 21:40:42.409654	2.1077499999999998	30	ZH Flap Stay | White	\N
1540	121	4	000.117.031.334.00I	8		2011-02-10 21:40:42.42134	2011-02-10 21:40:42.42134	1.0444500000000001	31	ZH Handle Bronze | 128mm	\N
1541	121	104	000.290.002.711.00I	2		2011-02-10 21:40:42.432577	2011-02-10 21:40:42.432577	1.0222	32	ZH Hang Bracket | Left	\N
1542	121	105	000.290.002.710.00I	2		2011-02-10 21:40:42.444876	2011-02-10 21:40:42.444876	1.0222	33	ZH Hang Bracket | Right	\N
1543	121	107	000.290.011.901.00I	4		2011-02-10 21:40:42.456423	2011-02-10 21:40:42.456423	3.3199999999999998	34	ZH Hang Rail	\N
1544	121	590	000.290.012.781.00I	4		2011-02-10 21:40:42.467953	2011-02-10 21:40:42.467953	1.5	35	ZH Hang Rail Cover | White	\N
1545	121	200	000.100.520.000.00I	2		2011-02-10 21:40:42.608607	2011-02-10 21:40:42.608607	1.3539000000000001	36	ZH Hinge | Half Overlay	\N
1546	121	199	000.102.500.000.00I	2		2011-02-10 21:40:42.62431	2011-02-10 21:40:42.62431	0.61539999999999995	37	ZH Hinge Plate	\N
1547	121	103	000.803.056.100.00I	20		2011-02-10 21:40:42.639517	2011-02-10 21:40:42.639517	2.2133349999999998	38	ZH Pole Cups (pair) | Oil Rubbed Bronze	\N
1548	121	218	000.022.035.234.00I	2		2011-02-10 21:40:42.652739	2011-02-10 21:40:42.652739	0.0339	39	ZH Screw (Doors Handles)	\N
1549	121	220	000.022.035.350.00I	14		2011-02-10 21:40:42.666693	2011-02-10 21:40:42.666693	0.047885714285714302	40	ZH Screw (Drawer Front Handles)	\N
1550	121	202	000.104.900.000.00I	56		2011-02-10 21:40:42.678974	2011-02-10 21:40:42.678974	0.0086428571428571396	41	ZH Screw (Drawer Slide 3/4 Ext)	\N
1551	121	201	000.100.300.000.00I	28		2011-02-10 21:40:42.691273	2011-02-10 21:40:42.691273	0.014807142857142901	42	ZH Screw (Euro)	\N
1552	121	12	000.102.100.000.00I	24		2011-02-10 21:40:42.702037	2011-02-10 21:40:42.702037	0.0229375	43	ZH Shelf Pin (Spoon)	\N
1553	121	161	000.547.043.305.00P	1		2011-02-10 21:40:42.712488	2011-02-10 21:40:42.712488	68.333299999999994	44	ZH Tilt-Out Hamper (30)	\N
1554	121	67	000.808.071.103.00P	2		2011-02-10 21:40:42.723003	2011-02-10 21:40:42.723003	19.766649999999998	45	ZH Valet Rod | Oil Rubbed Bronze	\N
\.


--
-- Data for Name: job_properties; Type: TABLE DATA; Schema: public; Owner: pg_orders
--

COPY job_properties (id, job_id, family, qualifier, module_names, value_str, created_at, updated_at) FROM stdin;
110	120	linear_units	\N	Property::LinearUnits	{"linear_units":"in"}	2011-02-10 20:52:55.446876	2011-02-10 20:52:55.446876
111	121	linear_units	\N	Property::LinearUnits	{"linear_units":"in"}	2011-02-10 21:40:41.348112	2011-02-10 21:40:41.348112
112	122	linear_units	\N	Property::LinearUnits	{"linear_units":"in"}	2011-02-12 05:14:27.474035	2011-02-12 05:14:27.474035
\.


--
-- Data for Name: job_serial_numbers; Type: TABLE DATA; Schema: public; Owner: pg_orders
--

COPY job_serial_numbers (id, year, max_serial, created_at, updated_at) FROM stdin;
1	2011	22	2011-01-23 05:52:19.75042	2011-02-12 05:20:10.748952
\.


--
-- Data for Name: jobs; Type: TABLE DATA; Schema: public; Owner: pg_orders
--

COPY jobs (id, franchisee_id, customer_id, shipping_address_id, name, job_number, salesperson_id, created_at, updated_at, dvinci_xml_file_name, dvinci_xml_content_type, dvinci_xml_file_size, dvinci_xml_updated_at, mfg_plant, status, due_date, ship_date, comment, placement_date, placed_by_id, tracking_number, ship_method, primary_contact_id, notes) FROM stdin;
122	8	35	38	test	SO - 22	\N	2011-02-12 05:14:27.004134	2011-02-12 05:20:50.22048	021011-1.xml	text/xml	30472	2011-02-12 05:14:27.001046	\N	Placed	\N	\N	just a test	2011-02-12 05:20:10	35	\N	LTL	\N	\N
121	10	36	2	the one you asked me for	SO - 21	\N	2011-02-10 21:40:40.80802	2011-02-12 05:20:58.292603	Todd Carter Pricing Issues.xml	application/octet-stream	36044	2011-02-10 21:40:40.805993	\N	Created	\N	\N	Don't produce 	2011-02-10 21:41:44	36	\N	\N	36	\N
120	8	35	38	test 0210-1	\N	\N	2011-02-10 20:52:54.954682	2011-02-10 20:52:54.954682	021011-1.xml	text/xml	30472	2011-02-10 20:52:54.952261	\N	\N	\N	\N	testing dvi build 1199	\N	\N	\N	\N	\N	\N
\.


--
-- Data for Name: properties; Type: TABLE DATA; Schema: public; Owner: pg_orders
--

COPY properties (id, name, family, module_names, created_at, updated_at) FROM stdin;
1	Panel Color	color	\N	2011-01-01 18:53:38.626879	2011-01-01 18:53:38.626879
2	Premium Panel Color	color	\N	2011-01-01 18:53:38.63388	2011-01-01 18:53:38.63388
3	Home Office Panel Color	color	\N	2011-01-01 18:53:38.637287	2011-01-01 18:53:38.637287
4	Hardware Color	color	\N	2011-01-01 18:53:38.640628	2011-01-01 18:53:38.640628
5	Countertop Color	color	\N	2011-01-01 18:53:38.644733	2011-01-01 18:53:38.644733
6	Melamine 19	panel_material	Material	2011-01-01 19:43:30.159526	2011-01-01 19:43:30.159526
8	Melamine 06	panel_material	Material	2011-01-01 20:39:20.2466	2011-01-01 20:39:20.2466
9	Melamine 19 Edge	edge_band	EdgeBand	2011-01-01 23:06:31.500102	2011-01-01 23:06:31.500102
62	34 margin	margin	Margin	2011-01-12 04:43:47.334805	2011-01-12 04:43:47.334805
13	Decore DRS131/DR1 Door Material	door_material	Material	2011-01-02 01:57:56.551044	2011-01-02 01:57:56.551044
14	Decore Crown Molding: 3-3/4", 423-8 Door Material	door_material	Material	2011-01-02 01:57:58.307976	2011-01-02 01:57:58.307976
15	Decore DR8/DBQ816/KB732 Door Material	door_material	Material	2011-01-02 01:57:58.955293	2011-01-02 01:57:58.955293
16	Decore DR8/KB732/DRS131/DR1/DBQ816/AMS329/JR7: Slab DF Door Material	door_material	Material	2011-01-02 01:57:59.162847	2011-01-02 01:57:59.162847
17	Decore Scribe Molding: 1", 428-8 Door Material	door_material	Material	2011-01-02 01:57:59.326863	2011-01-02 01:57:59.326863
18	Decore Crown Molding: 4-1/2", 424-8 Door Material	door_material	Material	2011-01-02 01:58:00.036416	2011-01-02 01:58:00.036416
19	Decore Filler A Door Material	door_material	Material	2011-01-02 01:58:01.06819	2011-01-02 01:58:01.06819
20	Decore Fluted Molding: 3-1/2", 431-8 Door Material	door_material	Material	2011-01-02 01:58:01.727631	2011-01-02 01:58:01.727631
21	Decore JR7 Door Material	door_material	Material	2011-01-02 01:58:02.536103	2011-01-02 01:58:02.536103
22	Decore Base Molding: 2-1/2", 426-8 Door Material	door_material	Material	2011-01-02 01:58:03.027502	2011-01-02 01:58:03.027502
23	Decore AMS329 Door Material	door_material	Material	2011-01-02 01:58:03.546582	2011-01-02 01:58:03.546582
24	Decore JR7/AMS329/DRS131/KB732/DBQ816/DR8/Filler A/DR1: Cut for Glass,469 Option Charges	style_surcharge	Surcharge	2011-01-02 03:40:59.321428	2011-01-02 03:40:59.321428
25	Decore DR8/DRS131/KB732/DR1/JR7/Filler A/DBQ816/AMS329: Slab DF,Door,471,472 Option Charges	style_surcharge	Surcharge	2011-01-02 03:40:59.603402	2011-01-02 03:40:59.603402
26	Decore DR8/AMS329/JR7/DR1/DRS131: Routed DF Option Charges	style_surcharge	Surcharge	2011-01-02 03:41:00.308742	2011-01-02 03:41:00.308742
27	Decore DRS131/DBQ816/KB732/JR7/DR8/AMS329/DR1: French Lite Door Option Charges	style_surcharge	Surcharge	2011-01-02 03:41:00.620803	2011-01-02 03:41:00.620803
28	Decore Base Molding/Crown Molding/Fluted Molding/Scribe Molding Option Charges	style_surcharge	Surcharge	2011-01-02 03:41:00.666648	2011-01-02 03:41:00.666648
29	Decore DRS131/DR8/Base Molding/Crown Molding/DBQ816/KB732/JR7/Fluted Molding/AMS329/DR1/Scribe Molding: French Lite Door,Slab DF,Routed DF,2-1/2", 426-8,4-1/2", 424-8,Door,Cut for Glass,3-1/2", 431-8,1", 428-8,3-3/4", 423-8 Handling Charges	style_surcharge	Surcharge	2011-01-02 03:41:20.545068	2011-01-02 03:41:20.545068
30	Decore Filler A Handling Charges	style_surcharge	Surcharge	2011-01-02 03:41:20.621019	2011-01-02 03:41:20.621019
32	Melamine 25 Edge	edge_band	EdgeBand	2011-01-02 16:38:58.927409	2011-01-02 16:38:58.927409
33	2:3 Corner Cabinet Side Ratio	corner_cab_side_ratio	ScalingFactor	2011-01-02 20:24:08.184969	2011-01-02 20:24:08.184969
37	11 H	height	Height	2011-01-03 23:55:40.419263	2011-01-03 23:55:40.419263
41	4.5 H	height	Height	2011-01-03 23:59:49.574592	2011-01-03 23:59:49.574592
42	7 H	height	Height	2011-01-04 00:01:18.760229	2011-01-04 00:01:18.760229
43	9.5 H	height	Height	2011-01-04 00:02:54.654443	2011-01-04 00:02:54.654443
40	2.5 H	height	Height	2011-01-03 23:58:37.595638	2011-01-04 00:05:20.559076
45	Handling Surcharge	handling_surcharge	Surcharge	2011-01-04 00:41:12.716605	2011-01-04 00:41:12.716605
63	51 margin	margin	Margin	2011-01-12 05:26:41.901449	2011-01-12 05:26:41.901449
64	DrawerSlides Full Ext	quantity_by_depth	Depth	2011-01-12 13:56:56.502023	2011-01-12 13:56:56.502023
47	T-mold black rubber	edge_band	EdgeBand	2011-01-05 21:26:01.2653	2011-01-05 21:26:01.2653
48	CTOP 29mm	panel_material	Material	2011-01-05 21:29:41.288238	2011-01-05 21:29:41.288238
49	T-mold rubber	edge_band	EdgeBand	2011-01-05 21:30:50.852709	2011-01-05 21:30:50.852709
57	PB 19	panel_material	Material	2011-01-06 15:18:17.128403	2011-01-06 15:18:17.128403
58	Nailer Width	width	Width	2011-01-06 15:19:25.800743	2011-01-06 15:19:25.800743
59	Toe-Kick Width	width	Width	2011-01-07 07:04:48.439826	2011-01-07 07:04:48.439826
60	NX Materials 19mm	panel_material	Material	2011-01-07 18:04:26.693714	2011-01-07 18:04:26.693714
10	40 margin	margin	Margin	2011-01-02 00:55:53.810077	2011-01-12 02:27:17.150128
34	35 margin	margin	Margin	2011-01-03 03:54:21.72695	2011-01-12 02:28:08.286951
35	38 margin	margin	Margin	2011-01-03 03:58:00.400383	2011-01-12 02:28:29.007751
36	25 margin	margin	Margin	2011-01-03 04:07:22.591993	2011-01-12 02:28:56.375306
44	32 Margin	margin	Margin	2011-01-04 00:16:46.69113	2011-01-12 02:29:15.908663
50	50 margin	margin	Margin	2011-01-05 21:31:42.585337	2011-01-12 02:29:50.775482
51	30 margin	margin	Margin	2011-01-06 06:19:35.938244	2011-01-12 02:30:08.255072
11	43 margin	margin	Margin	2011-01-02 01:02:53.903624	2011-01-12 02:30:33.778171
52	31 margin	margin	Margin	2011-01-06 06:20:44.564889	2011-01-12 02:30:53.572335
12	55 margin	margin	Margin	2011-01-02 01:30:17.262321	2011-01-12 02:31:20.059608
46	46 margin	margin	Margin	2011-01-04 04:05:21.299104	2011-01-12 02:31:39.426173
53	33 margin	margin	Margin	2011-01-06 06:44:21.626172	2011-01-12 02:31:57.640536
54	20 margin	margin	Margin	2011-01-06 07:27:37.533798	2011-01-12 02:32:14.275419
55	23 margin	margin	Margin	2011-01-06 07:31:18.815632	2011-01-12 03:11:02.524782
56	22 margin	margin	Margin	2011-01-06 07:32:48.403124	2011-01-12 03:11:26.990432
61	60 margin	margin	Margin	2011-01-12 03:28:24.973226	2011-01-12 03:28:24.973226
66	70 margin	margin	Margin	2011-01-12 16:51:32.172639	2011-01-12 16:51:32.172639
65	Hardware 10%	margin	Margin	2011-01-12 16:24:30.162756	2011-01-12 17:13:43.009608
67	NX Back 06mm	panel_material	Material	2011-01-12 17:51:38.741671	2011-01-12 17:51:38.741671
68	27 margin	margin	Margin	2011-01-12 18:01:16.976168	2011-01-12 18:01:16.976168
69	28 margin	margin	Margin	2011-01-12 18:02:30.248868	2011-01-12 18:02:30.248868
70	10 margin	margin	Margin	2011-01-12 18:59:27.357822	2011-01-12 18:59:27.357822
71	Hardware 30%	margin	Margin	2011-01-12 19:15:01.473979	2011-01-12 19:15:01.473979
72	Hardware 30%	margin	Margin	2011-01-12 19:15:01.486798	2011-01-12 19:15:01.486798
31	Melamine 25 Shelf Edge	edge_band	EdgeBand	2011-01-02 16:38:58.599624	2011-01-12 19:18:32.05948
74	Hardware 35%	margin	Margin	2011-01-13 00:19:29.496875	2011-01-13 00:21:20.721045
7	NX Melamine 25	panel_material	Material	2011-01-01 20:32:35.915303	2011-01-13 00:37:17.683245
75	Melamine 25	panel_material	Material	2011-01-13 01:26:23.663956	2011-01-13 01:26:23.663956
76	Delete	panel_material	Material	2011-01-13 01:26:23.733074	2011-01-13 01:28:14.496037
78	Hardware 1%	margin	Margin	2011-01-13 03:50:05.702879	2011-01-13 03:50:05.702879
79	AssScrew (W) 4/6	qty_by_range	RangedValue	2011-01-13 04:02:16.529447	2011-01-13 04:02:16.529447
81	Hinge (H) 2/4	qty_by_range	RangedValue	2011-01-13 04:34:39.583149	2011-01-13 04:34:39.583149
82	41.5 margin	margin	Margin	2011-01-13 05:00:23.863005	2011-01-13 05:00:23.863005
83	42 margin	margin	Margin	2011-01-13 05:05:01.905742	2011-01-13 05:05:01.905742
84	45 margin	margin	Margin	2011-01-13 05:11:14.882716	2011-01-13 05:11:14.882716
85	47.5 margin	margin	Margin	2011-01-13 05:16:50.453546	2011-01-13 05:16:50.453546
86	49 margin	margin	Margin	2011-01-13 05:27:35.619471	2011-01-13 05:27:35.619471
87	Wdowels (W) 22/23	qty_by_range	RangedValue	2011-01-13 14:12:45.8248	2011-01-13 14:12:45.8248
73	Confirmat (D) 8/12	qty_by_range	RangedValue	2011-01-12 23:05:02.535785	2011-01-13 16:51:45.334539
80	MiniConnect (D) 12/14	qty_by_range	RangedValue	2011-01-13 04:06:20.743245	2011-01-13 14:41:50.337462
39	DWRBOX Melamine 13	panel_material	Material	2011-01-03 23:57:34.30795	2011-01-20 06:15:26.156465
88	MiniConnect (D) 8/12	qty_by_range	RangedValue	2011-01-13 14:19:06.707435	2011-01-13 14:20:47.926766
77	MiniConnect (D) 12/16	qty_by_range	RangedValue	2011-01-13 03:46:18.489164	2011-01-13 14:23:23.091954
89	Wdowels (W) 30/31	qty_by_range	RangedValue	2011-01-13 14:35:44.403375	2011-01-13 14:35:44.403375
90	Wdowel (W) 38/39	qty_by_range	RangedValue	2011-01-13 14:53:34.496021	2011-01-13 14:53:34.496021
91	MiniConnect (D) 14/18	qty_by_range	RangedValue	2011-01-13 15:16:44.893326	2011-01-13 15:16:44.893326
92	AssScrew (W) 7/9	qty_by_range	RangedValue	2011-01-13 15:22:53.968148	2011-01-13 15:22:53.968148
93	MiniConnect (D) 10/12	qty_by_range	RangedValue	2011-01-13 16:04:59.771777	2011-01-13 16:04:59.771777
94	AssScrew (W) 2/3	qty_by_range	RangedValue	2011-01-13 16:14:54.006711	2011-01-13 16:14:54.006711
95	Wdowel (W) 34/35	qty_by_range	RangedValue	2011-01-13 16:32:18.55963	2011-01-13 16:32:18.55963
96	AssScrew (W) 6/8	qty_by_range	RangedValue	2011-01-13 17:00:13.997207	2011-01-13 17:00:13.997207
97	Hinge (H) 4/8	qty_by_range	RangedValue	2011-01-13 17:22:47.60098	2011-01-13 17:22:47.60098
98	Shelf (H) 1/2	qty_by_range	RangedValue	2011-01-13 21:28:34.924087	2011-01-13 21:28:34.924087
99	50.5 margin	margin	Margin	2011-01-13 21:33:47.750997	2011-01-13 21:36:41.166766
100	48 margin	margin	Margin	2011-01-13 21:58:50.076173	2011-01-13 21:58:50.076173
101	36 margin	margin	Margin	2011-01-13 22:26:09.778511	2011-01-13 22:26:09.778511
102	AssScrew (H) 0/2	qty_by_range	RangedValue	2011-01-14 00:05:22.719692	2011-01-14 00:05:22.719692
103	AssScrew (H) 0/2	qty_by_range	RangedValue	2011-01-14 00:05:22.743255	2011-01-14 00:05:22.743255
104	85 margin	margin	Margin	2011-01-14 18:31:06.544089	2011-01-14 18:31:06.544089
105	95 margin	margin	Margin	2011-01-14 19:34:02.219402	2011-01-14 19:34:02.219402
106	90 margin	margin	Margin	2011-01-14 19:35:38.699034	2011-01-14 19:35:38.699034
107	33 margin	margin	Margin	2011-01-19 22:25:44.034486	2011-01-19 22:25:44.034486
108	Hardware 16%	margin	Margin	2011-01-21 21:08:40.881637	2011-01-21 21:08:40.881637
109	Hardware 40%	margin	Margin	2011-01-21 21:47:28.906711	2011-01-21 21:47:28.906711
110	Hardware 40%	margin	Margin	2011-01-21 21:47:29.148692	2011-01-21 21:47:29.148692
111	Hardware 33%	margin	Margin	2011-01-21 21:59:26.711375	2011-01-21 21:59:26.711375
112	Hardware 15%	margin	Margin	2011-01-21 23:39:14.556456	2011-01-21 23:39:14.556456
113	Hardware 17%	margin	Margin	2011-01-21 23:50:39.82804	2011-01-21 23:50:39.82804
114	Hardware 20%	margin	Margin	2011-01-22 00:10:14.632051	2011-01-22 00:10:14.632051
115	Butcher Block Ranged Pricing	ranged_price	RangedValue	2011-01-22 06:55:10.246397	2011-01-22 06:55:10.246397
116	Hingebore	surcharge	Surcharge	2011-02-01 19:11:40.788178	2011-02-01 19:11:40.788178
117	Op Hingebore	ranged_surcharge	RangedValue	2011-02-02 05:46:50.488268	2011-02-02 05:46:50.488268
118	Op Drawer Front	surcharge	Surcharge	2011-02-02 16:01:37.369513	2011-02-02 16:01:37.369513
119	Birch Ply Drawerstock	panel_material	Material	2011-02-02 20:49:02.499637	2011-02-02 20:49:02.499637
120	75 Margin	margin	Margin	2011-02-02 21:04:26.880769	2011-02-02 21:04:26.880769
121	86.5 Margin (Decore)	margin	Margin	2011-02-04 20:40:06.725606	2011-02-04 20:42:26.726173
122	65 Margin	margin	Margin	2011-02-08 16:47:24.221774	2011-02-08 16:47:24.221774
123	64 Margin	margin	Margin	2011-02-08 16:50:06.06634	2011-02-08 16:50:06.06634
\.


--
-- Data for Name: property_value_selection; Type: TABLE DATA; Schema: public; Owner: pg_orders
--

COPY property_value_selection (property_id, property_value_id) FROM stdin;
1	1
1	2
1	3
1	4
1	5
1	6
1	7
4	8
4	9
4	10
1	11
1	12
1	13
1	14
1	15
5	16
5	17
5	18
5	19
5	20
5	21
5	22
5	23
5	24
5	25
5	26
5	27
5	28
5	29
5	30
5	31
5	32
5	33
5	34
5	35
5	36
3	37
3	38
3	39
3	40
3	41
3	42
3	43
3	44
3	45
3	46
6	47
6	48
6	49
6	50
6	51
6	52
6	53
6	54
6	55
7	56
8	57
8	58
8	59
8	60
8	61
8	62
8	63
8	64
8	65
9	66
9	67
9	68
9	69
9	70
9	71
9	72
9	73
9	74
10	75
11	76
12	77
13	78
13	79
13	80
13	81
13	82
13	83
13	84
13	85
14	86
14	87
14	88
14	89
14	90
14	91
14	92
14	93
15	94
15	95
15	96
15	97
15	98
15	99
15	100
15	101
16	102
16	103
16	104
16	105
16	106
16	107
16	108
16	109
17	110
17	111
17	112
17	113
17	114
17	115
17	116
17	117
18	118
18	119
18	120
18	121
18	122
18	123
18	124
18	125
19	126
19	127
19	128
19	129
19	130
19	131
19	132
19	133
20	134
20	135
20	136
20	137
20	138
20	139
20	140
20	141
21	142
21	143
21	144
21	145
21	146
21	147
21	148
21	149
22	150
22	151
22	152
22	153
22	154
22	155
22	156
22	157
23	158
23	159
23	160
23	161
23	162
23	163
23	164
23	165
24	166
25	167
26	168
27	169
28	170
29	171
30	172
31	173
32	174
33	175
34	176
35	177
36	178
37	179
39	181
40	182
41	183
42	184
43	185
44	186
45	187
46	188
48	189
49	190
50	191
51	192
52	193
53	194
54	195
55	196
56	197
57	198
58	199
59	200
60	201
60	202
60	203
60	204
61	205
62	206
63	207
64	208
65	209
66	210
67	211
68	212
69	213
60	214
60	215
60	216
60	217
60	218
70	219
71	220
72	221
32	222
32	223
32	224
32	225
32	226
32	227
32	228
32	229
73	230
73	231
74	232
74	233
75	234
75	235
76	236
76	237
75	238
75	239
75	240
75	241
75	242
75	243
75	244
78	245
77	246
77	247
79	248
79	249
80	250
80	251
81	252
81	253
82	254
83	255
84	256
85	257
86	258
87	259
87	260
88	261
88	262
89	263
89	264
90	265
90	266
91	267
91	268
92	269
92	270
93	271
93	272
94	273
94	274
95	275
95	276
96	277
96	278
97	279
97	280
98	281
98	282
99	283
100	284
101	285
102	286
102	287
103	288
103	289
104	290
105	291
106	292
107	293
3	294
3	295
3	296
3	297
3	298
3	299
3	300
3	301
108	302
109	303
109	304
110	305
110	306
111	307
112	308
113	309
114	310
115	311
115	312
115	313
115	314
115	315
116	316
117	317
117	318
117	319
118	320
119	321
120	322
121	323
123	324
122	325
\.


--
-- Data for Name: property_values; Type: TABLE DATA; Schema: public; Owner: pg_orders
--

COPY property_values (id, name, module_names, value_str, created_at, updated_at) FROM stdin;
324	64	Margin	{"factor":".64"}	2011-02-08 16:50:06.076258	2011-02-08 16:50:06.076258
191	50	Margin	{"factor":".50"}	2011-01-05 21:31:42.59094	2011-01-12 02:27:45.569683
194	33	Margin	{"factor":".33"}	2011-01-06 06:44:21.632704	2011-01-12 02:31:57.635967
256	45	Margin	{"factor":".45"}	2011-01-13 05:11:14.886603	2011-01-13 05:11:14.886603
279	0-40" 4 qty	RangedValue	{"max":"40","variable_units":"in","value":"4","min":"","variable":"height"}	2011-01-13 17:22:47.608442	2011-01-13 17:22:47.608442
280	40+" 8 qty	RangedValue	{"max":"","variable_units":"in","value":"8","min":"40","variable":"height"}	2011-01-13 17:22:47.631089	2011-01-13 17:22:47.631089
306		Margin	{"factor":"","float":""}	2011-01-21 21:47:29.177543	2011-01-21 21:47:29.177543
305	Hardware 40%	Margin	{"factor":"1.0865","float":""}	2011-01-21 21:47:29.156181	2011-01-22 02:40:36.880178
219	10	Margin	{"factor":".1"}	2011-01-12 18:59:27.364894	2011-01-12 18:59:27.364894
190	Black	EdgeBand	{"price":".375","width_units":"mm","color":"Black","price_units":"ft","width":"29"}	2011-01-05 21:30:50.866499	2011-01-05 21:30:50.866499
167	DR8/DRS131/KB732/DR1/JR7/Filler A/DBQ816/AMS329: Slab DF,Door,471,472 Option Surcharge	Surcharge	{"price": 0.00}	2011-01-02 03:40:59.613554	2011-01-02 03:40:59.613554
168	DR8/AMS329/JR7/DR1/DRS131: Routed DF Option Surcharge	Surcharge	{"price": 5.00}	2011-01-02 03:41:00.443729	2011-01-02 03:41:00.443729
325	65	Margin	{"factor":".65"}	2011-02-08 23:40:30.564449	2011-02-08 23:40:30.564449
205	60	Margin	{"factor":".60"}	2011-01-12 03:28:24.980981	2011-01-12 03:28:24.980981
291	95	Margin	{"factor":".95"}	2011-01-14 19:34:02.351887	2011-01-14 19:34:02.351887
257	47.5	Margin	{"factor":".475"}	2011-01-13 05:16:50.460457	2011-01-13 05:16:50.460457
281	0-36" 1 qty	RangedValue	{"max":"36","variable_units":"in","value":"1","min":"","variable":"height"}	2011-01-13 21:28:34.934151	2011-01-13 21:28:34.934151
282	36+" 2 qty	RangedValue	{"max":"","variable_units":"in","value":"2","min":"36","variable":"height"}	2011-01-13 21:28:34.957611	2011-01-13 21:28:34.957611
284	48	Margin	{"factor":".48"}	2011-01-13 21:58:50.079931	2011-01-13 21:58:50.079931
290	85	Margin	{"factor":".85"}	2011-01-14 18:31:06.550889	2011-01-14 18:31:06.550889
292	90	Margin	{"factor":".90"}	2011-01-14 19:35:38.70293	2011-01-14 19:35:38.70293
308	Hardware 15%	Margin	{"factor":"0.924","float":""}	2011-01-21 23:39:14.564436	2011-01-22 05:25:12.14814
310	Hardware 20%	Margin	{"factor":"0.8695","float":""}	2011-01-22 00:10:14.637065	2011-01-22 05:32:55.172363
92	Crown Molding: 3-3/4", 423-8 Folkstone Grey Door Material	Material	{"color": "Folkstone Grey", "thickness": 0, "thickness_units": "mm", "price": 15.6, "price_units": "ft"}	2011-01-02 01:57:58.696916	2011-01-02 01:57:58.696916
86	Crown Molding: 3-3/4", 423-8 Ruston Maple Door Material	Material	{"color": "Ruston Maple", "thickness": 0, "thickness_units": "mm", "price": 19.15, "price_units": "ft"}	2011-01-02 01:57:58.35908	2011-01-02 01:57:58.35908
87	Crown Molding: 3-3/4", 423-8 Sable Glow Door Material	Material	{"color": "Sable Glow", "thickness": 0, "thickness_units": "mm", "price": 19.15, "price_units": "ft"}	2011-01-02 01:57:58.373572	2011-01-02 01:57:58.373572
88	Crown Molding: 3-3/4", 423-8 White Door Material	Material	{"color": "White", "thickness": 0, "thickness_units": "mm", "price": 14.5, "price_units": "ft"}	2011-01-02 01:57:58.387236	2011-01-02 01:57:58.387236
89	Crown Molding: 3-3/4", 423-8 Mahogany Impressions Door Material	Material	{"color": "Mahogany Impressions", "thickness": 0, "thickness_units": "mm", "price": 19.15, "price_units": "ft"}	2011-01-02 01:57:58.487622	2011-01-02 01:57:58.487622
90	Crown Molding: 3-3/4", 423-8 Autumn Glow Door Material	Material	{"color": "Autumn Glow", "thickness": 0, "thickness_units": "mm", "price": 19.15, "price_units": "ft"}	2011-01-02 01:57:58.576242	2011-01-02 01:57:58.576242
91	Crown Molding: 3-3/4", 423-8 Desert Glow Door Material	Material	{"color": "Desert Glow", "thickness": 0, "thickness_units": "mm", "price": 19.15, "price_units": "ft"}	2011-01-02 01:57:58.65665	2011-01-02 01:57:58.65665
93	Crown Molding: 3-3/4", 423-8 Antique White Door Material	Material	{"color": "Antique White", "thickness": 0, "thickness_units": "mm", "price": 15.6, "price_units": "ft"}	2011-01-02 01:57:58.804811	2011-01-02 01:57:58.804811
111	Scribe Molding: 1", 428-8 Sable Glow Door Material	Material	{"color": "Sable Glow", "thickness": 0, "thickness_units": "mm", "price": 7.65, "price_units": "ft"}	2011-01-02 01:57:59.36607	2011-01-02 01:57:59.36607
112	Scribe Molding: 1", 428-8 White Door Material	Material	{"color": "White", "thickness": 0, "thickness_units": "mm", "price": 5.85, "price_units": "ft"}	2011-01-02 01:57:59.477494	2011-01-02 01:57:59.477494
260	30+" 23 qty	RangedValue	{"max":"","variable_units":"in","value":"23","min":"30","variable":"width"}	2011-01-13 14:12:45.856931	2011-01-13 14:12:45.856931
113	Scribe Molding: 1", 428-8 Mahogany Impressions Door Material	Material	{"color": "Mahogany Impressions", "thickness": 0, "thickness_units": "mm", "price": 7.65, "price_units": "ft"}	2011-01-02 01:57:59.535936	2011-01-02 01:57:59.535936
114	Scribe Molding: 1", 428-8 Autumn Glow Door Material	Material	{"color": "Autumn Glow", "thickness": 0, "thickness_units": "mm", "price": 7.65, "price_units": "ft"}	2011-01-02 01:57:59.677981	2011-01-02 01:57:59.677981
115	Scribe Molding: 1", 428-8 Desert Glow Door Material	Material	{"color": "Desert Glow", "thickness": 0, "thickness_units": "mm", "price": 7.65, "price_units": "ft"}	2011-01-02 01:57:59.755815	2011-01-02 01:57:59.755815
116	Scribe Molding: 1", 428-8 Folkstone Grey Door Material	Material	{"color": "Folkstone Grey", "thickness": 0, "thickness_units": "mm", "price": 6.25, "price_units": "ft"}	2011-01-02 01:57:59.895964	2011-01-02 01:57:59.895964
117	Scribe Molding: 1", 428-8 Antique White Door Material	Material	{"color": "Antique White", "thickness": 0, "thickness_units": "mm", "price": 6.25, "price_units": "ft"}	2011-01-02 01:57:59.986389	2011-01-02 01:57:59.986389
118	Crown Molding: 4-1/2", 424-8 Ruston Maple Door Material	Material	{"color": "Ruston Maple", "thickness": 0, "thickness_units": "mm", "price": 21.5, "price_units": "ft"}	2011-01-02 01:58:00.103157	2011-01-02 01:58:00.103157
119	Crown Molding: 4-1/2", 424-8 Sable Glow Door Material	Material	{"color": "Sable Glow", "thickness": 0, "thickness_units": "mm", "price": 21.5, "price_units": "ft"}	2011-01-02 01:58:00.205961	2011-01-02 01:58:00.205961
75	40	Margin	{"factor":".4"}	2011-01-02 00:55:53.874657	2011-01-12 02:27:17.145266
192	30	Margin	{"factor":".3"}	2011-01-06 06:19:35.946848	2011-01-12 02:30:08.250216
76	43	Margin	{"factor":".43"}	2011-01-02 01:02:53.907359	2011-01-12 02:30:33.774274
193	31	Margin	{"factor":".31"}	2011-01-06 06:20:44.56875	2011-01-12 02:30:53.568952
77	55	Margin	{"factor":".55"}	2011-01-02 01:30:17.284763	2011-01-12 02:31:20.055517
47	Windswept Bronze	Material	{"price":"1.000","waste_factor":".1","thickness":".75","weight":"2.5","cutrite_code":"19-BRO-2S","color":"Windswept Bronze","price_units":"ft","thickness_units":"in","dvinci_id":"008"}	2011-01-01 19:43:30.167045	2011-02-08 23:56:32.066341
206	34	Margin	{"factor":".34"}	2011-01-12 04:43:47.343358	2011-01-12 04:43:47.343358
207	51	Margin	{"factor":".51"}	2011-01-12 05:26:41.906801	2011-01-12 05:26:41.906801
120	Crown Molding: 4-1/2", 424-8 White Door Material	Material	{"color": "White", "thickness": 0, "thickness_units": "mm", "price": 14.0, "price_units": "ft"}	2011-01-02 01:58:00.318447	2011-01-02 01:58:00.318447
121	Crown Molding: 4-1/2", 424-8 Mahogany Impressions Door Material	Material	{"color": "Mahogany Impressions", "thickness": 0, "thickness_units": "mm", "price": 21.5, "price_units": "ft"}	2011-01-02 01:58:00.386195	2011-01-02 01:58:00.386195
122	Crown Molding: 4-1/2", 424-8 Autumn Glow Door Material	Material	{"color": "Autumn Glow", "thickness": 0, "thickness_units": "mm", "price": 21.5, "price_units": "ft"}	2011-01-02 01:58:00.563941	2011-01-02 01:58:00.563941
123	Crown Molding: 4-1/2", 424-8 Desert Glow Door Material	Material	{"color": "Desert Glow", "thickness": 0, "thickness_units": "mm", "price": 21.5, "price_units": "ft"}	2011-01-02 01:58:00.747793	2011-01-02 01:58:00.747793
124	Crown Molding: 4-1/2", 424-8 Folkstone Grey Door Material	Material	{"color": "Folkstone Grey", "thickness": 0, "thickness_units": "mm", "price": 15.9, "price_units": "ft"}	2011-01-02 01:58:00.965845	2011-01-02 01:58:00.965845
125	Crown Molding: 4-1/2", 424-8 Antique White Door Material	Material	{"color": "Antique White", "thickness": 0, "thickness_units": "mm", "price": 15.9, "price_units": "ft"}	2011-01-02 01:58:00.983957	2011-01-02 01:58:00.983957
126	Filler A Ruston Maple Door Material	Material	{"color": "Ruston Maple", "thickness": 0, "thickness_units": "mm", "price": 10.6, "price_units": "ft"}	2011-01-02 01:58:01.074783	2011-01-02 01:58:01.074783
127	Filler A Sable Glow Door Material	Material	{"color": "Sable Glow", "thickness": 0, "thickness_units": "mm", "price": 10.6, "price_units": "ft"}	2011-01-02 01:58:01.15695	2011-01-02 01:58:01.15695
128	Filler A White Door Material	Material	{"color": "White", "thickness": 0, "thickness_units": "mm", "price": 8.1, "price_units": "ft"}	2011-01-02 01:58:01.267662	2011-01-02 01:58:01.267662
51	Antique White	Material	{"price":".8000","waste_factor":".08","thickness":".75","weight":"2.5","cutrite_code":"19-ANT-2S","color":"Antique White","price_units":"ft","thickness_units":"in","dvinci_id":"002"}	2011-01-01 19:43:30.224966	2011-02-08 23:56:32.099727
52	Folkstone Gray	Material	{"price":".7053","waste_factor":".08","thickness":".75","weight":"2.5","cutrite_code":"19-FOL-2S","color":"Folkstone Gray","price_units":"ft","thickness_units":"in","dvinci_id":"003"}	2011-01-01 19:43:30.237124	2011-02-08 23:56:32.103224
62	Folkstone Gray	Material	{"price":".4866","waste_factor":".15","thickness":".25","weight":".8333","cutrite_code":"19-FOL-2S","color":"Folkstone Gray","price_units":"ft","thickness_units":"in","dvinci_id":"003"}	2011-01-01 20:39:20.423457	2011-02-08 23:57:30.856383
129	Filler A Mahogany Impressions Door Material	Material	{"color": "Mahogany Impressions", "thickness": 0, "thickness_units": "mm", "price": 10.6, "price_units": "ft"}	2011-01-02 01:58:01.467382	2011-01-02 01:58:01.467382
130	Filler A Autumn Glow Door Material	Material	{"color": "Autumn Glow", "thickness": 0, "thickness_units": "mm", "price": 10.6, "price_units": "ft"}	2011-01-02 01:58:01.531505	2011-01-02 01:58:01.531505
131	Filler A Desert Glow Door Material	Material	{"color": "Desert Glow", "thickness": 0, "thickness_units": "mm", "price": 10.6, "price_units": "ft"}	2011-01-02 01:58:01.658007	2011-01-02 01:58:01.658007
132	Filler A Folkstone Grey Door Material	Material	{"color": "Folkstone Grey", "thickness": 0, "thickness_units": "mm", "price": 9.0, "price_units": "ft"}	2011-01-02 01:58:01.6974	2011-01-02 01:58:01.6974
133	Filler A Antique White Door Material	Material	{"color": "Antique White", "thickness": 0, "thickness_units": "mm", "price": 9.0, "price_units": "ft"}	2011-01-02 01:58:01.714769	2011-01-02 01:58:01.714769
134	Fluted Molding: 3-1/2", 431-8 Ruston Maple Door Material	Material	{"color": "Ruston Maple", "thickness": 0, "thickness_units": "mm", "price": 21.55, "price_units": "ft"}	2011-01-02 01:58:01.730567	2011-01-02 01:58:01.730567
135	Fluted Molding: 3-1/2", 431-8 Sable Glow Door Material	Material	{"color": "Sable Glow", "thickness": 0, "thickness_units": "mm", "price": 21.55, "price_units": "ft"}	2011-01-02 01:58:01.743685	2011-01-02 01:58:01.743685
136	Fluted Molding: 3-1/2", 431-8 White Door Material	Material	{"color": "White", "thickness": 0, "thickness_units": "mm", "price": 18.85, "price_units": "ft"}	2011-01-02 01:58:01.770237	2011-01-02 01:58:01.770237
137	Fluted Molding: 3-1/2", 431-8 Mahogany Impressions Door Material	Material	{"color": "Mahogany Impressions", "thickness": 0, "thickness_units": "mm", "price": 21.55, "price_units": "ft"}	2011-01-02 01:58:01.78452	2011-01-02 01:58:01.78452
138	Fluted Molding: 3-1/2", 431-8 Autumn Glow Door Material	Material	{"color": "Autumn Glow", "thickness": 0, "thickness_units": "mm", "price": 21.55, "price_units": "ft"}	2011-01-02 01:58:01.844972	2011-01-02 01:58:01.844972
200	62mm	Width	{"linear_units":"in","width":"2.441"}	2011-01-07 07:04:48.446713	2011-01-07 07:04:48.446713
176	35	Margin	{"factor":".35"}	2011-01-03 03:54:21.733384	2011-01-12 02:28:08.283362
139	Fluted Molding: 3-1/2", 431-8 Desert Glow Door Material	Material	{"color": "Desert Glow", "thickness": 0, "thickness_units": "mm", "price": 21.55, "price_units": "ft"}	2011-01-02 01:58:02.08626	2011-01-02 01:58:02.08626
140	Fluted Molding: 3-1/2", 431-8 Folkstone Grey Door Material	Material	{"color": "Folkstone Grey", "thickness": 0, "thickness_units": "mm", "price": 19.75, "price_units": "ft"}	2011-01-02 01:58:02.106451	2011-01-02 01:58:02.106451
141	Fluted Molding: 3-1/2", 431-8 Antique White Door Material	Material	{"color": "Antique White", "thickness": 0, "thickness_units": "mm", "price": 19.75, "price_units": "ft"}	2011-01-02 01:58:02.295798	2011-01-02 01:58:02.295798
150	Base Molding: 2-1/2", 426-8 Ruston Maple Door Material	Material	{"color": "Ruston Maple", "thickness": 0, "thickness_units": "mm", "price": 12.55, "price_units": "ft"}	2011-01-02 01:58:03.030424	2011-01-02 01:58:03.030424
151	Base Molding: 2-1/2", 426-8 Sable Glow Door Material	Material	{"color": "Sable Glow", "thickness": 0, "thickness_units": "mm", "price": 12.55, "price_units": "ft"}	2011-01-02 01:58:03.043921	2011-01-02 01:58:03.043921
152	Base Molding: 2-1/2", 426-8 White Door Material	Material	{"color": "White", "thickness": 0, "thickness_units": "mm", "price": 9.3, "price_units": "ft"}	2011-01-02 01:58:03.097883	2011-01-02 01:58:03.097883
153	Base Molding: 2-1/2", 426-8 Mahogany Impressions Door Material	Material	{"color": "Mahogany Impressions", "thickness": 0, "thickness_units": "mm", "price": 12.55, "price_units": "ft"}	2011-01-02 01:58:03.209469	2011-01-02 01:58:03.209469
154	Base Molding: 2-1/2", 426-8 Autumn Glow Door Material	Material	{"color": "Autumn Glow", "thickness": 0, "thickness_units": "mm", "price": 12.55, "price_units": "ft"}	2011-01-02 01:58:03.30641	2011-01-02 01:58:03.30641
155	Base Molding: 2-1/2", 426-8 Desert Glow Door Material	Material	{"color": "Desert Glow", "thickness": 0, "thickness_units": "mm", "price": 12.55, "price_units": "ft"}	2011-01-02 01:58:03.320249	2011-01-02 01:58:03.320249
156	Base Molding: 2-1/2", 426-8 Folkstone Grey Door Material	Material	{"color": "Folkstone Grey", "thickness": 0, "thickness_units": "mm", "price": 10.05, "price_units": "ft"}	2011-01-02 01:58:03.332886	2011-01-02 01:58:03.332886
195	20	Margin	{"factor":".2"}	2011-01-06 07:27:37.538169	2011-01-12 02:32:14.271898
258	49	Margin	{"factor":".49"}	2011-01-13 05:27:35.62733	2011-01-13 05:27:35.62733
265	0-30" 38 qty	RangedValue	{"max":"30","variable_units":"in","value":"38","min":"","variable":"width"}	2011-01-13 14:53:34.499727	2011-01-13 14:53:34.499727
266	30+" 39 qty	RangedValue	{"max":"","variable_units":"in","value":"39","min":"30","variable":"width"}	2011-01-13 14:53:34.51526	2011-01-13 14:53:34.51526
283	50.5	Margin	{"factor":".505"}	2011-01-13 21:33:47.843146	2011-01-13 21:36:41.163226
196	23	Margin	{"factor":".23"}	2011-01-06 07:31:18.829202	2011-01-12 03:11:02.519949
208	12 inch	Depth	{"linear_units":"in","depth":"(((D > 13.5)*(D<=15.5)) ? 1 : 0)"}	2011-01-12 13:56:56.511038	2011-01-12 13:56:56.511038
259	0-30" 22 qty	RangedValue	{"max":"30","variable_units":"in","value":"22","min":"","variable":"width"}	2011-01-13 14:12:45.832527	2011-01-13 14:12:45.832527
293	33	Margin	{"factor":".33","float":""}	2011-01-19 22:25:44.062047	2011-01-19 22:25:44.062047
309	Hardware 17%	Margin	{"factor":"0.9022","float":""}	2011-01-21 23:50:39.835047	2011-01-22 05:39:19.345538
197	22	Margin	{"factor":".22"}	2011-01-06 07:32:48.411856	2011-01-12 03:11:26.986673
210	70	Margin	{"factor":".7"}	2011-01-12 16:51:32.176998	2011-01-12 16:51:32.176998
245	Hardware 1%	Margin	{"factor":"4.0"}	2011-01-13 03:50:05.715225	2011-01-13 03:50:05.715225
250	0-15" 12 cams	RangedValue	{"max":"15","variable_units":"in","value":"12","min":"","variable":"depth"}	2011-01-13 04:06:20.763377	2011-01-13 04:06:20.763377
246	0-15" 12 pins	RangedValue	{"max":"15","variable_units":"in","value":"12","min":"","variable":"depth"}	2011-01-13 03:53:21.713188	2011-01-13 04:07:13.51097
247	15+" 16 pins	RangedValue	{"max":"","variable_units":"in","value":"16","min":"15","variable":"depth"}	2011-01-13 03:53:21.744399	2011-01-13 04:07:13.612026
261	0-15" 8 qty	RangedValue	{"max":"15","variable_units":"in","value":"8","min":"","variable":"depth"}	2011-01-13 14:19:06.715943	2011-01-13 14:19:06.715943
262	15+" 12 qty	RangedValue	{"max":"","variable_units":"in","value":"","min":"15","variable":"depth"}	2011-01-13 14:19:06.737806	2011-01-13 14:19:06.737806
263	0-30" 30 qty	RangedValue	{"max":"30","variable_units":"in","value":"30","min":"","variable":"width"}	2011-01-13 14:35:44.407241	2011-01-13 14:35:44.407241
264	30+" 31 qty	RangedValue	{"max":"","variable_units":"in","value":"31","min":"30","variable":"width"}	2011-01-13 14:35:44.42198	2011-01-13 14:35:44.42198
251	15+" 14 cams	RangedValue	{"max":"","variable_units":"in","value":"14","min":"15","variable":"depth"}	2011-01-13 04:06:20.848661	2011-01-13 14:41:50.333798
230	0-15" 8 qty	RangedValue	{"max":"15","variable_units":"in","value":"8","min":"","variable":"depth"}	2011-01-12 23:05:02.546819	2011-01-13 16:51:45.327194
231	15+" 12 qty	RangedValue	{"max":"","variable_units":"in","value":"12","min":"15","variable":"depth"}	2011-01-12 23:05:02.574939	2011-01-13 16:51:45.331559
285	36	Margin	{"factor":".36"}	2011-01-13 22:26:09.786481	2011-01-13 22:26:09.786481
209	Hardware 10%	Margin	{"factor":"0.978261","float":""}	2011-01-12 16:24:30.175447	2011-01-20 14:56:02.465768
220	Hardware 30%	Margin	{"factor":"0.76087","float":""}	2011-01-12 19:15:01.481366	2011-01-20 15:24:02.334507
311	Butcher Block Price < 24"	RangedValue	{"max":"24","variable_units":"in","value":"110.54","min":"","variable":"width"}	2011-01-22 06:55:10.272421	2011-01-22 06:55:10.272421
312	Butcher Block Price < 48"	RangedValue	{"max":"48","variable_units":"in","value":"171.47","min":"24","variable":"width"}	2011-01-22 06:55:10.295276	2011-01-22 06:55:10.295276
313	Butcher Block Price < 72"	RangedValue	{"max":"72","variable_units":"in","value":"264.20","min":"48","variable":"width"}	2011-01-22 06:55:10.308378	2011-01-22 06:55:10.308378
314	Butcher Block Price < 97"	RangedValue	{"max":"97","variable_units":"in","value":"416.56","min":"72","variable":"width"}	2011-01-22 06:55:10.321247	2011-01-22 06:55:10.321247
315	Butcher Block Price < 121"	RangedValue	{"max":"121","variable_units":"in","value":"492.42","min":"97","variable":"width"}	2011-01-22 06:55:10.33573	2011-01-22 06:55:10.33573
199	5"	Width	{"linear_units":"in","width":"5"}	2011-01-06 15:19:25.805434	2011-01-12 20:33:59.887652
248	0-30" 4 screws	RangedValue	{"max":"30","variable_units":"in","value":"4","min":"","variable":"width"}	2011-01-13 04:02:16.572657	2011-01-13 04:02:16.572657
249	30+" 6 screws	RangedValue	{"max":"","variable_units":"in","value":"6","min":"30","variable":"width"}	2011-01-13 04:02:16.804893	2011-01-13 04:02:16.804893
267	0-15" 14 qty	RangedValue	{"max":"15","variable_units":"in","value":"14","min":"","variable":"depth"}	2011-01-13 15:16:44.901517	2011-01-13 15:16:44.901517
268	15+" 18 qty	RangedValue	{"max":"","variable_units":"in","value":"18","min":"15","variable":"depth"}	2011-01-13 15:16:44.922613	2011-01-13 15:16:44.922613
269	0-30" 7 qty	RangedValue	{"max":"30","variable_units":"in","value":"7","min":"","variable":"width"}	2011-01-13 15:22:53.971555	2011-01-13 15:22:53.971555
270	30+" 9 qty	RangedValue	{"max":"","variable_units":"in","value":"9","min":"30","variable":"width"}	2011-01-13 15:22:53.98578	2011-01-13 15:22:53.98578
273	0-30" 2 qty	RangedValue	{"max":"30","variable_units":"in","value":"2","min":"","variable":"width"}	2011-01-13 16:14:54.010842	2011-01-13 16:14:54.010842
274	30+" 3 qty	RangedValue	{"max":"","variable_units":"in","value":"3","min":"30","variable":"width"}	2011-01-13 16:14:54.026485	2011-01-13 16:14:54.026485
275	0-30" 34 qty	RangedValue	{"max":"30","variable_units":"in","value":"34","min":"","variable":"width"}	2011-01-13 16:32:18.563143	2011-01-13 16:32:18.563143
276	30+" 35 qty	RangedValue	{"max":"","variable_units":"in","value":"35","min":"30","variable":"width"}	2011-01-13 16:32:18.578775	2011-01-13 16:32:18.578775
277	0-30" 6 qty	RangedValue	{"max":"30","variable_units":"in","value":"6","min":"","variable":"width"}	2011-01-13 17:00:14.000463	2011-01-13 17:00:14.000463
278	30+" 8 qty	RangedValue	{"max":"","variable_units":"in","value":"8","min":"30","variable":"width"}	2011-01-13 17:00:14.014602	2011-01-13 17:00:14.014602
286	0-40" 0 qty	RangedValue	{"max":"40","variable_units":"in","value":"0","min":"","variable":"height"}	2011-01-14 00:05:22.727751	2011-01-14 00:05:22.727751
287	40+" 2 qty	RangedValue	{"max":"","variable_units":"in","value":"2","min":"40","variable":"height"}	2011-01-14 00:05:22.749188	2011-01-14 00:05:22.749188
232	Hardware 35%	Margin	{"factor":"0.7065","float":""}	2011-01-13 00:19:29.504793	2011-01-20 15:15:33.010312
233		Margin	{"factor":"","float":""}	2011-01-13 00:19:29.525505	2011-01-20 15:15:33.014486
110	Scribe Molding: 1", 428-8 Ruston Maple Door Material	Material	{"color": "Ruston Maple", "thickness": 0, "thickness_units": "mm", "price": 7.65, "price_units": "ft"}	2011-01-02 01:57:59.333215	2011-01-02 01:57:59.333215
212	27	Margin	{"factor":".27"}	2011-01-12 18:01:16.983544	2011-01-12 18:01:16.983544
213	28	Margin	{"factor":".28"}	2011-01-12 18:02:30.253861	2011-01-12 18:02:30.253861
252	0-40" 2 qty	RangedValue	{"max":"40","variable_units":"in","value":"2","min":"","variable":"height"}	2011-01-13 04:34:39.594088	2011-01-13 04:34:39.594088
253	40+" 4 qty	RangedValue	{"max":"","variable_units":"in","value":"4","min":"40","variable":"height"}	2011-01-13 04:34:39.897328	2011-01-13 04:34:39.897328
271	0-15" 10 qty	RangedValue	{"max":"15","variable_units":"in","value":"10","min":"","variable":"depth"}	2011-01-13 16:04:59.779192	2011-01-13 16:04:59.779192
272	15+" 12 qty	RangedValue	{"max":"","variable_units":"in","value":"12","min":"15","variable":"depth"}	2011-01-13 16:04:59.800798	2011-01-13 16:04:59.800798
288	0-40" 0 qty	RangedValue	{"max":"40","variable_units":"in","value":"0","min":"","variable":"height"}	2011-01-14 00:05:22.749996	2011-01-14 00:05:22.749996
289	40+" 2 qty	RangedValue	{"max":"","variable_units":"in","value":"2","min":"40","variable":"height"}	2011-01-14 00:05:22.773502	2011-01-14 00:05:22.773502
304		Margin	{"factor":"","float":""}	2011-01-21 21:47:28.926174	2011-01-21 21:47:28.926174
302	Hardware 16%	Margin	{"factor":"0.913","float":""}	2011-01-21 21:08:40.88855	2011-01-22 05:43:09.007444
221	Hardware 30%	Margin	{"factor":"0.76087","float":""}	2011-01-12 19:15:01.496112	2011-01-22 05:50:27.851315
303	Hardware 40%	Margin	{"factor":"0.654","float":""}	2011-01-21 21:47:28.911045	2011-01-22 05:58:12.060009
307	Hardware 33%	Margin	{"factor":"0.72825","float":""}	2011-01-21 21:59:26.715414	2011-01-22 06:01:54.28421
157	Base Molding: 2-1/2", 426-8 Antique White Door Material	Material	{"color": "Antique White", "thickness": 0, "thickness_units": "mm", "price": 10.05, "price_units": "ft"}	2011-01-02 01:58:03.344799	2011-01-02 01:58:03.344799
166	JR7/AMS329/DRS131/KB732/DBQ816/DR8/Filler A/DR1: Cut for Glass,469 Option Surcharge	Surcharge	{"price": 15.00}	2011-01-02 03:40:59.385121	2011-01-02 03:40:59.385121
169	DRS131/DBQ816/KB732/JR7/DR8/AMS329/DR1: French Lite Door Option Surcharge	Surcharge	{"price": 7.50}	2011-01-02 03:41:00.623873	2011-01-02 03:41:00.623873
170	Base Molding/Crown Molding/Fluted Molding/Scribe Molding Option Surcharge	Surcharge	{"price": 10.00}	2011-01-02 03:41:00.672279	2011-01-02 03:41:00.672279
171	DRS131/DR8/Base Molding/Crown Molding/DBQ816/KB732/JR7/Fluted Molding/AMS329/DR1/Scribe Molding: French Lite Door,Slab DF,Routed DF,2-1/2", 426-8,4-1/2", 424-8,Door,Cut for Glass,3-1/2", 431-8,1", 428-8,3-3/4", 423-8 Handling Surcharge	Surcharge	{"price": 0.25}	2011-01-02 03:41:20.548808	2011-01-02 03:41:20.548808
172	Filler A Handling Surcharge	Surcharge	{"price": 10.00}	2011-01-02 03:41:20.623871	2011-01-02 03:41:20.623871
175	2:3 Corner Cabinet Side Ratio	ScalingFactor	{"factor":"0.6666667"}	2011-01-02 20:24:08.214946	2011-01-02 20:24:08.214946
180	11	Height	{"linear_units":"mm","height":"272"}	2011-01-03 23:55:40.569267	2011-01-03 23:55:40.569267
185	9.5	Height	{"linear_units":"mm","height":"241.3"}	2011-01-04 00:02:54.683687	2011-01-04 00:02:54.683687
182	2.5	Height	{"linear_units":"mm","height":"63.5"}	2011-01-03 23:58:37.599909	2011-01-04 00:05:07.5447
183	4.5	Height	{"linear_units":"mm","height":"114.3"}	2011-01-03 23:59:49.581027	2011-01-04 00:05:45.212028
184	7	Height	{"linear_units":"mm","height":"177.8"}	2011-01-04 00:01:18.763897	2011-01-04 00:07:21.340788
187	Standard	Surcharge	{"price":".25"}	2011-01-04 00:41:12.72029	2011-01-04 00:41:12.72029
177	38	Margin	{"factor":".38"}	2011-01-03 03:58:00.414489	2011-01-12 02:28:29.003585
178	25	Margin	{"factor":".25"}	2011-01-03 04:07:22.596133	2011-01-12 02:28:56.371622
186	32	Margin	{"factor":".32"}	2011-01-04 00:16:46.715729	2011-01-12 02:29:15.904882
188	46	Margin	{"factor":".46"}	2011-01-04 04:05:21.30637	2011-01-12 02:31:39.421884
179	11	Height	{"linear_units":"in","height":"11"}	2011-01-03 23:55:40.425921	2011-01-30 17:58:05.132984
160	AMS329 White Door Material	Material	{"price":"13.3","thickness":"0","cutrite_code":"19-WHT-2S","color":"White","price_units":"ft","thickness_units":"mm","dvinci_id":"001"}	2011-01-02 01:58:03.776735	2011-01-02 02:59:19.277074
55	Chocolate Apple	Material	{"price":".8944","waste_factor":".1","thickness":".75","weight":"2.5","cutrite_code":"19-CHO-2S","color":"Chocolate Apple","price_units":"ft","thickness_units":"in","dvinci_id":"007"}	2011-01-01 19:43:30.273722	2011-02-08 23:56:32.060536
234	White	Material	{"price":"0.8350","waste_factor":".1","thickness":"1","weight":"3.3333","cutrite_code":"19-WHT-2S","color":"White","price_units":"ft","thickness_units":"in","dvinci_id":"001"}	2011-01-13 01:26:23.672778	2011-02-08 23:58:24.215676
235	Antique White	Material	{"price":"1.06","waste_factor":".1","thickness":"1","weight":"3.3333","cutrite_code":"19-ANT-2S","color":"Antique White","price_units":"ft","thickness_units":"in","dvinci_id":"002"}	2011-01-13 01:26:23.6968	2011-02-08 23:58:24.219332
216	Folkstone Gray	Material	{"price":".7053","waste_factor":".1","thickness":".75","weight":"2.5","cutrite_code":"19-FOL-2S","color":"Folkstone Gray","price_units":"ft","thickness_units":"in","dvinci_id":"003"}	2011-01-12 18:33:39.901835	2011-02-08 23:59:26.958445
201	White	Material	{"price":".6109","waste_factor":".05","thickness":".75","weight":"2.5","cutrite_code":"19-WHT-2S","color":"White","price_units":"ft","thickness_units":"in","dvinci_id":"001"}	2011-01-07 18:04:26.701052	2011-02-08 23:59:26.968845
254	41.5	Margin	{"factor":".415"}	2011-01-13 05:00:23.931079	2011-01-13 05:00:23.931079
255	42	Margin	{"factor":".42"}	2011-01-13 05:05:01.914053	2011-01-13 05:05:01.914053
316	Hingebore	Surcharge	{"price":"3.00","float":""}	2011-02-01 19:11:40.798519	2011-02-01 19:11:40.798519
317	2	RangedValue	{"max":"36","variable_units":"in","value":"2","min":"10","variable":"height"}	2011-02-02 05:46:50.527764	2011-02-02 05:46:50.527764
318	3	RangedValue	{"max":"60","variable_units":"in","value":"3","min":"36.125","variable":"height"}	2011-02-02 05:46:50.559242	2011-02-02 05:46:50.559242
319	4	RangedValue	{"max":"92","variable_units":"in","value":"4","min":"60.125","variable":"height"}	2011-02-02 05:46:50.57086	2011-02-02 05:46:50.57086
203	Windswept Bronze	Material	{"price":".835","waste_factor":".08","thickness":".75","weight":"2.5","cutrite_code":"19-BRO-2S","color":"Windswept Bronze","price_units":"ft","thickness_units":"in","dvinci_id":"008"}	2011-01-07 18:04:26.734571	2011-02-08 23:59:26.975934
322	75	Margin	{"factor":".75","float":""}	2011-02-02 21:04:26.888513	2011-02-02 21:04:26.888513
320	Standard	Surcharge	{"price":"3","float":""}	2011-02-02 16:01:37.382011	2011-02-02 22:35:33.521485
56	White	Material	{"price":".8350","waste_factor":".08","thickness":"1.000","weight":"3.3333","cutrite_code":"19-WHT-2S","color":"White","price_units":"ft","thickness_units":"in","dvinci_id":"001"}	2011-01-01 20:32:35.922055	2011-02-08 23:59:47.34188
189	Ebony Star	Material	{"price":"2.41","waste_factor":".03","thickness":"29","weight":"4","cutrite_code":"","color":"Ebony Star","price_units":"ft","thickness_units":"mm","dvinci_id":"403"}	2011-01-05 21:29:41.312163	2011-02-09 00:00:56.899373
323	86.5	Margin	{"factor":".86586","float":""}	2011-02-04 20:40:06.731979	2011-02-04 20:42:26.723189
105	DR8/KB732/DRS131/DR1/DBQ816/AMS329/JR7: Slab DF Mahogany Impressions Door Material	Material	{"price":"10.25","waste_factor":"","thickness":"0","cutrite_code":"19-MAH-2S","color":"Mahogany Impressions","price_units":"ft","thickness_units":"mm","dvinci_id":"006"}	2011-01-02 01:57:59.204332	2011-01-04 05:10:24.755781
108	DR8/KB732/DRS131/DR1/DBQ816/AMS329/JR7: Slab DF Folkstone Grey Door Material	Material	{"price":"8.4","waste_factor":"","thickness":"0","cutrite_code":"19-FOL-2S","color":"Folkstone Grey","price_units":"ft","thickness_units":"mm","dvinci_id":"003"}	2011-01-02 01:57:59.265935	2011-01-04 05:10:24.768139
103	DR8/KB732/DRS131/DR1/DBQ816/AMS329/JR7: Slab DF Sable Glow Door Material	Material	{"price":"10.25","waste_factor":"","thickness":"0","cutrite_code":"19-CHO-2S","color":"Sable Glow","price_units":"ft","thickness_units":"mm","dvinci_id":"007"}	2011-01-02 01:57:59.1791	2011-01-04 05:10:24.779979
3	FOLKSTONE GRAY	Color	{"color":"FOLKSTONE GRAY","dvinci_id":"003"}	2011-01-01 18:53:38.921582	2011-01-11 23:17:31.966216
4	CARMEL APPLE	Color	{"color":"CARMEL APPLE","dvinci_id":"004"}	2011-01-01 18:53:38.942642	2011-01-11 23:17:31.977053
78	DRS131/DR1 Ruston Maple Door Material	Material	{"price":"13.2","thickness":"0","cutrite_code":"19-MAP-2S","color":"Ruston Maple","price_units":"ft","thickness_units":"mm","dvinci_id":"010"}	2011-01-02 01:57:56.767067	2011-01-02 03:01:21.503543
237	Antique White	Material	{"price":"1.0934","thickness":"1","waste_factor":".1","cutrite_code":"19-ANT-2S","color":"Antique White","price_units":"ft","thickness_units":"in","dvinci_id":"002"}	2011-01-13 01:26:23.763481	2011-01-13 01:28:14.488083
79	DRS131/DR1 Sable Glow Door Material	Material	{"price":"13.2","thickness":"0","cutrite_code":"19-CHO-2S","color":"Sable Glow","price_units":"ft","thickness_units":"mm","dvinci_id":"007"}	2011-01-02 01:57:56.874902	2011-01-02 03:01:21.509886
66	White Edge 19mm	EdgeBand	{"price":".0220","width_units":"mm","cutrite_code":".5x19-WHT","color":"White","price_units":"ft","dvinci_id":"001","width":"19"}	2011-01-01 23:06:31.509474	2011-01-01 23:13:34.833589
67	WS Bronze Edge 19mm	EdgeBand	{"price":".0580","width_units":"mm","cutrite_code":".5x19-BRO","color":"Windswept Bronze","price_units":"ft","dvinci_id":"008","width":"19"}	2011-01-01 23:13:34.837934	2011-01-02 00:03:23.43071
68	WS Pewter Edge 19mm	EdgeBand	{"price":".0830","width_units":"mm","cutrite_code":".5x19-PEW","color":"Windswept Pewter","price_units":"ft","dvinci_id":"009","width":"19"}	2011-01-01 23:13:34.854001	2011-01-02 00:03:23.443211
69	HR Maple Edge 19mm	EdgeBand	{"price":".0410","width_units":"mm","cutrite_code":".5x19-MAP","color":"Hardrock Maple","price_units":"ft","dvinci_id":"010","width":"19"}	2011-01-01 23:13:34.868691	2011-01-02 00:03:23.457877
70	Ant White Edge 19mm	EdgeBand	{"price":".0420","width_units":"mm","cutrite_code":".5x19-ANT","color":"Antique White","price_units":"ft","dvinci_id":"002","width":"19"}	2011-01-01 23:13:34.882769	2011-01-02 00:03:23.46244
30	Laminate 4887 Tan Soapstone	Color	{"color":"Laminate 4887 Tan Soapstone","dvinci_id":"315"}	2011-01-01 18:54:13.714368	2011-01-01 18:54:13.763876
31	Laminate 7921 Tuscan Walnut	Color	{"color":"Laminate 7921 Tuscan Walnut","dvinci_id":"316"}	2011-01-01 18:54:13.824507	2011-01-01 18:54:13.876669
321	BirchPly13	Material	{"price":".014","waste_factor":"","thickness":"13","weight":"1.25","cutrite_code":"","color":"","price_units":"in","thickness_units":"mm","dvinci_id":""}	2011-02-02 20:49:02.50733	2011-02-09 00:01:24.754735
32	Laminate 7942 Cocobala	Color	{"color":"Laminate 7942 Cocobala","dvinci_id":"317"}	2011-01-01 18:54:13.985847	2011-01-01 18:54:14.006245
34	Laminate 10776 Kingstone Maple	Color	{"color":"Laminate 10776 Kingstone Maple","dvinci_id":"319"}	2011-01-01 18:54:14.62576	2011-01-01 18:54:14.789209
35	Laminate D92 Dove Grey	Color	{"color":"Laminate D92 Dove Grey","dvinci_id":"320"}	2011-01-01 18:54:15.122372	2011-01-01 18:54:15.306135
36	Laminate D403 White Sand	Color	{"color":"Laminate D403 White Sand","dvinci_id":"321"}	2011-01-01 18:54:15.451936	2011-01-01 18:54:15.586638
37	WHITE	Color	{"color":"WHITE","dvinci_id":"901"}	2011-01-01 18:54:27.734909	2011-01-01 18:54:27.756203
38	ANTIQUE WHITE	Color	{"color":"ANTIQUE WHITE","dvinci_id":"902"}	2011-01-01 18:54:28.600979	2011-01-01 18:54:28.64322
39	FOLKSTONE GRAY	Color	{"color":"FOLKSTONE GRAY","dvinci_id":"903"}	2011-01-01 18:54:29.180127	2011-01-01 18:54:29.409012
40	CARMEL APPLE	Color	{"color":"CARMEL APPLE","dvinci_id":"904"}	2011-01-01 18:54:29.848025	2011-01-01 18:54:30.037354
41	WILD APPLE	Color	{"color":"WILD APPLE","dvinci_id":"905"}	2011-01-01 18:54:30.533534	2011-01-01 18:54:30.547805
42	MAHOGANY IMPRESSIONS	Color	{"color":"MAHOGANY IMPRESSIONS","dvinci_id":"906"}	2011-01-01 18:54:31.002918	2011-01-01 18:54:31.047899
43	CHOCOLATE APPLE	Color	{"color":"CHOCOLATE APPLE","dvinci_id":"907"}	2011-01-01 18:54:31.467425	2011-01-01 18:54:31.485711
44	HARDROCK MAPLE	Color	{"color":"HARDROCK MAPLE","dvinci_id":"910"}	2011-01-01 18:54:31.968845	2011-01-01 18:54:31.996223
45	WINDSWEPT PEWTER	Color	{"color":"WINDSWEPT PEWTER","dvinci_id":"909"}	2011-01-01 18:54:32.472925	2011-01-01 18:54:32.486334
46	WINDSWEPT BRONZE	Color	{"color":"WINDSWEPT BRONZE","dvinci_id":"908"}	2011-01-01 18:54:32.953556	2011-01-01 18:54:33.049523
71	Folk Gray Edge 19mm	EdgeBand	{"price":".0420","width_units":"mm","cutrite_code":".5x19-GRY","color":"Folkstone Gray","price_units":"ft","dvinci_id":"003","width":"19"}	2011-01-01 23:13:34.896653	2011-01-02 00:03:23.466643
2	ANTIQUE WHITE	Color	{"color":"ANTIQUE WHITE","dvinci_id":"002"}	2011-01-01 18:53:38.899741	2011-01-11 23:17:31.95688
6	MAHOGANY IMPRESSIONS	Color	{"color":"MAHOGANY IMPRESSIONS","dvinci_id":"006"}	2011-01-01 18:53:38.985069	2011-01-11 23:17:32.063143
11	HARDROCK MAPLE	Color	{"color":"HARDROCK MAPLE","dvinci_id":"010"}	2011-01-01 18:53:57.262055	2011-01-11 23:17:32.080827
236	White	Material	{"price":"0.8350","thickness":"1","waste_factor":".1","cutrite_code":"19-WHT-2S","color":"White","price_units":"ft","thickness_units":"in","dvinci_id":"001"}	2011-01-13 01:26:23.740628	2011-01-13 01:28:14.492695
72	Carmel Apple Edge 19mm	EdgeBand	{"price":".0640","width_units":"mm","cutrite_code":".5x19-DES","color":"Carmel Apple","price_units":"ft","dvinci_id":"004","width":"19"}	2011-01-01 23:13:34.910417	2011-01-02 00:03:23.47424
73	Wild Apple Edge 19mm	EdgeBand	{"price":".0450","width_units":"mm","cutrite_code":".5x19-AUT","color":"Wild Apple","price_units":"ft","dvinci_id":"005","width":"19"}	2011-01-01 23:13:34.924418	2011-01-02 00:03:23.484146
74	Choc Apple Edge 19mm	EdgeBand	{"price":".0450","width_units":"mm","cutrite_code":".5x19-SAB","color":"Chocolate Apple","price_units":"ft","dvinci_id":"007","width":"19"}	2011-01-01 23:13:34.938432	2011-01-02 00:03:23.487934
80	DRS131/DR1 White Door Material	Material	{"price":"10.6","thickness":"0","cutrite_code":"19-WHT-2S","color":"White","price_units":"ft","thickness_units":"mm","dvinci_id":"001"}	2011-01-02 01:57:56.968172	2011-01-02 03:01:21.513984
81	DRS131/DR1 Mahogany Impressions Door Material	Material	{"price":"13.2","thickness":"0","cutrite_code":"19-MAH-2S","color":"Mahogany Impressions","price_units":"ft","thickness_units":"mm","dvinci_id":"006"}	2011-01-02 01:57:57.169508	2011-01-02 03:01:21.518095
82	DRS131/DR1 Autumn Glow Door Material	Material	{"price":"13.2","thickness":"0","cutrite_code":"19-WIL-2S","color":"Autumn Glow","price_units":"ft","thickness_units":"mm","dvinci_id":"005"}	2011-01-02 01:57:57.185669	2011-01-02 03:01:21.5225
83	DRS131/DR1 Desert Glow Door Material	Material	{"price":"13.2","thickness":"0","cutrite_code":"19-CAR-2S","color":"Desert Glow","price_units":"ft","thickness_units":"mm","dvinci_id":"004"}	2011-01-02 01:57:57.347637	2011-01-02 03:01:21.52661
84	DRS131/DR1 Folkstone Grey Door Material	Material	{"price":"12.0","thickness":"0","cutrite_code":"19-FOL-2S","color":"Folkstone Grey","price_units":"ft","thickness_units":"mm","dvinci_id":"003"}	2011-01-02 01:57:57.498395	2011-01-02 03:01:21.530366
85	DRS131/DR1 Antique White Door Material	Material	{"price":"12.0","thickness":"0","cutrite_code":"19-ANT-2S","color":"Antique White","price_units":"ft","thickness_units":"mm","dvinci_id":"002"}	2011-01-02 01:57:57.667965	2011-01-02 03:01:21.534068
48	Windswept Pewter	Material	{"price":"1.0300","waste_factor":".1","thickness":".75","weight":"2.5","cutrite_code":"19-PEW-2S","color":"Windswept Pewter","price_units":"ft","thickness_units":"in","dvinci_id":"009"}	2011-01-01 19:43:30.187892	2011-02-08 23:56:32.08937
49	Hardrock Maple	Material	{"price":".7834","waste_factor":".08","thickness":".75","weight":"2.5","cutrite_code":"19-MAP-2S","color":"Hardrock Maple","price_units":"ft","thickness_units":"in","dvinci_id":"010"}	2011-01-01 19:43:30.20049	2011-02-08 23:56:32.09291
50	White	Material	{"price":".6109","waste_factor":".08","thickness":".75","weight":"2.5","cutrite_code":"19-WHT-2S","color":"White","price_units":"ft","thickness_units":"in","dvinci_id":"001"}	2011-01-01 19:43:30.212786	2011-02-08 23:56:32.096385
54	Wild Apple	Material	{"price":".8944","waste_factor":".1","thickness":".75","weight":"2.5","cutrite_code":"19-WIL-2S","color":"Wild Apple","price_units":"ft","thickness_units":"in","dvinci_id":"005"}	2011-01-01 19:43:30.261504	2011-02-08 23:56:32.110299
58	Windswept Pewter	Material	{"price":".9538","waste_factor":".15","thickness":".25","weight":".8333","cutrite_code":"19-PEW-2S","color":"Windswept Pewter","price_units":"ft","thickness_units":"in","dvinci_id":"009"}	2011-01-01 20:39:20.296068	2011-02-08 23:57:30.841475
60	White	Material	{"price":".3453","waste_factor":".1","thickness":".25","weight":".8333","cutrite_code":"19-WHT-2S","color":"White","price_units":"ft","thickness_units":"in","dvinci_id":"001"}	2011-01-01 20:39:20.338942	2011-02-08 23:57:30.845458
59	Hardrock Maple	Material	{"price":".4100","waste_factor":".1","thickness":".25","weight":".8333","cutrite_code":"19-MAP-2S","color":"Hardrock Maple","price_units":"ft","thickness_units":"in","dvinci_id":"010"}	2011-01-01 20:39:20.325647	2011-02-08 23:57:30.849065
61	Antique White	Material	{"price":".4313","waste_factor":".15","thickness":".25","weight":".8333","cutrite_code":"19-ANT-2S","color":"Antique White","price_units":"ft","thickness_units":"in","dvinci_id":"002"}	2011-01-01 20:39:20.351948	2011-02-08 23:57:30.852716
63	Carmel Apple	Material	{"price":".4466","waste_factor":".15","thickness":".25","weight":".8333","cutrite_code":"19-CAR-2S","color":"Carmel Apple","price_units":"ft","thickness_units":"in","dvinci_id":"004"}	2011-01-01 20:39:20.437403	2011-02-08 23:57:30.860117
64	Wild Apple	Material	{"price":".4466","waste_factor":".15","thickness":".25","weight":".8333","cutrite_code":"19-WIL-2S","color":"Wild Apple","price_units":"ft","thickness_units":"in","dvinci_id":"005"}	2011-01-01 20:39:20.45073	2011-02-08 23:57:30.863724
65	Chocolate Apple	Material	{"price":".4466","waste_factor":".15","thickness":".25","weight":".8333","cutrite_code":"19-CHO-2S","color":"Chocolate Apple","price_units":"ft","thickness_units":"in","dvinci_id":"007"}	2011-01-01 20:39:20.494798	2011-02-08 23:57:30.867392
106	DR8/KB732/DRS131/DR1/DBQ816/AMS329/JR7: Slab DF Autumn Glow Door Material	Material	{"price":"10.25","waste_factor":"","thickness":"0","cutrite_code":"19-WIL-2S","color":"Autumn Glow","price_units":"ft","thickness_units":"mm","dvinci_id":"005"}	2011-01-02 01:57:59.226407	2011-01-04 05:10:24.760353
107	DR8/KB732/DRS131/DR1/DBQ816/AMS329/JR7: Slab DF Desert Glow Door Material	Material	{"price":"10.25","waste_factor":"","thickness":"0","cutrite_code":"19-CAR-2S","color":"Desert Glow","price_units":"ft","thickness_units":"mm","dvinci_id":"004"}	2011-01-02 01:57:59.246316	2011-01-04 05:10:24.76435
102	DR8/KB732/DRS131/DR1/DBQ816/AMS329/JR7: Slab DF Ruston Maple Door Material	Material	{"price":"10.25","waste_factor":"","thickness":"0","cutrite_code":"19-MAP-2S","color":"Ruston Maple","price_units":"ft","thickness_units":"mm","dvinci_id":"010"}	2011-01-02 01:57:59.165751	2011-01-04 05:10:24.776055
104	DR8/KB732/DRS131/DR1/DBQ816/AMS329/JR7: Slab DF White Door Material	Material	{"price":"7.6","waste_factor":"","thickness":"0","cutrite_code":"19-WHT-2S","color":"White","price_units":"ft","thickness_units":"mm","dvinci_id":"001"}	2011-01-02 01:57:59.192076	2011-01-04 05:10:24.783992
94	DR8/DBQ816/KB732 Ruston Maple Door Material	Material	{"price":"8.15","thickness":"0","cutrite_code":"19-MAP-2S","color":"Ruston Maple","price_units":"ft","thickness_units":"mm","dvinci_id":"010"}	2011-01-02 01:57:59.02372	2011-01-02 03:02:51.944025
95	DR8/DBQ816/KB732 Sable Glow Door Material	Material	{"price":"8.15","thickness":"0","cutrite_code":"19-CHO-2S","color":"Sable Glow","price_units":"ft","thickness_units":"mm","dvinci_id":"007"}	2011-01-02 01:57:59.043058	2011-01-02 03:02:52.013895
100	DR8/DBQ816/KB732 Folkstone Grey Door Material	Material	{"price":"6.65","thickness":"0","cutrite_code":"19-FOL-2S","color":"Folkstone Grey","price_units":"ft","thickness_units":"mm","dvinci_id":"003"}	2011-01-02 01:57:59.106002	2011-01-02 03:02:52.044127
96	DR8/DBQ816/KB732 White Door Material	Material	{"price":"6.0","thickness":"0","cutrite_code":"19-WHT-2S","color":"White","price_units":"ft","thickness_units":"mm","dvinci_id":"001"}	2011-01-02 01:57:59.055659	2011-01-02 03:02:52.070732
101	DR8/DBQ816/KB732 Antique White Door Material	Material	{"price":"6.65","thickness":"0","cutrite_code":"19-ANT-2S","color":"Antique White","price_units":"ft","thickness_units":"mm","dvinci_id":"002"}	2011-01-02 01:57:59.118327	2011-01-02 03:02:52.134123
97	DR8/DBQ816/KB732 Mahogany Impressions Door Material	Material	{"price":"8.15","thickness":"0","cutrite_code":"19-MAH-2S","color":"Mahogany Impressions","price_units":"ft","thickness_units":"mm","dvinci_id":"006"}	2011-01-02 01:57:59.068377	2011-01-02 03:02:52.145201
98	DR8/DBQ816/KB732 Autumn Glow Door Material	Material	{"price":"8.15","thickness":"0","cutrite_code":"19-WIL-2S","color":"Autumn Glow","price_units":"ft","thickness_units":"mm","dvinci_id":"005"}	2011-01-02 01:57:59.081279	2011-01-02 03:02:52.15324
109	DR8/KB732/DRS131/DR1/DBQ816/AMS329/JR7: Slab DF Antique White Door Material	Material	{"price":"8.4","waste_factor":"","thickness":"0","cutrite_code":"19-ANT-2S","color":"Antique White","price_units":"ft","thickness_units":"mm","dvinci_id":"002"}	2011-01-02 01:57:59.294033	2011-01-04 05:10:24.772069
1	WHITE	Color	{"color":"WHITE","dvinci_id":"001"}	2011-01-01 18:53:38.869436	2011-01-11 23:17:31.947428
8	Polished Chrome	Color	{"color":"Polished Chrome","dvinci_id":"100"}	2011-01-01 18:53:51.005597	2011-01-01 18:53:51.047561
9	Matte Nickel	Color	{"color":"Matte Nickel","dvinci_id":"200"}	2011-01-01 18:53:51.134188	2011-01-01 18:53:51.20192
10	Oil Rubbed Bronze	Color	{"color":"Oil Rubbed Bronze","dvinci_id":"300"}	2011-01-01 18:53:51.25903	2011-01-01 18:53:51.279624
14	POWDER COAT RED	Color	{"color":"POWDER COAT RED","dvinci_id":"011"}	2011-01-01 18:54:06.999487	2011-01-01 19:45:43.964086
15	POWDER COAT GRANITE	Color	{"color":"POWDER COAT GRANITE","dvinci_id":"012"}	2011-01-01 18:54:07.199988	2011-01-01 19:45:44.003822
16	Laminate 1573 Frosty White	Color	{"color":"Laminate 1573 Frosty White","dvinci_id":"301"}	2011-01-01 18:54:11.824512	2011-01-01 18:54:11.847407
17	Laminate 1595 Black	Color	{"color":"Laminate 1595 Black","dvinci_id":"302"}	2011-01-01 18:54:11.894853	2011-01-01 18:54:11.932143
18	Laminate 4552 Ebony Star	Color	{"color":"Laminate 4552 Ebony Star","dvinci_id":"303"}	2011-01-01 18:54:11.958614	2011-01-01 18:54:11.976511
19	Laminate 4781 Sunstone	Color	{"color":"Laminate 4781 Sunstone","dvinci_id":"304"}	2011-01-01 18:54:12.086803	2011-01-01 18:54:12.137005
20	Laminate 4789 Limestone	Color	{"color":"Laminate 4789 Limestone","dvinci_id":"305"}	2011-01-01 18:54:12.164497	2011-01-01 18:54:12.206244
21	Laminate 4790 Greystone	Color	{"color":"Laminate 4790 Greystone","dvinci_id":"306"}	2011-01-01 18:54:12.335465	2011-01-01 18:54:12.416697
22	Laminate 4791 Willowstone	Color	{"color":"Laminate 4791 Willowstone","dvinci_id":"307"}	2011-01-01 18:54:12.434278	2011-01-01 18:54:12.449309
23	Laminate 4794 Windswept Bronze	Color	{"color":"Laminate 4794 Windswept Bronze","dvinci_id":"308"}	2011-01-01 18:54:12.495119	2011-01-01 18:54:12.67363
24	Laminate 4795 Windswept Pewter	Color	{"color":"Laminate 4795 Windswept Pewter","dvinci_id":"309"}	2011-01-01 18:54:12.832563	2011-01-01 18:54:12.88897
25	Laminate 4882 Oiled Soapstone	Color	{"color":"Laminate 4882 Oiled Soapstone","dvinci_id":"310"}	2011-01-01 18:54:12.915153	2011-01-01 18:54:12.932999
26	Laminate 4883 Sable Soapstone	Color	{"color":"Laminate 4883 Sable Soapstone","dvinci_id":"311"}	2011-01-01 18:54:12.965078	2011-01-01 18:54:13.022269
27	Laminate 4884 Flame Soapstone	Color	{"color":"Laminate 4884 Flame Soapstone","dvinci_id":"312"}	2011-01-01 18:54:13.164689	2011-01-01 18:54:13.21624
28	Laminate 4885 Green Soapstone	Color	{"color":"Laminate 4885 Green Soapstone","dvinci_id":"313"}	2011-01-01 18:54:13.355059	2011-01-01 18:54:13.466738
29	Laminate 4886 Pearl Soapstone	Color	{"color":"Laminate 4886 Pearl Soapstone","dvinci_id":"314"}	2011-01-01 18:54:13.614368	2011-01-01 18:54:13.675325
5	WILD APPLE	Color	{"color":"WILD APPLE","dvinci_id":"005"}	2011-01-01 18:53:38.964206	2011-01-11 23:17:32.052081
7	CHOCOLATE APPLE	Color	{"color":"CHOCOLATE APPLE","dvinci_id":"007"}	2011-01-01 18:53:39.005412	2011-01-11 23:17:32.072177
12	WINDSWEPT PEWTER	Color	{"color":"WINDSWEPT PEWTER","dvinci_id":"009"}	2011-01-01 18:53:57.440814	2011-01-11 23:17:32.090432
13	WINDSWEPT BRONZE	Color	{"color":"WINDSWEPT BRONZE","dvinci_id":"008"}	2011-01-01 18:53:57.549276	2011-01-11 23:17:32.098877
222	WS Bronze Edge 25mm	EdgeBand	{"price":"0.1186","width_units":"mm","cutrite_code":".5x25-BRO","price_units":"ft","color":"Windswept Bronze","dvinci_id":"008","width":"25"}	2011-01-12 19:40:28.334653	2011-01-12 19:40:28.334653
223	WS Pewter Edge 25mm	EdgeBand	{"price":"0.1180","width_units":"mm","cutrite_code":".5x25-PEW","price_units":"ft","color":"Windswept Pewter","dvinci_id":"009","width":"25"}	2011-01-12 19:40:28.358856	2011-01-12 19:40:28.358856
224	HR Maple Edge 25mm	EdgeBand	{"price":"0.0897","width_units":"mm","cutrite_code":".5x25-MAP","price_units":"ft","color":"Hardrock Maple","dvinci_id":"010","width":"25"}	2011-01-12 19:40:28.373546	2011-01-12 19:40:28.373546
225	Ant White Edge 25mm	EdgeBand	{"price":"0.1060","width_units":"mm","cutrite_code":".5x25-ANT","price_units":"ft","color":"Antique White","dvinci_id":"002","width":"25"}	2011-01-12 19:40:28.388062	2011-01-12 19:40:28.388062
240	Wild Apple	Material	{"price":"1.13","waste_factor":".1","thickness":"1","weight":"3.3333","cutrite_code":"19-WIL-2S","color":"Wild Apple","price_units":"ft","thickness_units":"in","dvinci_id":"005"}	2011-01-13 02:52:08.231369	2011-02-08 23:58:24.196806
226	Folk Gray Edge 25mm	EdgeBand	{"price":"0.1060","width_units":"mm","cutrite_code":".5x25-GRY","price_units":"ft","color":"Folkstone Gray","dvinci_id":"003","width":"25"}	2011-01-12 19:40:28.403451	2011-01-12 19:40:28.403451
227	Carmel Apple Edge 25mm	EdgeBand	{"price":"0.1060","width_units":"mm","cutrite_code":".5x25-DES","price_units":"ft","color":"Carmel Apple","dvinci_id":"004","width":"25"}	2011-01-12 19:40:28.419187	2011-01-12 19:40:28.419187
228	Wild Apple Edge 25mm	EdgeBand	{"price":"0.1060","width_units":"mm","cutrite_code":".5x25-AUT","price_units":"ft","color":"Wild Apple","dvinci_id":"005","width":"25"}	2011-01-12 19:40:28.434545	2011-01-12 19:40:28.434545
229	Choc Apple Edge 25mm	EdgeBand	{"price":"0.1060","width_units":"mm","cutrite_code":".5x25-SAB","price_units":"ft","color":"Chocolate Apple","dvinci_id":"007","width":"25"}	2011-01-12 19:40:28.462357	2011-01-12 19:40:28.462357
33	Laminate 7948 Mambo	Color	{"color":"Laminate 7948 Mambo","dvinci_id":"318"}	2011-01-01 18:54:14.30295	2011-01-01 18:54:14.447964
294	White	Color	{"color":"White","dvinci_id":"901"}	2011-01-21 01:24:54.832872	2011-01-21 01:24:54.853223
295	Antique White	Color	{"color":"Antique White","dvinci_id":"902"}	2011-01-21 01:24:54.861631	2011-01-21 01:24:54.874675
296	Carmel Apple	Color	{"color":"Carmel Apple","dvinci_id":"904"}	2011-01-21 01:24:54.88253	2011-01-21 01:24:54.895555
297	Wild Apple	Color	{"color":"Wild Apple","dvinci_id":"905"}	2011-01-21 01:24:54.903379	2011-01-21 01:24:54.916233
298	Chocolate Apple	Color	{"color":"Chocolate Apple","dvinci_id":"907"}	2011-01-21 01:24:54.923959	2011-01-21 01:24:54.937759
299	Hardrock Maple	Color	{"color":"Hardrock Maple","dvinci_id":"910"}	2011-01-21 01:24:54.94582	2011-01-21 01:24:54.958887
300	Windswept Pewter	Color	{"color":"Windswept Pewter","dvinci_id":"909"}	2011-01-21 01:24:54.966728	2011-01-21 01:24:54.979198
301	Windswept Bronze	Color	{"color":"Windswept Bronze","dvinci_id":"908"}	2011-01-21 01:24:54.986447	2011-01-21 01:24:54.998772
161	AMS329 Mahogany Impressions Door Material	Material	{"price":"15.95","thickness":"0","cutrite_code":"19-MAH-2S","color":"Mahogany Impressions","price_units":"ft","thickness_units":"mm","dvinci_id":"006"}	2011-01-02 01:58:03.81454	2011-01-02 02:59:19.281859
162	AMS329 Autumn Glow Door Material	Material	{"price":"15.95","thickness":"0","cutrite_code":"19-WIL-2S","color":"Autumn Glow","price_units":"ft","thickness_units":"mm","dvinci_id":"005"}	2011-01-02 01:58:03.827819	2011-01-02 02:59:19.285953
163	AMS329 Desert Glow Door Material	Material	{"price":"15.95","thickness":"0","cutrite_code":"19-CAR-2S","color":"Desert Glow","price_units":"ft","thickness_units":"mm","dvinci_id":"004"}	2011-01-02 01:58:03.845947	2011-01-02 02:59:19.289945
164	AMS329 Folkstone Grey Door Material	Material	{"price":"14.1","thickness":"0","cutrite_code":"19-FOL-2S","color":"Folkstone Grey","price_units":"ft","thickness_units":"mm","dvinci_id":"003"}	2011-01-02 01:58:03.85805	2011-01-02 02:59:19.314598
165	AMS329 Antique White Door Material	Material	{"price":"14.1","thickness":"0","cutrite_code":"19-ANT-2S","color":"Antique White","price_units":"ft","thickness_units":"mm","dvinci_id":"002"}	2011-01-02 01:58:03.870263	2011-01-02 02:59:19.318725
158	AMS329 Ruston Maple Door Material	Material	{"price":"15.95","thickness":"0","cutrite_code":"19-MAP-2S","color":"Ruston Maple","price_units":"ft","thickness_units":"mm","dvinci_id":"010"}	2011-01-02 01:58:03.593594	2011-01-02 02:59:19.322789
159	AMS329 Sable Glow Door Material	Material	{"price":"15.95","thickness":"0","cutrite_code":"19-CHO-2S","color":"Sable Glow","price_units":"ft","thickness_units":"mm","dvinci_id":"007"}	2011-01-02 01:58:03.713967	2011-01-02 02:59:19.326736
99	DR8/DBQ816/KB732 Desert Glow Door Material	Material	{"price":"8.15","thickness":"0","cutrite_code":"19-CAR-2S","color":"Desert Glow","price_units":"ft","thickness_units":"mm","dvinci_id":"004"}	2011-01-02 01:57:59.093828	2011-01-02 03:02:51.914847
173	White	EdgeBand	{"price":".05","width_units":"mm","cutrite_code":".5x25-WHT","color":"White","price_units":"ft","dvinci_id":"001","width":"25"}	2011-01-02 16:38:58.687043	2011-01-12 19:18:32.055155
149	JR7 Antique White Door Material	Material	{"price":"10.45","waste_factor":"","thickness":"0","cutrite_code":"19-ANT-2S","price_units":"ft","color":"Antique White","thickness_units":"mm","dvinci_id":"002"}	2011-01-02 01:58:02.879111	2011-02-04 20:15:35.732178
142	JR7 Ruston Maple Door Material	Material	{"price":"12.3","waste_factor":"","thickness":"0","cutrite_code":"19-MAP-2S","price_units":"ft","color":"Ruston Maple","thickness_units":"mm","dvinci_id":"010"}	2011-01-02 01:58:02.543165	2011-02-04 20:15:35.73723
53	Carmel Apple	Material	{"price":".8944","waste_factor":".1","thickness":".75","weight":"2.5","cutrite_code":"19-CAR-2S","color":"Carmel Apple","price_units":"ft","thickness_units":"in","dvinci_id":"004"}	2011-01-01 19:43:30.249309	2011-02-08 23:56:32.106823
57	Windswept Bronze	Material	{"price":".9194","waste_factor":".15","thickness":".25","weight":".8333","cutrite_code":"19-BRO-2S","color":"Windswept Bronze","price_units":"ft","thickness_units":"in","dvinci_id":"008"}	2011-01-01 20:39:20.274224	2011-02-08 23:57:30.836883
238	Folkstone Gray	Material	{"price":"0.9640","waste_factor":".1","thickness":"1","weight":"3.3333","cutrite_code":"19-FOL-2S","color":"Folkstone Gray","price_units":"ft","thickness_units":"in","dvinci_id":"003"}	2011-01-13 01:32:38.610749	2011-02-08 23:58:24.188765
239	Carmel Apple	Material	{"price":"1.13","waste_factor":".1","thickness":"1","weight":"3.3333","cutrite_code":"19-CAR-2S","color":"Carmel Apple","price_units":"ft","thickness_units":"in","dvinci_id":"004"}	2011-01-13 01:32:38.639668	2011-02-08 23:58:24.193147
241	Chocolate Apple	Material	{"price":"1.13","waste_factor":".1","thickness":"1","weight":"3.3333","cutrite_code":"19-CHO-2S","color":"Chocolate Apple","price_units":"ft","thickness_units":"in","dvinci_id":"007"}	2011-01-13 02:52:08.250763	2011-02-08 23:58:24.200819
242	Windswept Bronze	Material	{"price":"1.10","waste_factor":".1","thickness":"1","weight":"3.3333","cutrite_code":"19-BRO-2S","color":"Windswept Bronze","price_units":"ft","thickness_units":"in","dvinci_id":"008"}	2011-01-13 02:52:08.265909	2011-02-08 23:58:24.204635
243	Windswept Pewter	Material	{"price":"1.13","waste_factor":".1","thickness":"1","weight":"3.3333","cutrite_code":"19-PEW-2S","color":"Windswept Pewter","price_units":"ft","thickness_units":"in","dvinci_id":"009"}	2011-01-13 02:52:08.282131	2011-02-08 23:58:24.208359
244	Hardrock Maple	Material	{"price":"1.02","waste_factor":".1","thickness":"1","weight":"3.3333","cutrite_code":"19-MAP-2S","color":"Hardrock Maple","price_units":"ft","thickness_units":"in","dvinci_id":"010"}	2011-01-13 02:52:08.29689	2011-02-08 23:58:24.212068
211	White	Material	{"price":".3453","waste_factor":".1","thickness":".25","weight":".8333","cutrite_code":"19-WHT-2S","color":"White","price_units":"ft","thickness_units":"in","dvinci_id":"001"}	2011-01-12 17:51:38.749889	2011-02-08 23:58:46.040747
215	Wild Apple	Material	{"price":".8944","waste_factor":".1","thickness":".75","weight":"2.5","cutrite_code":"19-WIL-2S","color":"Wild Apple","price_units":"ft","thickness_units":"in","dvinci_id":"005"}	2011-01-12 18:33:39.885205	2011-02-08 23:59:26.951301
202	Hardrock Maple	Material	{"price":".7206","waste_factor":".08","thickness":".75","weight":"2.5","cutrite_code":"19-MAP-2S","color":"Hardrock Maple","price_units":"ft","thickness_units":"in","dvinci_id":"010"}	2011-01-07 18:04:26.721687	2011-02-08 23:59:26.972463
198	PB19	Material	{"price":".44","waste_factor":".03","thickness":".75","weight":"2.5","cutrite_code":"19-RAW-2S","color":"White","price_units":"ft","thickness_units":"in","dvinci_id":"000"}	2011-01-06 15:18:17.157484	2011-02-09 00:00:05.387331
143	JR7 Sable Glow Door Material	Material	{"price":"12.3","waste_factor":"","thickness":"0","cutrite_code":"19-CHO-2S","price_units":"ft","color":"Sable Glow","thickness_units":"mm","dvinci_id":"007"}	2011-01-02 01:58:02.596498	2011-02-04 20:15:35.740986
146	JR7 Autumn Glow Door Material	Material	{"price":"12.3","waste_factor":"","thickness":"0","cutrite_code":"19-WIL-2S","price_units":"ft","color":"Autumn Glow","thickness_units":"mm","dvinci_id":"005"}	2011-01-02 01:58:02.807216	2011-02-04 20:15:35.751648
147	JR7 Desert Glow Door Material	Material	{"price":"12.3","waste_factor":"","thickness":"0","cutrite_code":"19-CAR-2S","price_units":"ft","color":"Desert Glow","thickness_units":"mm","dvinci_id":"004"}	2011-01-02 01:58:02.853236	2011-02-04 20:15:35.755243
148	JR7 Folkstone Grey Door Material	Material	{"price":"10.45","waste_factor":"","thickness":"0","cutrite_code":"19-FOL-2S","price_units":"ft","color":"Folkstone Grey","thickness_units":"mm","dvinci_id":"003"}	2011-01-02 01:58:02.86636	2011-02-04 20:15:35.758945
144	JR7 White Door Material	Material	{"price":"9.65","waste_factor":"","thickness":"0","cutrite_code":"19-WHT-2S","price_units":"ft","color":"White","thickness_units":"mm","dvinci_id":"001"}	2011-01-02 01:58:02.697866	2011-02-04 20:38:41.844339
174	White Edge 25mm	EdgeBand	{"price":".05","width_units":"mm","cutrite_code":".5x25-WHT","color":"White","price_units":"ft","dvinci_id":"001","width":"25"}	2011-01-02 16:38:59.016062	2011-01-12 19:40:28.478699
145	JR7 Mahogany Impressions Door Material	Material	{"price":"12.3","waste_factor":"","thickness":"0","cutrite_code":"19-MAH-2S","price_units":"ft","color":"Mahogany Impressions","thickness_units":"mm","dvinci_id":"006"}	2011-01-02 01:58:02.723188	2011-02-04 20:15:35.747966
204	Windswept Pewter	Material	{"price":".865","waste_factor":".08","thickness":".75","weight":"2.5","cutrite_code":"19-PEW-2S","color":"Windswept Pewter","price_units":"ft","thickness_units":"in","dvinci_id":"009"}	2011-01-07 18:04:26.747598	2011-02-08 23:59:26.955017
217	Antique White	Material	{"price":".8000","waste_factor":".1","thickness":".75","weight":"2.5","cutrite_code":"19-ANT-2S","color":"Antique White","price_units":"ft","thickness_units":"in","dvinci_id":"002"}	2011-01-12 18:33:39.919074	2011-02-08 23:59:26.961896
218	Carmel Apple	Material	{"price":".8944","waste_factor":".1","thickness":".75","weight":"2.5","cutrite_code":"19-CAR-2S","color":"Carmel Apple","price_units":"ft","thickness_units":"in","dvinci_id":"004"}	2011-01-12 18:33:39.935701	2011-02-08 23:59:26.965293
214	Chocolate Apple	Material	{"price":".8944","waste_factor":".1","thickness":".75","weight":"2.5","cutrite_code":"19-CHO-2S","color":"Chocolate Apple","price_units":"ft","thickness_units":"in","dvinci_id":"007"}	2011-01-12 18:33:39.861336	2011-02-08 23:59:26.979279
181	White	Material	{"price":".01375","waste_factor":"0","thickness":".5","weight":"1.6666","cutrite_code":"","color":"White","price_units":"in","thickness_units":"in","dvinci_id":"051"}	2011-01-03 23:57:34.312045	2011-02-09 00:02:11.234179
\.


--
-- Data for Name: roles; Type: TABLE DATA; Schema: public; Owner: pg_orders
--

COPY roles (id, name) FROM stdin;
1	admin
2	franchisee
3	product_admin
4	customer_service
5	accounting
\.


--
-- Data for Name: schema_migrations; Type: TABLE DATA; Schema: public; Owner: pg_orders
--

COPY schema_migrations (version) FROM stdin;
20101211051916
20110102162841
20110107203559
20110107223821
20110118194835
20110122234915
20110123003150
20110124035919
20110126052224
20110127165319
20110127190139
20110130192256
20110131002855
20110206020657
20110206020759
20110206042757
20110208234259
20110211213114
\.


--
-- Data for Name: user_roles; Type: TABLE DATA; Schema: public; Owner: pg_orders
--

COPY user_roles (user_id, role_id) FROM stdin;
32	1
49	1
23	2
30	2
2	2
48	2
29	2
16	2
47	2
28	2
27	2
52	1
8	3
31	2
35	1
5	2
4	2
60	2
42	1
55	2
36	2
40	1
53	4
63	2
7	2
44	2
58	2
64	2
1	2
9	2
65	2
18	2
66	2
67	2
22	2
68	2
26	2
69	2
70	2
71	2
15	2
72	2
73	2
74	2
11	2
75	2
76	2
77	2
78	2
79	2
80	2
17	2
46	2
81	2
82	2
83	2
62	2
25	2
10	2
13	2
12	2
3	2
84	2
51	3
51	4
19	2
45	2
85	2
86	2
87	2
20	2
88	2
89	2
90	2
91	2
92	2
93	2
57	2
94	2
95	2
59	5
34	4
\.


--
-- Data for Name: users; Type: TABLE DATA; Schema: public; Owner: pg_orders
--

COPY users (id, title, first_name, last_name, phone, phone2, fax, email, encrypted_password, password_salt, reset_password_token, remember_token, remember_created_at, sign_in_count, current_sign_in_at, last_sign_in_at, current_sign_in_ip, last_sign_in_ip, created_at, updated_at) FROM stdin;
28	Ms.	Tiffany	Travis	(703) 707-0009		(703) 889-5133	ttravis@closettrailors.com	$2a$10$iCfva.Tv4seNOft6LTZmMu4jR5zm5bbhIsUfmwj8vqUR6.S4lgs16	$2a$10$iCfva.Tv4seNOft6LTZmMu	\N	\N	\N	0	\N	\N	\N	\N	2011-01-01 18:53:35.671535	2011-01-01 18:53:35.691498
29	Ms.	Mary Beth	Lorenz	(608) 318-1667		(608) 318-0665	ctmadison@closettailors.com	$2a$10$OHOoEpiikKAW3Jlhm.3FQeRak.JlPGt8Cx/eOR0GcYB1B46v9SBDu	$2a$10$OHOoEpiikKAW3Jlhm.3FQe	\N	\N	\N	0	\N	\N	\N	\N	2011-01-01 18:53:35.854706	2011-01-01 18:53:35.887619
30	Ms.	Estela	Estrada	(714) 637-2100		(714) 998-8901	estela@homefranchiseeconcepts.com	$2a$10$cFthe26Eeb2RAC4Lj2MJ8edHzNF0SnQ5cd6EmJWJLcT57he/MLCU.	$2a$10$cFthe26Eeb2RAC4Lj2MJ8e	\N	\N	\N	0	\N	\N	\N	\N	2011-01-01 18:53:36.124513	2011-01-01 18:53:36.130825
2	Mr.	Vince	Hunter	(250) 452-9575	(250) 878-2790	(250) 764-9576	lvhunter@closettailors.com	$2a$10$8dtzeTjVukPkXVnrZoUsBODyg1uzt8N5MNdRRNjzO4XaNFKvTANyK	$2a$10$8dtzeTjVukPkXVnrZoUsBO	\N	\N	\N	0	\N	\N	\N	\N	2011-01-01 18:53:32.001854	2011-01-01 18:53:36.009949
8	\N	Customer Service	PG	480-483-3030		480-483-7895	info@premiergarage.com	$2a$10$B8ij4mhstLCYA3L69NAF5OgSwt2Gl2.hjC333B9JTG9VUHWn0E8qK	$2a$10$B8ij4mhstLCYA3L69NAF5O	\N	\N	\N	0	\N	\N	\N	\N	2011-01-01 18:53:32.919109	2011-01-27 00:32:32.680546
16	Mr.	Bob	Nakamura	(760) 931-1160	(760) 522-7017	(760) 931-1105	rnakamura@tailoredliving.com	$2a$10$1MIk8sgcGMPPvRiYpWTbquqeT5efhNlr2gbtn6wRlKvAbMfVkIpI2	$2a$10$1MIk8sgcGMPPvRiYpWTbqu	\N	\N	\N	0	\N	\N	\N	\N	2011-01-01 18:53:33.935232	2011-01-01 18:53:37.783566
31	Mrs.	Jodi	Duchesne	(780) 444-4495	(780 983-5522	(780) 444-4344	duchesne@tailoredliving.com	$2a$10$jr.WGscm43bzYLCqH41RruYwank5yL6wuAcliLkD9IznX8jtk.kry	$2a$10$jr.WGscm43bzYLCqH41Rru	\N	\N	\N	2	2011-01-27 18:37:39.160114	2011-01-27 18:24:05.937583	71.196.137.193	71.196.137.193	2011-01-01 18:53:36.240116	2011-01-30 21:09:00.185987
9	\N	John	Scheschuk	(972) 740-9944		(972)767-4301	jkscheschuk@tailoredliving.com	$2a$10$jNtaLJjEzHhQh8z.X4jmZewypyRNviD/2LDy9/a1ICFD.SYdMCTSW	$2a$10$jNtaLJjEzHhQh8z.X4jmZe	\N	\N	\N	0	\N	\N	\N	\N	2011-01-01 18:53:33.043335	2011-02-11 15:18:03.190987
7	Mr.	Kevin	Kinney	(480) 298-5200	(480) 298-5200	(480) 614-9414	kkinney@closettailors.com	$2a$10$58JySWgSlSOTLNpBvtxwyeqj1.247pjPyEuFyxxnFzNqaRJ72T9G6	$2a$10$58JySWgSlSOTLNpBvtxwye	\N	\N	\N	0	\N	\N	\N	\N	2011-01-01 18:53:32.727983	2011-02-11 15:00:35.38979
4	Mr.	Tim	Woollen	(608) 318-1667	(608) 345-3967	(608) 318-0665	twoollen@tkwstorage.com	$2a$10$2GpCmKcvnROf4BesohQXcu9ampnBTLdmDTbhLpikDDVkllrTKqcPa	$2a$10$2GpCmKcvnROf4BesohQXcu	\N	\N	\N	4	2011-02-06 00:58:18.675541	2011-02-05 22:52:44.633438	71.196.137.193	184.220.184.75	2011-01-01 18:53:32.256749	2011-02-06 00:58:18.676577
36	Mr.	Dave	Angers	(714) 279-2481	(714) 496-0868	(714) 637-1400	davea@closettailors.com	$2a$10$xo/nM73amtMdms4dwF9inuMDAlqSmZjcO0QPfsL.iFf6U83uDdeMu	$2a$10$xo/nM73amtMdms4dwF9inu	\N	\N	\N	3	2011-02-10 21:39:28.996215	2011-02-09 15:54:36.451137	67.203.136.36	67.203.136.36	2011-01-01 18:53:36.829115	2011-02-10 21:39:28.997063
44	Mr.	Cory	Goldney	(866) 947-9427	(250) 228-7768	(250)947-9428	cgoldney@tailoredliving.com	$2a$10$SkFO42imT6qi7YTj0YfVFO31zKvO92mFSVCQX3ZkuW5RoUaJ55ZYa	$2a$10$SkFO42imT6qi7YTj0YfVFO	\N	\N	\N	0	\N	\N	\N	\N	2011-01-01 18:53:37.748043	2011-02-11 15:02:38.399442
1	Mr.	Scott	Barnes	(714) 637-2100 Ext 6402	(714) 200-5479	(714) 637-1400	scott@tailoredliving.com	$2a$10$oNmnLyJDPsg9wsOwShovJO8j/K.1qLIdNxzTmxjBELh/Zvvvq09CS	$2a$10$oNmnLyJDPsg9wsOwShovJO	\N	\N	\N	11	2011-02-01 01:37:23.339761	2011-01-26 13:29:47.229576	71.196.137.193	184.250.160.131	2011-01-01 18:53:31.856627	2011-02-11 15:13:37.22113
22	Mr.	Tim	Blin	(904) 645-0885	(904) 234-1699	(904)645-0875	tblin@tailoredliving.com	$2a$10$VQ5n7TMVeK1JIX2Mhi6YKeaDHDcpkY8YKTrtbkxgAzNjklsjm5Kwq	$2a$10$VQ5n7TMVeK1JIX2Mhi6YKe	\N	\N	\N	0	\N	\N	\N	\N	2011-01-01 18:53:34.831371	2011-02-11 15:37:35.458327
26	Mr.	Calvin	Connell	(208) 733-6768	(208) 280-0880	(208) 733-6768	cconnell@tailoredliving.com	$2a$10$L34zvvTQ6Cujakc.zlzPDuZenFpHabWniwKGbngEO67wN6ThjchXa	$2a$10$L34zvvTQ6Cujakc.zlzPDu	\N	\N	\N	0	\N	\N	\N	\N	2011-01-01 18:53:35.426306	2011-02-11 15:42:17.587949
15	Mr.	Dan	Kerth	(859) 488-0078	(859) 866-8266	(859) 488-0079	dckerth@tailoredliving.com	$2a$10$dN/ZEOlxbZ3vnZ7d80DCcOzSvIlP009q6bvvMDIiIibb2GU0T7Xny	$2a$10$dN/ZEOlxbZ3vnZ7d80DCcO	\N	\N	\N	0	\N	\N	\N	\N	2011-01-01 18:53:33.810296	2011-02-11 15:50:01.193305
11	Mrs.	Meri Lynn	Bisch	(636) 728-0333	(636) 399-9529	(314)434-1976	mlbisch@tailoredliving.com	$2a$10$ADDAS8SmsuiYYeZKnzUNnOotiUtMQw4.rDlDTYZby2k/6Joy7g8La	$2a$10$ADDAS8SmsuiYYeZKnzUNnO	\N	\N	\N	0	\N	\N	\N	\N	2011-01-01 18:53:33.30654	2011-02-11 16:03:31.935311
17	Mr.	Peter	Selwyn	(613) 256-9898			pwselwyn@tailoredliving.com	$2a$10$2MGQofO1/.avFeB0.98QAuWEGvjqmCJht6lOQjMc3f.Q5VloRcd4W	$2a$10$2MGQofO1/.avFeB0.98QAu	\N	\N	\N	0	\N	\N	\N	\N	2011-01-01 18:53:34.153324	2011-02-11 16:21:23.505245
46	Mr.	Jim	Friesen	(503) 390-0522	(503) 302-6029		jfriesen@tailoredliving.com	$2a$10$d1qe/mYTbWRWl7lko.J5h.xVbtQAMF1PsQOSVpKjsmBTZMU.GJrJa	$2a$10$d1qe/mYTbWRWl7lko.J5h.	\N	\N	\N	0	\N	\N	\N	\N	2011-01-01 18:53:38.091546	2011-02-11 16:23:31.156631
25	Mr.	Harrison	Rushton	(423) 517-0303	(423) 322-3629	(423) 517-0531	harushton@tailoredliving.com	$2a$10$.yVK9FbYq/YoL5IlF55nbOi022KRwX/7grrDJakHYoacJI7lKxej6	$2a$10$.yVK9FbYq/YoL5IlF55nbO	\N	\N	\N	0	\N	\N	\N	\N	2011-01-01 18:53:35.298971	2011-02-11 16:41:57.485489
10	\N	Brian	Perry	512-966-6736		5129865892	bperry@tailoredliving.com	$2a$10$UBaakMd4UvAuO9wR6ZKXYetSMViG2h/8Gi7CkxWaolPlCm/eOJ7IO	$2a$10$UBaakMd4UvAuO9wR6ZKXYe	\N	\N	\N	0	\N	\N	\N	\N	2011-01-01 18:53:33.181217	2011-02-11 16:43:30.457589
13	Mr.	Eddie	Stribling	(713) 996-8510	(281) 381-7866	(713) 996-8511	shouston@tailoredliving.com	$2a$10$xJDcoAPu1y05y/54ifCtIu6Po1N7yegromRy8aJLl2rnWLum6MXe2	$2a$10$xJDcoAPu1y05y/54ifCtIu	\N	\N	\N	0	\N	\N	\N	\N	2011-01-01 18:53:33.554435	2011-02-11 16:46:32.790676
12	\N	Keith	Garrett	(281) 748-7403		2812923300	kdgarrett@tailoredliving.com	$2a$10$CkTvuupysEseZHCiYtn9ie6IA14YsoTR9jbV3klcEqkI26hM/wT1K	$2a$10$CkTvuupysEseZHCiYtn9ie	\N	\N	\N	0	\N	\N	\N	\N	2011-01-01 18:53:33.430408	2011-02-11 17:23:08.127975
19	Mr.	Chris	Poehlman	(949) 297-3951	(949) 297-3953	(949) 297-3953	cpoehlman@tailoredliving.com	$2a$10$Ibgg85e122/ACSmukYEwo.SEIe8zqsTELGTeikfp6xbCxD6pPskeG	$2a$10$Ibgg85e122/ACSmukYEwo.	\N	\N	\N	0	\N	\N	\N	\N	2011-01-01 18:53:34.410377	2011-02-11 17:49:48.260535
3	Mr.	Mike	Lyon	(253) 261-4253		(253) 447-4575	mlyon@closettailors.com	$2a$10$tAAc7rouXHHla0deiqJPq.m7DZ7KXZJ.Oe8lfrOsHHl6LDhKFIia6	$2a$10$tAAc7rouXHHla0deiqJPq.	\N	\N	\N	1	2011-02-11 17:41:20.482843	2011-02-11 17:41:20.482843	174.79.54.226	174.79.54.226	2011-01-01 18:53:32.127395	2011-02-11 17:41:20.483608
45	Ms.	Jackie	Poehlman	(949) 831-3244	(949)939-6845	(949) 297-3953	jpoehlman@tailoredliving.com	$2a$10$h2/BHnBLmWipNnMCVTNwSOL0CW/1MOwG5R6cmaF9TS3JqS.lres1m	$2a$10$h2/BHnBLmWipNnMCVTNwSO	\N	\N	\N	0	\N	\N	\N	\N	2011-01-01 18:53:37.963796	2011-02-11 17:50:16.872148
20	Mr.	Jeffery	Vlasak	(262) 633-8850	(262) 488-3826	(262) 866-2093	jvlasak@tailoredliving.com	$2a$10$j9DCWY7J.99SOjfcaQH9ye2opLsFYmOE.mal2aTRwod/BLSkztxkq	$2a$10$j9DCWY7J.99SOjfcaQH9ye	\N	\N	\N	0	\N	\N	\N	\N	2011-01-01 18:53:34.535755	2011-02-11 17:58:42.001612
34	Mrs.	Yolanda	Quihuis	623-792-2308		(480) 483-7895	yquihuis@premiergarage.com	$2a$10$BT03LR43InvaehkVDC/WLOTkEjXaawfGLRCkTqlhEg9iO034OgFlu	$2a$10$BT03LR43InvaehkVDC/WLO	3ZBUI-8hDNdnOvQffTrM	\N	\N	2	2011-02-01 23:48:23.787014	2011-01-26 22:55:55.999978	174.79.54.226	71.196.137.193	2011-01-01 18:53:36.603664	2011-02-12 16:05:21.367742
47	Mr.	David	Stauber	(503) 390-0522	(503) 302-9473		dstauber@livingtailored.com	$2a$10$v2ODLxkKYSmlDTuAgKg6R.jvRGiDQfA1VhgE5G9sqemO1MZXtCSa2	$2a$10$v2ODLxkKYSmlDTuAgKg6R.	\N	\N	\N	0	\N	\N	\N	\N	2011-01-01 18:53:38.282367	2011-01-01 18:53:38.40561
23	Mr.	Ron	Blaski	(805) 462-8133	(805) 610-3358	(805) 466-4642	rblaski@tailoredliving.com	$2a$10$xy7AywGy7mafASpjkxrKKOGGp/RlPRYWPiQKYFyvxhOvHcgxy5s46	$2a$10$xy7AywGy7mafASpjkxrKKO	\N	\N	\N	0	\N	\N	\N	\N	2011-01-01 18:53:35.048918	2011-01-01 18:53:38.43325
48	Mr.	Travis	Leduc	(403) 315-0323		(403) 257-5012	ctsa@tailoredlving.com	$2a$10$yCpq6r/scwz8JUz3XBhO.e55OnfAYV.g/bnmAKv9qQoPjMyN6Rzga	$2a$10$yCpq6r/scwz8JUz3XBhO.e	\N	\N	\N	0	\N	\N	\N	\N	2011-01-01 18:53:38.537552	2011-01-01 18:53:38.544167
27	Mr.	William	Welborn	(972) 247-3030	(214) 251-9736		dallas@premiergarage.com	$2a$10$DFnI.5P9MkRoJUsNExSD/uP1FqMTc3pXe3yFv2u.tjJmK2d/SwRv.	$2a$10$DFnI.5P9MkRoJUsNExSD/u	\N	\N	\N	0	\N	\N	\N	\N	2011-01-01 18:53:35.546803	2011-01-01 18:53:38.611661
52	\N	Shaun	Lieberman				shaunl81@gmail.com	$2a$10$tfEQ/D5/pD5zxrGO1uj/JuT.IWf8ffbvJNCsxmVCichayBpx5liMu	$2a$10$tfEQ/D5/pD5zxrGO1uj/Ju	awz0ahz3F15FpREbipK4	\N	\N	10	2011-02-02 00:58:16.647804	2011-01-26 14:00:00.768041	98.227.34.3	69.174.58.44	2011-01-23 16:28:32.887677	2011-02-02 00:58:16.648734
54	\N	Test	User	222-222-2222			test@hylotech.com	$2a$10$U7zCzKW787M7GA0wmwK7Fenitw2Yqx3KunqQ6x1rgISlm.HQZN86u	$2a$10$U7zCzKW787M7GA0wmwK7Fe	DBGnjCTJvWF9sMHP6Ogj	\N	\N	2	2011-02-05 18:13:38.576164	2011-01-25 16:01:52.288137	98.245.88.239	98.245.88.239	2011-01-25 16:00:52.065032	2011-02-05 18:13:47.247457
65	\N	Bob	Parizo	(805)988-0900		(805)988-0020	bparizo@tailoredliving.com	$2a$10$LJ2tYoloCVxlo7kGsRIA/OUamlgqPqn47lTO98XkUXNysUOvernJW	$2a$10$LJ2tYoloCVxlo7kGsRIA/O	\N	\N	\N	0	\N	\N	\N	\N	2011-02-11 15:27:04.739565	2011-02-11 15:27:04.739565
60	\N	Steve	Bisch	(636) 399-8262	(636) 399-8262	(314) 434-1976	sbisch@tailoredliving.com	$2a$10$OIKMvh3KJPb/y4smzl1kMu62KumAEkBUxb8CRZ2B5DQZzwSjf9sfa	$2a$10$OIKMvh3KJPb/y4smzl1kMu	\N	\N	\N	4	2011-02-10 04:41:19.18874	2011-02-10 04:39:46.672736	174.79.54.226	174.79.54.226	2011-01-27 18:32:44.56832	2011-02-10 04:41:19.189739
5	Mr.	Todd	Carter	(703) 707-0009	(703) 217-8217	(703) 889-5133	tcarter@closettailors.com	$2a$10$eJKywvdryMeEhZDIa26H3.tyvmChU3zOj0XbTQBEaB8u1.jZsh4a2	$2a$10$eJKywvdryMeEhZDIa26H3.	\N	\N	\N	3	2011-02-11 17:41:41.570908	2011-02-05 03:27:45.242304	174.79.54.226	71.196.137.193	2011-01-01 18:53:32.475866	2011-02-11 17:41:41.571673
55	\N	Test2	User2				divisidera@gmail.com	$2a$10$j3OqWEyN9bsBZDc8B9rqJOot80ydg0608BB/XxH0khvncoJwAzTrG	$2a$10$j3OqWEyN9bsBZDc8B9rqJO	Fttey0xtfhjmfBFqemTy	\N	\N	1	2011-02-06 19:04:28.151609	2011-02-06 19:04:28.151609	71.196.137.193	71.196.137.193	2011-01-25 16:13:52.429598	2011-02-06 19:08:03.533115
57	\N	Starla	Reichow	480-483-3030		480-483-7895	sreichow@premiergarage.com	$2a$10$T4Lrm08rGA8p749rc7PNPepYB2xQkmFocezJ4k1TwcH7vrtZjh1Ei	$2a$10$T4Lrm08rGA8p749rc7PNPe	\N	\N	\N	3	2011-02-05 03:50:59.191057	2011-02-05 03:49:57.120622	71.196.137.193	71.196.137.193	2011-01-27 00:19:16.5581	2011-02-11 18:21:54.712844
35	Mr.	Peter	Saal	303 578-9085		(480) 483-7895	peter.saal@gmail.com	$2a$10$hemGRKYA92914j1zZRi4SO7iBxSGXl8ohjBDRlIjPUt9M4oB2LqIG	$2a$10$hemGRKYA92914j1zZRi4SO	\N	\N	\N	76	2011-02-12 16:18:51.653787	2011-02-12 16:00:23.388838	184.247.42.94	184.247.42.94	2011-01-01 18:53:36.717099	2011-02-12 16:18:51.654635
51	\N	Dalawna	Dillman	480-483-3030		480-483-7895	ddillman@premiergarage.com	$2a$10$BobgDLbaUTnRj/mLYlwzyuOuzMi.DidT3w7MPY3xfM82NoJi1V6bi	$2a$10$BobgDLbaUTnRj/mLYlwzyu	\N	\N	\N	6	2011-02-07 16:20:05.759254	2011-01-30 20:40:29.163697	174.79.54.226	70.176.124.201	2011-01-06 23:44:42.653941	2011-02-11 17:47:46.185439
18	Ms.	Kathy	Graham	(760) 320-1914			kgraham@tailoredliving.com	$2a$10$hiJTCKugu/62u4ca7t5mAuSZHXuN6zVXUVCRwPb1vJofUfVaDsiqy	$2a$10$hiJTCKugu/62u4ca7t5mAu	\N	\N	\N	0	\N	\N	\N	\N	2011-01-01 18:53:34.284249	2011-02-11 15:28:40.875758
53	\N	Cindy	Schmidt	480-483-3030		480-483-7895	cschmidt@premiergarage.com	$2a$10$cznJs66nT7EY9Fd41T4rXeOl7aMTmVzhZjIshVm9n30LMIR.weipS	$2a$10$cznJs66nT7EY9Fd41T4rXe	\N	af1grgyB-glnPvpSxdNN	2011-02-11 14:11:03.548477	16	2011-02-11 14:15:01.617687	2011-02-11 14:11:03.553611	174.79.54.226	174.79.54.226	2011-01-25 14:40:57.572165	2011-02-11 14:15:01.618307
63	\N	Daryl	Ellison	(205)956-3939		(205) 956-3939	dellison@tailoredliving.com	$2a$10$0G4IjJxgMrd8hXlDXDnI8u1bAsf1HG8sG0/c.8me6.25WjrB/Mkxe	$2a$10$0G4IjJxgMrd8hXlDXDnI8u	\N	\N	\N	0	\N	\N	\N	\N	2011-02-11 14:59:30.879529	2011-02-11 14:59:30.879529
66	\N	Joseph	Chang	(951)653-7510			jchang@tailoredliving.com	$2a$10$ikYg7wRH08wxwiKYIfQnj.DF67CGFYs1JVPY9OgOrSplpWQOmOnS6	$2a$10$ikYg7wRH08wxwiKYIfQnj.	\N	\N	\N	0	\N	\N	\N	\N	2011-02-11 15:33:26.75444	2011-02-11 15:33:26.75444
67	\N	Jeff	McDonald	(707)545-9794	(707)571-8950		sanfrancisco@tailoredliving.com	$2a$10$VtCo.uf5VG/3R3.e3bbhxuwnn6ZkFRURUBD.yEWGF8jL5JcfRadxq	$2a$10$VtCo.uf5VG/3R3.e3bbhxu	\N	\N	\N	0	\N	\N	\N	\N	2011-02-11 15:36:07.879298	2011-02-11 15:36:07.879298
40	Mr.	Don	Shultz	(623) 792-2227	(602) 763-0344	(480) 483-7895	dshultz@premiergarage.com	$2a$10$MG7jvb2ANcQol09CUGjYXe3pGvKSKwfCY47Ui1lB96ELXFL7WPVy6	$2a$10$MG7jvb2ANcQol09CUGjYXe	\N	oVK11K-WIYyMB1g4KThR	2011-02-09 20:00:44.187164	1	2011-02-09 20:00:44.190719	2011-02-09 20:00:44.190719	174.79.54.226	174.79.54.226	2011-01-01 18:53:37.279262	2011-02-09 20:00:44.19123
58	\N	Jim	Edwards	480-483-3030		480-483-7895	jedwards@premiergarage.com	$2a$10$moAo/4mvyL3XAMJYgCyBwePloF5VDWDM2jxrZ4/0ZYt4TtPjwy1Je	$2a$10$moAo/4mvyL3XAMJYgCyBwe	\N	\N	\N	0	\N	\N	\N	\N	2011-01-27 00:20:08.250214	2011-02-11 15:06:13.222884
64	\N	Nick	Granato	(650)286-9676		(650)286-9690	bayarea@tailoredliving.com	$2a$10$jHR4hGGLk8bnj.4HUJvhW.w.gs9ifSRzHnGRCW488uTvU6Rz7Afqy	$2a$10$jHR4hGGLk8bnj.4HUJvhW.	\N	\N	\N	0	\N	\N	\N	\N	2011-02-11 15:09:59.375718	2011-02-11 15:09:59.375718
68	\N	Dave	Williamson	(813)909-2957		(813)909-2967	dwilliamson@tailoredliving.com	$2a$10$0lA6JZrGpaBBGTWOr1Jju./bZUOxpBhUopLErh4XeLKYpC2Yf2Lhm	$2a$10$0lA6JZrGpaBBGTWOr1Jju.	\N	\N	\N	0	\N	\N	\N	\N	2011-02-11 15:40:12.31394	2011-02-11 15:40:12.31394
69	\N	Bill	Bruneman	(630)289-7760			bkbruneman@tailoredliving.com	$2a$10$JvGmZM1XoN/T/0fecH5WWOyFW9ejX7UHKm2O1zIA5E.0YhHJuaMsG	$2a$10$JvGmZM1XoN/T/0fecH5WWO	\N	\N	\N	0	\N	\N	\N	\N	2011-02-11 15:44:13.571037	2011-02-11 15:44:13.571037
70	\N	Jonathan	Elliott	(317)842-4272			jelliott@tailoredliving.com	$2a$10$QdCyDzvjLpoFGGW9Ii5ebOG0.YMNGl4gb2UL8VeNxnXRZlo8VNNoa	$2a$10$QdCyDzvjLpoFGGW9Ii5ebO	\N	\N	\N	0	\N	\N	\N	\N	2011-02-11 15:47:02.028477	2011-02-11 15:47:02.028477
71	\N	Kenny	Keeling	(859)881-0760			kkeeling@tailoredliving.com	$2a$10$kSldxQKtYoNh6kADUrfiXOuPiR.U/6QSOmIH1gSYahFxYVwbDqeHK	$2a$10$kSldxQKtYoNh6kADUrfiXO	\N	\N	\N	0	\N	\N	\N	\N	2011-02-11 15:49:15.873043	2011-02-11 15:49:15.873043
72	\N	Samantha	Hebert	(337)564-0322		(337)564-0323	shebert@tailoredliving.com	$2a$10$5dKxgGtmnPC7piB3M/o3CeJ2B1biE3rBx4ucOXxbuneILSQ4QmPim	$2a$10$5dKxgGtmnPC7piB3M/o3Ce	\N	\N	\N	0	\N	\N	\N	\N	2011-02-11 15:52:08.12167	2011-02-11 15:52:08.12167
73	\N	Jim	Gessler	(248)669-8900			jgessler@tailoredliving.com	$2a$10$z5XQd8XZleOMPbdAFxx8W.FV4T1wxcJjJ3QkFTbvD2KijuecHSfZy	$2a$10$z5XQd8XZleOMPbdAFxx8W.	\N	\N	\N	0	\N	\N	\N	\N	2011-02-11 15:54:37.090809	2011-02-11 15:54:37.090809
32	Mr.	Eric	Hunt	(623) 792-2289	(602) 763-2228	(480) 483-7895	trimmer27@gmail.com	$2a$10$CT7wKcOoI/V3l3d1qp4bkekvTTlkM5l.1asMzH/2ShkytQ7XHCMaq	$2a$10$CT7wKcOoI/V3l3d1qp4bke	9leByFUSq_JW11-Qd7f-	\N	\N	64	2011-02-12 05:15:57.831648	2011-02-11 20:17:58.744823	70.176.124.201	174.79.54.226	2011-01-01 18:53:36.365777	2011-02-12 05:15:57.83268
42	Mr.	Steve	Bisch	(636) 399-8262		(314) 434-1976	sbisch@premiergarage.com	$2a$10$6D5IPHbt1ZDvqKYPR1ubNOv/VvEOn5J15JtKhtGsTPynH8JBrSOX2	$2a$10$6D5IPHbt1ZDvqKYPR1ubNO	oIXcV0yZ7p6DLczNcZzj	\N	\N	25	2011-02-11 20:15:37.142733	2011-02-11 04:16:51.403603	174.79.54.226	174.79.54.226	2011-01-01 18:53:37.503767	2011-02-11 20:15:37.143965
59	\N	Theresia	Lampe	480-483-3030		480-483-7895	tlampe@premiergarage.com	$2a$10$hhs6anLSTrWi46oOFhSPiOzU/dE9dZSGr3bzNEa0i.BvEs2tv5p/m	$2a$10$hhs6anLSTrWi46oOFhSPiO	\N	\N	\N	2	2011-02-12 16:05:49.537255	2011-02-11 21:39:10.318037	184.247.42.94	174.79.54.226	2011-01-27 00:30:04.370057	2011-02-12 16:05:49.538084
74	\N	Brian	Marine	(651)454-1315		(651)454-1336	bmarine@tailoredliving.com	$2a$10$pffsNm.4PZuDLiVHiBddFuXzrxU9eo1HVpod7eimQCtZDXANWhkua	$2a$10$pffsNm.4PZuDLiVHiBddFu	\N	\N	\N	0	\N	\N	\N	\N	2011-02-11 16:01:44.01807	2011-02-11 16:01:44.01807
75	\N	Rick	Wunderlich	(636)300-0015		(636)300-0017	rwunderlich@tailoredliving.com	$2a$10$/0AogAFZwjhoF.QPJKqS1er1ojp72AxBrwKiHHenkr9kQnkA6CsD6	$2a$10$/0AogAFZwjhoF.QPJKqS1e	\N	\N	\N	0	\N	\N	\N	\N	2011-02-11 16:05:54.075362	2011-02-11 16:05:54.075362
76	\N	Leslie	Wells	(704)799-6679		(828)726-8453	lwells@tailoredliving.com	$2a$10$qUvdO/NBKK47da/MrpSYJ.jHPxNgbGQ4VWVWw6eZ1yEkzrdEvv4OG	$2a$10$qUvdO/NBKK47da/MrpSYJ.	\N	\N	\N	0	\N	\N	\N	\N	2011-02-11 16:08:35.174247	2011-02-11 16:08:35.174247
77	\N	Alan	Morgan	(910)246-0150		(910)692-4958	amorgan@tailoredliving.com	$2a$10$HtCjgPzcWHCkmMgnWJljsujoDcqsSnlpu/QPJ.0CYPDVoX.MdJXva	$2a$10$HtCjgPzcWHCkmMgnWJljsu	\N	\N	\N	0	\N	\N	\N	\N	2011-02-11 16:10:55.088599	2011-02-11 16:10:55.088599
78	\N	Dave	Galt	(701)281-0558		(701)281-0568	dgalt@tailoredliving.com	$2a$10$Q68LeGuHsIkpYtD5ecREtePJy3k2ipbqnVLTCA8dsCCOmoiwNyGxS	$2a$10$Q68LeGuHsIkpYtD5ecREte	\N	\N	\N	0	\N	\N	\N	\N	2011-02-11 16:13:15.331096	2011-02-11 16:13:15.331096
79	\N	Jay	Feingold	(201)487-8989		(201)487-8980	jfeingold@tailoredliving.com	$2a$10$2kloJQMEuik6zLOX8d/Sp.pV7dU7J4zImjGtySHYHbQaVvdwWX2Xe	$2a$10$2kloJQMEuik6zLOX8d/Sp.	\N	\N	\N	0	\N	\N	\N	\N	2011-02-11 16:16:07.72259	2011-02-11 16:16:07.72259
80	\N	Robert 	Chiavaroli	(732)710-7426			rchiavaroli@tailoredliving.com	$2a$10$Y0mQQS3vGCrRCpA3rWPeFutYFlKyT1gVKr/kq6O3GoKwWuhIXTc9C	$2a$10$Y0mQQS3vGCrRCpA3rWPeFu	\N	\N	\N	0	\N	\N	\N	\N	2011-02-11 16:17:59.828796	2011-02-11 16:17:59.828796
81	\N	Kari	Mitchell	(843)645-2411		(843)645-2411	kmitchell@tailoredliving.com	$2a$10$MMV2O6Tt.bykvZvJGoPTDez5t/X1nVOS0p5JfCpb6LLF44cbecn4y	$2a$10$MMV2O6Tt.bykvZvJGoPTDe	\N	\N	\N	0	\N	\N	\N	\N	2011-02-11 16:25:49.33952	2011-02-11 16:25:49.33952
82	\N	Jeff	Phillips	(865)947-8686			jphillips@tailoredliving.com	$2a$10$QRVTDCZkXn2G6X8YAPnta.OeCKVIfIzIIwRsTZByj.qybiRZdv1Q2	$2a$10$QRVTDCZkXn2G6X8YAPnta.	\N	\N	\N	0	\N	\N	\N	\N	2011-02-11 16:32:45.602502	2011-02-11 16:32:45.602502
83	\N	Rick	Scott	(615)255-1847		(615)255-1851	rscott@tailoredliving.com	$2a$10$9Tf667BVeMbBTFZzmQUvTOWaRFw3zO95GzYnG9VImiTgUcBmobRlO	$2a$10$9Tf667BVeMbBTFZzmQUvTO	\N	\N	\N	0	\N	\N	\N	\N	2011-02-11 16:35:12.732193	2011-02-11 16:35:12.732193
62	\N	Ben	Bennett	(602) 373-0110			bbennett@premiergarage.com	$2a$10$eN6CVb2AoSlb97xZ7VOpx.TsMWsJbGixMsyMbRWiGswA.W2GCPWUC	$2a$10$eN6CVb2AoSlb97xZ7VOpx.	\N	\N	\N	1	2011-02-09 05:26:30.790526	2011-02-09 05:26:30.790526	68.3.127.48	68.3.127.48	2011-02-09 05:15:48.299469	2011-02-11 16:36:29.241353
84	\N	Rick	Cobb	(804)355-1595			rcobb@tailoredliving.com	$2a$10$Kj2PkYxo/mIuyjYsTPM4tu18tEVCyWYfgALL.UsoLJm/9RVydCzwq	$2a$10$Kj2PkYxo/mIuyjYsTPM4tu	\N	\N	\N	0	\N	\N	\N	\N	2011-02-11 17:45:25.56565	2011-02-11 17:45:25.56565
85	\N	Bill	Peach	(253)853-1855			bpeach@tailoredliving.com	$2a$10$T63DmJX0td/5XMKdomhxFOfPPaQBlBOvTvMlsv8If5OpQXE5MdgGq	$2a$10$T63DmJX0td/5XMKdomhxFO	\N	\N	\N	0	\N	\N	\N	\N	2011-02-11 17:52:17.358388	2011-02-11 17:52:17.358388
86	\N	Brian	Hering	(262)250-7575		(262)364-2096	bhering@tailoredliving.com	$2a$10$Ujk08b.vkPl//aD6tRdHg.8OdyUy97KIwdwPfcUgpgnXofc7tOgMy	$2a$10$Ujk08b.vkPl//aD6tRdHg.	\N	\N	\N	0	\N	\N	\N	\N	2011-02-11 17:55:15.210442	2011-02-11 17:55:15.210442
87	\N	Julee	Barnett	(608)630-0246			jtbarnett@tailoredliving.com	$2a$10$vWUvYBtdwbzkuSbI5c/Ai.ICbxiKbCnU7mZHMqkHYQhI64L4sZi9.	$2a$10$vWUvYBtdwbzkuSbI5c/Ai.	\N	\N	\N	0	\N	\N	\N	\N	2011-02-11 17:57:13.665014	2011-02-11 17:57:13.665014
88	\N	Andrew	Amenta	239-949-5584		239-949-9923	swflorida@premiergarage.com	$2a$10$.cjW.GOIh3sr0CnoZA2NHOcGe3R0xoVPCQQnE2.EJ5JRZEp2pW8aW	$2a$10$.cjW.GOIh3sr0CnoZA2NHO	\N	\N	\N	0	\N	\N	\N	\N	2011-02-11 18:03:58.211053	2011-02-11 18:03:58.211053
89	\N	User	A				nobody@nothing.com	$2a$10$g.dgx1zJP/oDMADJYDe/zuoUK9b9v3ArzzNAoKeaSbMVo1J5yb3tu	$2a$10$g.dgx1zJP/oDMADJYDe/zu	\N	\N	\N	0	\N	\N	\N	\N	2011-02-11 18:07:39.459118	2011-02-11 18:07:39.459118
90	\N	Jim	Riggs	704-561-3334		704-561-3332	jriggs@premiergarage.com	$2a$10$dhytJ6R.20WB3OtczdFxi.JylSE5mPBopVqWSGWryuQya4qz12QI2	$2a$10$dhytJ6R.20WB3OtczdFxi.	\N	\N	\N	0	\N	\N	\N	\N	2011-02-11 18:08:22.756504	2011-02-11 18:08:22.756504
91	\N	Askari	Sabbaghi	604-464-1999		604-357-1073	askari.sabbaghi@gmail.com	$2a$10$Sq4kHxLuSRiupwKwXtKPMOtmXjBIQiBXYHw.vQ4X.plRd3vcFyDpC	$2a$10$Sq4kHxLuSRiupwKwXtKPMO	\N	\N	\N	0	\N	\N	\N	\N	2011-02-11 18:11:12.157826	2011-02-11 18:11:12.157826
92	\N	Joe	Fay	609-443-7590		732-409-7237	centralnj@premiergarage.com	$2a$10$S/AY53Jx39a9sOTJVFtJ/eoUxh5vMrbjm1UNnc8AdMqd2HGer1/UK	$2a$10$S/AY53Jx39a9sOTJVFtJ/e	\N	\N	\N	0	\N	\N	\N	\N	2011-02-11 18:17:00.115637	2011-02-11 18:17:00.115637
93	\N	Ed	Brady	888-542-1221		410-569-9646	delval@PremierGarage.com	$2a$10$XVq3306yf4veXgICj5yCdOjgAvlI342p7oobfTsDA28wX49Fo9MtS	$2a$10$XVq3306yf4veXgICj5yCdO	\N	\N	\N	0	\N	\N	\N	\N	2011-02-11 18:19:32.770532	2011-02-11 18:19:32.770532
94	\N	Scott	House	(954) 797-9275		(954) 797-9726	scott.house.sf@premiergarage.com	$2a$10$hTpvqWZRRZ3iOKJjb1qRsu/yVyH7JlGx1xEsCndFzXIqi5nAxroUS	$2a$10$hTpvqWZRRZ3iOKJjb1qRsu	\N	\N	\N	0	\N	\N	\N	\N	2011-02-11 18:25:32.24439	2011-02-11 18:25:32.24439
95	\N	Frank	Pochiro	864-295-4100		864-295-9642	westerncarolinas@premiergarage.com	$2a$10$jUfQAhje/wwFlOJQmDU43.ZWB1RxFFyyWqPLYsqpXHjjCfN8EDvYK	$2a$10$jUfQAhje/wwFlOJQmDU43.	\N	\N	\N	0	\N	\N	\N	\N	2011-02-11 18:28:30.675844	2011-02-11 18:31:33.831547
49	\N	Kris	Nuttycombe	303-884-9954			kris@hylotech.com	$2a$10$auN9mhf3YPJqlsDpQQszKee3FvMmxMBr..NZyMV1ZwQSxke70Cs2G	$2a$10$auN9mhf3YPJqlsDpQQszKe	\N	\N	\N	34	2011-02-11 20:00:32.091245	2011-02-11 20:00:22.415525	98.245.88.239	98.245.88.239	2011-01-01 19:06:38.040379	2011-02-11 20:00:32.092195
\.


--
-- Name: address_books_pkey; Type: CONSTRAINT; Schema: public; Owner: pg_orders; Tablespace: 
--

ALTER TABLE ONLY address_books
    ADD CONSTRAINT address_books_pkey PRIMARY KEY (id);


--
-- Name: addresses_pkey; Type: CONSTRAINT; Schema: public; Owner: pg_orders; Tablespace: 
--

ALTER TABLE ONLY addresses
    ADD CONSTRAINT addresses_pkey PRIMARY KEY (id);


--
-- Name: franchisee_addresses_pkey; Type: CONSTRAINT; Schema: public; Owner: pg_orders; Tablespace: 
--

ALTER TABLE ONLY franchisee_addresses
    ADD CONSTRAINT franchisee_addresses_pkey PRIMARY KEY (id);


--
-- Name: franchisee_contacts_pkey; Type: CONSTRAINT; Schema: public; Owner: pg_orders; Tablespace: 
--

ALTER TABLE ONLY franchisee_contacts
    ADD CONSTRAINT franchisee_contacts_pkey PRIMARY KEY (id);


--
-- Name: franchisees_pkey; Type: CONSTRAINT; Schema: public; Owner: pg_orders; Tablespace: 
--

ALTER TABLE ONLY franchisees
    ADD CONSTRAINT franchisees_pkey PRIMARY KEY (id);


--
-- Name: item_component_properties_pkey; Type: CONSTRAINT; Schema: public; Owner: pg_orders; Tablespace: 
--

ALTER TABLE ONLY item_component_properties
    ADD CONSTRAINT item_component_properties_pkey PRIMARY KEY (id);


--
-- Name: item_components_pkey; Type: CONSTRAINT; Schema: public; Owner: pg_orders; Tablespace: 
--

ALTER TABLE ONLY item_components
    ADD CONSTRAINT item_components_pkey PRIMARY KEY (id);


--
-- Name: item_properties_pkey; Type: CONSTRAINT; Schema: public; Owner: pg_orders; Tablespace: 
--

ALTER TABLE ONLY item_properties
    ADD CONSTRAINT item_properties_pkey PRIMARY KEY (id);


--
-- Name: items_pkey; Type: CONSTRAINT; Schema: public; Owner: pg_orders; Tablespace: 
--

ALTER TABLE ONLY items
    ADD CONSTRAINT items_pkey PRIMARY KEY (id);


--
-- Name: job_item_properties_pkey; Type: CONSTRAINT; Schema: public; Owner: pg_orders; Tablespace: 
--

ALTER TABLE ONLY job_item_properties
    ADD CONSTRAINT job_item_properties_pkey PRIMARY KEY (id);


--
-- Name: job_items_pkey; Type: CONSTRAINT; Schema: public; Owner: pg_orders; Tablespace: 
--

ALTER TABLE ONLY job_items
    ADD CONSTRAINT job_items_pkey PRIMARY KEY (id);


--
-- Name: job_properties_pkey; Type: CONSTRAINT; Schema: public; Owner: pg_orders; Tablespace: 
--

ALTER TABLE ONLY job_properties
    ADD CONSTRAINT job_properties_pkey PRIMARY KEY (id);


--
-- Name: job_serial_numbers_pkey; Type: CONSTRAINT; Schema: public; Owner: pg_orders; Tablespace: 
--

ALTER TABLE ONLY job_serial_numbers
    ADD CONSTRAINT job_serial_numbers_pkey PRIMARY KEY (id);


--
-- Name: jobs_pkey; Type: CONSTRAINT; Schema: public; Owner: pg_orders; Tablespace: 
--

ALTER TABLE ONLY jobs
    ADD CONSTRAINT jobs_pkey PRIMARY KEY (id);


--
-- Name: properties_pkey; Type: CONSTRAINT; Schema: public; Owner: pg_orders; Tablespace: 
--

ALTER TABLE ONLY properties
    ADD CONSTRAINT properties_pkey PRIMARY KEY (id);


--
-- Name: property_values_pkey; Type: CONSTRAINT; Schema: public; Owner: pg_orders; Tablespace: 
--

ALTER TABLE ONLY property_values
    ADD CONSTRAINT property_values_pkey PRIMARY KEY (id);


--
-- Name: roles_pkey; Type: CONSTRAINT; Schema: public; Owner: pg_orders; Tablespace: 
--

ALTER TABLE ONLY roles
    ADD CONSTRAINT roles_pkey PRIMARY KEY (id);


--
-- Name: users_pkey; Type: CONSTRAINT; Schema: public; Owner: pg_orders; Tablespace: 
--

ALTER TABLE ONLY users
    ADD CONSTRAINT users_pkey PRIMARY KEY (id);


--
-- Name: index_users_on_email; Type: INDEX; Schema: public; Owner: pg_orders; Tablespace: 
--

CREATE UNIQUE INDEX index_users_on_email ON users USING btree (email);


--
-- Name: index_users_on_reset_password_token; Type: INDEX; Schema: public; Owner: pg_orders; Tablespace: 
--

CREATE UNIQUE INDEX index_users_on_reset_password_token ON users USING btree (reset_password_token);


--
-- Name: unique_schema_migrations; Type: INDEX; Schema: public; Owner: pg_orders; Tablespace: 
--

CREATE UNIQUE INDEX unique_schema_migrations ON schema_migrations USING btree (version);


--
-- Name: address_books_address_id_fkey; Type: FK CONSTRAINT; Schema: public; Owner: pg_orders
--

ALTER TABLE ONLY address_books
    ADD CONSTRAINT address_books_address_id_fkey FOREIGN KEY (address_id) REFERENCES addresses(id);


--
-- Name: address_books_user_id_fkey; Type: FK CONSTRAINT; Schema: public; Owner: pg_orders
--

ALTER TABLE ONLY address_books
    ADD CONSTRAINT address_books_user_id_fkey FOREIGN KEY (user_id) REFERENCES users(id);


--
-- Name: franchisee_addresses_address_id_fkey; Type: FK CONSTRAINT; Schema: public; Owner: pg_orders
--

ALTER TABLE ONLY franchisee_addresses
    ADD CONSTRAINT franchisee_addresses_address_id_fkey FOREIGN KEY (address_id) REFERENCES addresses(id);


--
-- Name: franchisee_addresses_franchisee_id_fkey; Type: FK CONSTRAINT; Schema: public; Owner: pg_orders
--

ALTER TABLE ONLY franchisee_addresses
    ADD CONSTRAINT franchisee_addresses_franchisee_id_fkey FOREIGN KEY (franchisee_id) REFERENCES franchisees(id);


--
-- Name: franchisee_contacts_franchisee_id_fkey; Type: FK CONSTRAINT; Schema: public; Owner: pg_orders
--

ALTER TABLE ONLY franchisee_contacts
    ADD CONSTRAINT franchisee_contacts_franchisee_id_fkey FOREIGN KEY (franchisee_id) REFERENCES franchisees(id);


--
-- Name: franchisee_contacts_user_id_fkey; Type: FK CONSTRAINT; Schema: public; Owner: pg_orders
--

ALTER TABLE ONLY franchisee_contacts
    ADD CONSTRAINT franchisee_contacts_user_id_fkey FOREIGN KEY (user_id) REFERENCES users(id);


--
-- Name: item_component_properties_item_component_id_fkey; Type: FK CONSTRAINT; Schema: public; Owner: pg_orders
--

ALTER TABLE ONLY item_component_properties
    ADD CONSTRAINT item_component_properties_item_component_id_fkey FOREIGN KEY (item_component_id) REFERENCES item_components(id);


--
-- Name: item_component_properties_property_id_fkey; Type: FK CONSTRAINT; Schema: public; Owner: pg_orders
--

ALTER TABLE ONLY item_component_properties
    ADD CONSTRAINT item_component_properties_property_id_fkey FOREIGN KEY (property_id) REFERENCES properties(id);


--
-- Name: item_components_component_id_fkey; Type: FK CONSTRAINT; Schema: public; Owner: pg_orders
--

ALTER TABLE ONLY item_components
    ADD CONSTRAINT item_components_component_id_fkey FOREIGN KEY (component_id) REFERENCES items(id);


--
-- Name: item_components_item_id_fkey; Type: FK CONSTRAINT; Schema: public; Owner: pg_orders
--

ALTER TABLE ONLY item_components
    ADD CONSTRAINT item_components_item_id_fkey FOREIGN KEY (item_id) REFERENCES items(id);


--
-- Name: item_properties_item_id_fkey; Type: FK CONSTRAINT; Schema: public; Owner: pg_orders
--

ALTER TABLE ONLY item_properties
    ADD CONSTRAINT item_properties_item_id_fkey FOREIGN KEY (item_id) REFERENCES items(id);


--
-- Name: item_properties_property_id_fkey; Type: FK CONSTRAINT; Schema: public; Owner: pg_orders
--

ALTER TABLE ONLY item_properties
    ADD CONSTRAINT item_properties_property_id_fkey FOREIGN KEY (property_id) REFERENCES properties(id);


--
-- Name: job_item_properties_job_item_id_fkey; Type: FK CONSTRAINT; Schema: public; Owner: pg_orders
--

ALTER TABLE ONLY job_item_properties
    ADD CONSTRAINT job_item_properties_job_item_id_fkey FOREIGN KEY (job_item_id) REFERENCES job_items(id);


--
-- Name: job_items_item_id_fkey; Type: FK CONSTRAINT; Schema: public; Owner: pg_orders
--

ALTER TABLE ONLY job_items
    ADD CONSTRAINT job_items_item_id_fkey FOREIGN KEY (item_id) REFERENCES items(id);


--
-- Name: job_items_job_id_fkey; Type: FK CONSTRAINT; Schema: public; Owner: pg_orders
--

ALTER TABLE ONLY job_items
    ADD CONSTRAINT job_items_job_id_fkey FOREIGN KEY (job_id) REFERENCES jobs(id);


--
-- Name: job_properties_job_id_fkey; Type: FK CONSTRAINT; Schema: public; Owner: pg_orders
--

ALTER TABLE ONLY job_properties
    ADD CONSTRAINT job_properties_job_id_fkey FOREIGN KEY (job_id) REFERENCES jobs(id);


--
-- Name: jobs_customer_id_fkey; Type: FK CONSTRAINT; Schema: public; Owner: pg_orders
--

ALTER TABLE ONLY jobs
    ADD CONSTRAINT jobs_customer_id_fkey FOREIGN KEY (customer_id) REFERENCES users(id);


--
-- Name: jobs_franchisee_id_fkey; Type: FK CONSTRAINT; Schema: public; Owner: pg_orders
--

ALTER TABLE ONLY jobs
    ADD CONSTRAINT jobs_franchisee_id_fkey FOREIGN KEY (franchisee_id) REFERENCES franchisees(id);


--
-- Name: jobs_placed_by_id_fkey; Type: FK CONSTRAINT; Schema: public; Owner: pg_orders
--

ALTER TABLE ONLY jobs
    ADD CONSTRAINT jobs_placed_by_id_fkey FOREIGN KEY (placed_by_id) REFERENCES users(id);


--
-- Name: jobs_primary_contact_id_fkey; Type: FK CONSTRAINT; Schema: public; Owner: pg_orders
--

ALTER TABLE ONLY jobs
    ADD CONSTRAINT jobs_primary_contact_id_fkey FOREIGN KEY (primary_contact_id) REFERENCES users(id);


--
-- Name: jobs_salesperson_id_fkey; Type: FK CONSTRAINT; Schema: public; Owner: pg_orders
--

ALTER TABLE ONLY jobs
    ADD CONSTRAINT jobs_salesperson_id_fkey FOREIGN KEY (salesperson_id) REFERENCES users(id);


--
-- Name: jobs_shipping_address_id_fkey; Type: FK CONSTRAINT; Schema: public; Owner: pg_orders
--

ALTER TABLE ONLY jobs
    ADD CONSTRAINT jobs_shipping_address_id_fkey FOREIGN KEY (shipping_address_id) REFERENCES addresses(id);


--
-- Name: property_value_selection_property_id_fkey; Type: FK CONSTRAINT; Schema: public; Owner: pg_orders
--

ALTER TABLE ONLY property_value_selection
    ADD CONSTRAINT property_value_selection_property_id_fkey FOREIGN KEY (property_id) REFERENCES properties(id);


--
-- Name: property_value_selection_property_value_id_fkey; Type: FK CONSTRAINT; Schema: public; Owner: pg_orders
--

ALTER TABLE ONLY property_value_selection
    ADD CONSTRAINT property_value_selection_property_value_id_fkey FOREIGN KEY (property_value_id) REFERENCES property_values(id);


--
-- Name: user_roles_role_id_fkey; Type: FK CONSTRAINT; Schema: public; Owner: pg_orders
--

ALTER TABLE ONLY user_roles
    ADD CONSTRAINT user_roles_role_id_fkey FOREIGN KEY (role_id) REFERENCES roles(id);


--
-- Name: user_roles_user_id_fkey; Type: FK CONSTRAINT; Schema: public; Owner: pg_orders
--

ALTER TABLE ONLY user_roles
    ADD CONSTRAINT user_roles_user_id_fkey FOREIGN KEY (user_id) REFERENCES users(id);


--
-- Name: public; Type: ACL; Schema: -; Owner: postgres
--

REVOKE ALL ON SCHEMA public FROM PUBLIC;
REVOKE ALL ON SCHEMA public FROM postgres;
GRANT ALL ON SCHEMA public TO postgres;
GRANT ALL ON SCHEMA public TO PUBLIC;


--
-- PostgreSQL database dump complete
--

